<?xml version="1.0" encoding="UTF-8"?>

<AuditEvent xmlns="http://hl7.org/fhir">
  <id value="example-rest"/>
  <text>
    <status value="generated"/>
    <div xmlns="http://www.w3.org/1999/xhtml">
      <p>
        <b>Generated Narrative with Details</b>
      </p>
      <h3>Events</h3>
      <table class="grid">
        <tr>
          <td>
            <b>Id</b>
          </td>
          <td>
            <b>Type</b>
          </td>
          <td>
            <b>Subtype</b>
          </td>
          <td>
            <b>Action</b>
          </td>
          <td>
            <b>DateTime</b>
          </td>
          <td>
            <b>Outcome</b>
          </td>
          <td>
            <b>OutcomeDesc</b>
          </td>
        </tr>
        <tr>
          <td> </td>
          <td>Restful Operation 
            <span style="background: LightGoldenRodYellow ">(Details : {http://hl7.org/fhir/audit-event-type code &#39;rest&#39; = &#39;RESTful Operation&#39;, given as &#39;Restful Operation&#39;})</span>
          </td>
          <td>vread 
            <span style="background: LightGoldenRodYellow ">(Details : {http://hl7.org/fhir/restful-interaction code &#39;vread&#39; = &#39;vread&#39;, given as &#39;vread&#39;})</span>
          </td>
          <td>R</td>
          <td>Jun 20, 2013 11:42:24 PM</td>
          <td>_0</td>
          <td> </td>
        </tr>
      </table>
      <blockquote>
        <p>
          <b>participant</b>
        </p>
        <p>
          <b>userId</b>: 95
        </p>
        <p>
          <b>altId</b>: 601847123
        </p>
        <p>
          <b>name</b>: Grahame Grieve
        </p>
        <p>
          <b>requestor</b>: true
        </p>
      </blockquote>
      <h3>Sources</h3>
      <table class="grid">
        <tr>
          <td>
            <b>Id</b>
          </td>
          <td>
            <b>Site</b>
          </td>
          <td>
            <b>Identifier</b>
          </td>
          <td>
            <b>Type</b>
          </td>
        </tr>
        <tr>
          <td> </td>
          <td>Cloud</td>
          <td>hl7connect.healthintersections.com.au</td>
          <td>Web Server (Details: http://hl7.org/fhir/security-source-type code 3 = &#39;Web Server&#39;, stated as &#39;Web Server&#39;)</td>
        </tr>
      </table>
      <blockquote>
        <p>
          <b>object</b>
        </p>
        <p>
          <b>reference</b>: 
          <a href="Patient/example/_history/1">Patient/example/_history/1</a>
        </p>
        <p>
          <b>type</b>: _2
        </p>
        <p>
          <b>lifecycle</b>: _6
        </p>
      </blockquote>
    </div>
  </text>
  <event>
    <type>
      <coding>
        <system value="http://hl7.org/fhir/audit-event-type"/>
        <code value="rest"/>
        <display value="Restful Operation"/>
      </coding>
    </type>
    <subtype>
      <coding>
        <system value="http://hl7.org/fhir/restful-interaction"/>
        <code value="vread"/>
        <display value="vread"/>
      </coding>
    </subtype>
    <action value="R"/>
    <dateTime value="2013-06-20T23:42:24Z"/>
    <outcome value="0"/>
  </event>
  <participant>
    <userId value="95"/>
    <altId value="601847123"/>
    <name value="Grahame Grieve"/>
    <requestor value="true"/>
  </participant>
  <source>
    <site value="Cloud"/>
    <identifier value="hl7connect.healthintersections.com.au"/>
    <type>
      <system value="http://hl7.org/fhir/security-source-type"/>
      <code value="3"/>
      <display value="Web Server"/>
    </type>
  </source>
  <object>
    <reference>
      <reference value="Patient/example/_history/1"/>
    </reference>
    <type value="2"/>
    <lifecycle value="6"/>
  </object>
</AuditEvent>