<?xml version="1.0" encoding="UTF-8"?>

<CarePlan xmlns="http://hl7.org/fhir">
  <id value="f003"/>
  <text>
    <status value="generated"/>
    <div xmlns="http://www.w3.org/1999/xhtml">
      <p>
        <b>Generated Narrative with Details</b>
      </p>
      <p>
        <b>identifier</b>: CP3953 (OFFICIAL)
      </p>
      <p>
        <b>patient</b>: 
        <a href="Patient/f001">P. van de Heuvel. Generated Summary: 738472983 (USUAL), ?? (USUAL); Pieter van de Heuvel ; ph: 0648352638(MOBILE), p.heuvel@gmail.com(HOME); MALE; birthDate: Nov 17, 1944; 
          <span title="Codes: {http://hl7.org/fhir/v3/MaritalStatus M}">Getrouwd</span>; multipleBirth; active
        </a>
      </p>
      <p>
        <b>status</b>: COMPLETED
      </p>
      <p>
        <b>period</b>: Mar 8, 2013 8:00:10 AM --&gt; Mar 8, 2013 8:30:10 AM
      </p>
      <p>
        <b>modified</b>: Jun 27, 2013 8:30:10 AM
      </p>
      <p>
        <b>concern</b>: 
        <a href="Condition/f201">?????. Generated Summary: ????; dateAsserted: Apr 4, 2013; 
          <span title="Codes: {http://snomed.info/sct 386661006}">Fever</span>; 
          <span title="Codes: {http://snomed.info/sct 55607006}, {http://hl7.org/fhir/condition-category condition}">Problem</span>; CONFIRMED; 
          <span title="Codes: {http://snomed.info/sct 255604002}">Mild</span>; onset: Apr 2, 2013
        </a>
      </p>
      <h3>Participants</h3>
      <table class="grid">
        <tr>
          <td>
            <b>Id</b>
          </td>
          <td>
            <b>Role</b>
          </td>
          <td>
            <b>Member</b>
          </td>
        </tr>
        <tr>
          <td> </td>
          <td> </td>
          <td>
            <a href="Practitioner/f001">E.M. van den broek. Generated Summary: 938273695 (OFFICIAL), 129IDH4OP733 (USUAL); Eric van den broek (OFFICIAL); ph: 0205568263(WORK), E.M.vandenbroek@bmc.nl(WORK), fax: 0205664440(WORK); MALE; birthDate: Dec 7, 1975</a>
          </td>
        </tr>
      </table>
      <h3>Goals</h3>
      <table class="grid">
        <tr>
          <td>
            <b>Id</b>
          </td>
          <td>
            <b>Description</b>
          </td>
          <td>
            <b>Status</b>
          </td>
          <td>
            <b>Notes</b>
          </td>
          <td>
            <b>Concern</b>
          </td>
        </tr>
        <tr>
          <td> </td>
          <td>Retropharyngeal abscess removal</td>
          <td>ACHIEVED</td>
          <td>goal accomplished without complications</td>
          <td> </td>
        </tr>
      </table>
      <blockquote>
        <p>
          <b>activity</b>
        </p>
        <p>
          <b>status</b>: COMPLETED
        </p>
        <p>
          <b>prohibited</b>: true
        </p>
        <h3>Simples</h3>
        <table class="grid">
          <tr>
            <td>
              <b>Id</b>
            </td>
            <td>
              <b>Category</b>
            </td>
            <td>
              <b>Code</b>
            </td>
            <td>
              <b>Scheduled[x]</b>
            </td>
            <td>
              <b>Location</b>
            </td>
            <td>
              <b>Performer</b>
            </td>
            <td>
              <b>Product</b>
            </td>
            <td>
              <b>DailyAmount</b>
            </td>
            <td>
              <b>Quantity</b>
            </td>
            <td>
              <b>Details</b>
            </td>
          </tr>
          <tr>
            <td> </td>
            <td>PROCEDURE</td>
            <td>Incision of retropharyngeal abscess 
              <span style="background: LightGoldenRodYellow ">(Details : {SNOMED CT code &#39;172960003&#39; = &#39;Incision of retropharyngeal abscess&#39;, given as &#39;Incision of retropharyngeal abscess&#39;})</span>
            </td>
            <td>2011-06-27T09:30:10+01:00</td>
            <td> </td>
            <td>
              <a href="Practitioner/f001">E.M. van den broek. Generated Summary: 938273695 (OFFICIAL), 129IDH4OP733 (USUAL); Eric van den broek (OFFICIAL); ph: 0205568263(WORK), E.M.vandenbroek@bmc.nl(WORK), fax: 0205664440(WORK); MALE; birthDate: Dec 7, 1975</a>
            </td>
            <td> </td>
            <td> </td>
            <td> </td>
            <td> </td>
          </tr>
        </table>
      </blockquote>
    </div>
  </text>
  <identifier>
    <use value="official"/><!--   urn:oid:2.16.840.1.113883.4.642.1.36   -->
    <system value="http://www.bmc.nl/zorgportal/identifiers/careplans"/>
    <value value="CP3953"/>
  </identifier>
  <patient>
    <reference value="Patient/f001"/>
    <display value="P. van de Heuvel"/>
  </patient>
  <status value="completed"/><!--   urn:oid:2.16.840.1.113883.4.642.1.36   -->
  <period>
    <start value="2013-03-08T09:00:10+01:00"/>
    <end value="2013-03-08T09:30:10+01:00"/>
  </period>
  <modified value="2013-06-27T09:30:10+01:00"/>
  <concern>
    <reference value="Condition/f201"/><!--  TODO Correcte referentie  -->
    <display value="?????"/>
  </concern>
  <participant>
    <member>
      <reference value="Practitioner/f001"/>
      <display value="E.M. van den broek"/>
    </member>
  </participant>
  <goal>
    <description value="Retropharyngeal abscess removal"/>
    <status value="achieved"/><!--   urn:oid:2.16.840.1.113883.4.642.1.38   -->
    <notes value="goal accomplished without complications"/>
  </goal>
  <activity>
    <status value="completed"/>
    <prohibited value="true"/>
    <simple>
      <category value="procedure"/><!--   urn:oid:2.16.840.1.113883.4.642.1.39   -->
      <code>
        <coding>
          <system value="http://snomed.info/sct"/>
          <code value="172960003"/>
          <display value="Incision of retropharyngeal abscess"/>
        </coding>
      </code>
      <scheduledString value="2011-06-27T09:30:10+01:00"/>
      <performer>
        <reference value="Practitioner/f001"/>
        <display value="E.M. van den broek"/>
      </performer>
    </simple>
  </activity>
</CarePlan>