<?xml version="1.0" encoding="UTF-8"?>

<StructureDefinition xmlns="http://hl7.org/fhir">
  <id value="ContactPoint"/>
  <text>
    <status value="generated"/>
    <div xmlns="http://www.w3.org/1999/xhtml">
      <table style="border: 0px; font-size: 11px; font-family: verdana; vertical-align: top;" cellpadding="0" border="0" cellspacing="0">
        <tr style="border: 1px #F0F0F0 solid; font-size: 11px; font-family: verdana; vertical-align: top;">
          <th style="vertical-align: top; text-align : left; padding:0px 4px 0px 4px" class="heirarchy">
            <a title="The logical name of the element" href="formats.html#table">Name</a>
          </th>
          <th style="vertical-align: top; text-align : left; padding:0px 4px 0px 4px" class="heirarchy">
            <a title="Information about the use of the element" href="formats.html#table">Flags</a>
          </th>
          <th style="vertical-align: top; text-align : left; padding:0px 4px 0px 4px" class="heirarchy">
            <a title="Minimum and Maximum # of times the the element can appear in the instance" href="formats.html#table">Card.</a>
          </th>
          <th style="width: 100px" class="heirarchy">
            <a title="Reference to the type of the element" href="formats.html#table">Type</a>
          </th>
          <th style="vertical-align: top; text-align : left; padding:0px 4px 0px 4px" class="heirarchy">
            <a title="Additional information about the element" href="formats.html#table">Description &amp; Constraints</a>
            <span style="float: right">
              <a title="Legend for this format" href="formats.html#table">
                <img alt="doco" src="help16.png"/>
              </a>
            </span>
          </th>
        </tr>
        <tr style="border: 0px; padding:0px; vertical-align: top; background-color: white;">
          <td style="vertical-align: top; text-align : left; padding:0px 4px 0px 4px; white-space: nowrap; background-image: url(data: image/png;base64,iVBORw0KGgoAAAANSUhEUgAAAZAAAAACAQAAAABeHbedAAAAEklEQVR42mP4//0/iYDhP8kAANZ3Y5Ucw2ZoAAAAAElFTkSuQmCC)" class="heirarchy">
            <img alt="." class="heirarchy" src="data: image/png;base64,"/>
            <img title="Element" style="background-color: white;" alt="." class="heirarchy" src="data: image/png;base64,"/> 
            <a title="ContactPoint : Details for All kinds of technology mediated contact points for a person or organization, including telephone, email, etc." href="datatypes-definitions.html#ContactPoint">ContactPoint</a>
            <a name="ContactPoint"> </a>
          </td>
          <td style="vertical-align: top; text-align : left; padding:0px 4px 0px 4px" class="heirarchy">
            <span title="This element has or is affected by some invariants">I</span>
          </td>
          <td style="vertical-align: top; text-align : left; padding:0px 4px 0px 4px" class="heirarchy"></td>
          <td style="vertical-align: top; text-align : left; padding:0px 4px 0px 4px" class="heirarchy">
            <a href="element.html">Element</a>
          </td>
          <td style="vertical-align: top; text-align : left; padding:0px 4px 0px 4px" class="heirarchy">Details of a Technology mediated contact point (phone, fax, email, etc)
            <br/>
            <span title="cpt-2" style="font-style: italic">A system is required if a value is provided.</span>
          </td>
        </tr>

        <tr style="border: 0px; padding:0px; vertical-align: top; background-color: white;">
          <td style="vertical-align: top; text-align : left; padding:0px 4px 0px 4px; white-space: nowrap; background-image: url(data: image/png;base64,iVBORw0KGgoAAAANSUhEUgAAAZAAAAACAQAAAABeHbedAAAAEklEQVR42mP4//0/iYDhP8kAANZ3Y5Ucw2ZoAAAAAElFTkSuQmCC)" class="heirarchy">
            <img alt="." class="heirarchy" src="data: image/png;base64,"/>
            <img alt="." class="heirarchy" src="data: image/png;base64,"/>
            <img title="Primitive Data Type" style="background-color: white;" alt="." class="heirarchy" src="data: image/png;base64,"/> 
            <a title="ContactPoint.system : Telecommunications form for contact point - what communications system is required to make use of the contact." href="datatypes-definitions.html#ContactPoint.system">system</a>
            <a name="ContactPoint.system"> </a>
          </td>
          <td style="vertical-align: top; text-align : left; padding:0px 4px 0px 4px" class="heirarchy">
            <span title="This element has or is affected by some invariants">I</span>
          </td>
          <td style="vertical-align: top; text-align : left; padding:0px 4px 0px 4px" class="heirarchy">0..1</td>
          <td style="vertical-align: top; text-align : left; padding:0px 4px 0px 4px" class="heirarchy">
            <a href="datatypes.html#code">code</a>
          </td>
          <td style="vertical-align: top; text-align : left; padding:0px 4px 0px 4px" class="heirarchy">phone | fax | email | url
            <br/>
            <a title="Telecommunications form for contact point" href="contact-point-system.html">ContactPointSystem</a> (
            <a title="To be conformant, instances of this element SHALL include a code from the specified value set." href="terminologies.html#required">Required</a>)
          </td>
        </tr>

        <tr style="border: 0px; padding:0px; vertical-align: top; background-color: white;">
          <td style="vertical-align: top; text-align : left; padding:0px 4px 0px 4px; white-space: nowrap; background-image: url(data: image/png;base64,iVBORw0KGgoAAAANSUhEUgAAAZAAAAACAQAAAABeHbedAAAAEklEQVR42mP4//0/iYDhP8kAANZ3Y5Ucw2ZoAAAAAElFTkSuQmCC)" class="heirarchy">
            <img alt="." class="heirarchy" src="data: image/png;base64,"/>
            <img alt="." class="heirarchy" src="data: image/png;base64,"/>
            <img title="Primitive Data Type" style="background-color: white;" alt="." class="heirarchy" src="data: image/png;base64,"/> 
            <a title="ContactPoint.value : The actual contact point details, in a form that is meaningful to the designated communication system (i.e. phone number or email address)." href="datatypes-definitions.html#ContactPoint.value">value</a>
            <a name="ContactPoint.value"> </a>
          </td>
          <td style="vertical-align: top; text-align : left; padding:0px 4px 0px 4px" class="heirarchy"/>
          <td style="vertical-align: top; text-align : left; padding:0px 4px 0px 4px" class="heirarchy">0..1</td>
          <td style="vertical-align: top; text-align : left; padding:0px 4px 0px 4px" class="heirarchy">
            <a href="datatypes.html#string">string</a>
          </td>
          <td style="vertical-align: top; text-align : left; padding:0px 4px 0px 4px" class="heirarchy">The actual contact point details</td>
        </tr>

        <tr style="border: 0px; padding:0px; vertical-align: top; background-color: white;">
          <td style="vertical-align: top; text-align : left; padding:0px 4px 0px 4px; white-space: nowrap; background-image: url(data: image/png;base64,iVBORw0KGgoAAAANSUhEUgAAAZAAAAACAQAAAABeHbedAAAAEklEQVR42mP4//0/iYDhP8kAANZ3Y5Ucw2ZoAAAAAElFTkSuQmCC)" class="heirarchy">
            <img alt="." class="heirarchy" src="data: image/png;base64,"/>
            <img alt="." class="heirarchy" src="data: image/png;base64,"/>
            <img title="Primitive Data Type" style="background-color: white;" alt="." class="heirarchy" src="data: image/png;base64,"/> 
            <a title="ContactPoint.use : Identifies the purpose for the contact point." href="datatypes-definitions.html#ContactPoint.use">use</a>
            <a name="ContactPoint.use"> </a>
          </td>
          <td style="vertical-align: top; text-align : left; padding:0px 4px 0px 4px" class="heirarchy">
            <span title="This element is a modifier element">?!</span>
          </td>
          <td style="vertical-align: top; text-align : left; padding:0px 4px 0px 4px" class="heirarchy">0..1</td>
          <td style="vertical-align: top; text-align : left; padding:0px 4px 0px 4px" class="heirarchy">
            <a href="datatypes.html#code">code</a>
          </td>
          <td style="vertical-align: top; text-align : left; padding:0px 4px 0px 4px" class="heirarchy">home | work | temp | old | mobile - purpose of this contact point
            <br/>
            <a title="Use of contact point" href="contact-point-use.html">ContactPointUse</a> (
            <a title="To be conformant, instances of this element SHALL include a code from the specified value set." href="terminologies.html#required">Required</a>)
          </td>
        </tr>

        <tr style="border: 0px; padding:0px; vertical-align: top; background-color: white;">
          <td style="vertical-align: top; text-align : left; padding:0px 4px 0px 4px; white-space: nowrap; background-image: url(data: image/png;base64,iVBORw0KGgoAAAANSUhEUgAAAZAAAAACAQAAAABeHbedAAAAD0lEQVR42mP4TzJgIF0LANmXY523xFiMAAAAAElFTkSuQmCC)" class="heirarchy">
            <img alt="." class="heirarchy" src="data: image/png;base64,"/>
            <img alt="." class="heirarchy" src="data: image/png;base64,"/>
            <img title="Data Type" style="background-color: white;" alt="." class="heirarchy" src="data: image/png;base64,"/> 
            <a title="ContactPoint.period : Time period when the contact point was/is in use." href="datatypes-definitions.html#ContactPoint.period">period</a>
            <a name="ContactPoint.period"> </a>
          </td>
          <td style="vertical-align: top; text-align : left; padding:0px 4px 0px 4px" class="heirarchy"/>
          <td style="vertical-align: top; text-align : left; padding:0px 4px 0px 4px" class="heirarchy">0..1</td>
          <td style="vertical-align: top; text-align : left; padding:0px 4px 0px 4px" class="heirarchy">
            <a href="datatypes.html#Period">Period</a>
          </td>
          <td style="vertical-align: top; text-align : left; padding:0px 4px 0px 4px" class="heirarchy">Time period when the contact point was/is in use</td>
        </tr>

      </table>
    </div>
  </text>
  <url value="http://hl7.org/fhir/StructureDefinition/ContactPoint"/>
  <name value="ContactPoint"/>
  <publisher value="HL7 FHIR Standard"/>
  <contact>
    <telecom>
      <system value="url"/>
      <value value="http://hl7.org/fhir"/>
    </telecom>
  </contact>
  <description value="Base StructureDefinition for ContactPoint Resource"/>
  <requirements value="Need to track phone, fax, mobile, sms numbers, email addresses, twitter tags, etc."/>
  <status value="draft"/>
  <date value="2015-03-23T23:56:59+00:00"/>
  <mapping>
    <identity value="v2"/>
    <uri value="http://hl7.org/v2"/>
    <name value="HL7 v2"/>
  </mapping>
  <mapping>
    <identity value="rim"/>
    <uri value="http://hl7.org/v3"/>
    <name value="RIM"/>
  </mapping>
  <mapping>
    <identity value="servd"/>
    <uri value="http://www.omg.org/spec/ServD/1.0/"/>
    <name value="ServD"/>
  </mapping>
  <type value="type"/>
  <abstract value="false"/>
  <base value="http://hl7.org/fhir/StructureDefinition/Element"/>
  <snapshot>
    <element>
      <path value="ContactPoint"/>
      <short value="Details of a Technology mediated contact point (phone, fax, email, etc)"/>
      <definition value="Details for All kinds of technology mediated contact points for a person or organization, including telephone, email, etc."/>
      <requirements value="Need to track phone, fax, mobile, sms numbers, email addresses, twitter tags, etc."/>
      <min value="1"/>
      <max value="1"/>
      <type>
        <code value="ContactPoint"/>
      </type>
      <constraint>
        <key value="cpt-2"/>
        <name value="System is required"/>
        <severity value="error"/>
        <human value="A system is required if a value is provided."/>
        <xpath value="not(exists(f:value)) or exists(f:system)"/>
      </constraint>
      <mapping>
        <identity value="v2"/>
        <map value="XTN"/>
      </mapping>
      <mapping>
        <identity value="rim"/>
        <map value="TEL"/>
      </mapping>
      <mapping>
        <identity value="servd"/>
        <map value="ContactPoint"/>
      </mapping>
    </element>
    <element>
      <path value="ContactPoint.id"/>
      <representation value="xmlAttr"/>
      <short value="xml:id (or equivalent in JSON)"/>
      <definition value="unique id for the element within a resource (for internal references)."/>
      <min value="0"/>
      <max value="1"/>
      <type>
        <code value="id"/>
      </type>
      <mapping>
        <identity value="rim"/>
        <map value="n/a"/>
      </mapping>
    </element>
    <element>
      <path value="ContactPoint.extension"/>
      <short value="Additional Content defined by implementations"/>
      <definition value="May be used to represent additional information that is not part of the basic definition of the element. In order to make the use of extensions safe and manageable, there is a strict set of governance  applied to the definition and use of extensions. Though any implementer is allowed to define an extension, there is a set of requirements that SHALL be met as part of the definition of the extension."/>
      <comments value="There can be no stigma associated with the use of extensions by any application, project, or standard - regardless of the institution or jurisdiction that uses or defines the extensions.  The use of extensions is what allows the FHIR specification to retain a core level of simplicity for everyone."/>
      <alias value="extensions"/>
      <alias value="user content"/>
      <min value="0"/>
      <max value="*"/>
      <type>
        <code value="Extension"/>
      </type>
      <mapping>
        <identity value="rim"/>
        <map value="n/a"/>
      </mapping>
    </element>
    <element>
      <path value="ContactPoint.system"/>
      <short value="phone | fax | email | url"/>
      <definition value="Telecommunications form for contact point - what communications system is required to make use of the contact."/>
      <min value="0"/>
      <max value="1"/>
      <type>
        <code value="code"/>
      </type>
      <condition value="cpt-2"/>
      <binding>
        <name value="ContactPointSystem"/>
        <strength value="required"/>
        <description value="Telecommunications form for contact point"/>
        <valueSetReference>
          <reference value="http://hl7.org/fhir/vs/contact-point-system"/>
        </valueSetReference>
      </binding>
      <mapping>
        <identity value="v2"/>
        <map value="XTN.3"/>
      </mapping>
      <mapping>
        <identity value="rim"/>
        <map value="./scheme"/>
      </mapping>
      <mapping>
        <identity value="servd"/>
        <map value="./ContactPointType"/>
      </mapping>
    </element>
    <element>
      <path value="ContactPoint.value"/>
      <short value="The actual contact point details"/>
      <definition value="The actual contact point details, in a form that is meaningful to the designated communication system (i.e. phone number or email address)."/>
      <comments value="Additional out of band data such as extensions, or notes about use of the contact are sometimes included in the value."/>
      <requirements value="Need to support legacy numbers that are not in a tightly controlled format."/>
      <min value="0"/>
      <max value="1"/>
      <type>
        <code value="string"/>
      </type>
      <mapping>
        <identity value="v2"/>
        <map value="XTN.1 (or XTN.12)"/>
      </mapping>
      <mapping>
        <identity value="rim"/>
        <map value="./url"/>
      </mapping>
      <mapping>
        <identity value="servd"/>
        <map value="./Value"/>
      </mapping>
    </element>
    <element>
      <path value="ContactPoint.use"/>
      <short value="home | work | temp | old | mobile - purpose of this contact point"/>
      <definition value="Identifies the purpose for the contact point."/>
      <comments value="This is labeled as &quot;Is Modifier&quot; because applications should not mistake a temporary or old contact etc for a current/permanent one. Applications can assume that a contact is current unless it explicitly says that it is temporary or old."/>
      <requirements value="Need to track the way a person uses this contact, so a user can choose which is appropriate for their purpose."/>
      <min value="0"/>
      <max value="1"/>
      <type>
        <code value="code"/>
      </type>
      <isModifier value="true"/>
      <binding>
        <name value="ContactPointUse"/>
        <strength value="required"/>
        <description value="Use of contact point"/>
        <valueSetReference>
          <reference value="http://hl7.org/fhir/vs/contact-point-use"/>
        </valueSetReference>
      </binding>
      <mapping>
        <identity value="v2"/>
        <map value="XTN.2 - but often indicated by field"/>
      </mapping>
      <mapping>
        <identity value="rim"/>
        <map value="unique(./use)"/>
      </mapping>
      <mapping>
        <identity value="servd"/>
        <map value="./ContactPointPurpose"/>
      </mapping>
    </element>
    <element>
      <path value="ContactPoint.period"/>
      <short value="Time period when the contact point was/is in use"/>
      <definition value="Time period when the contact point was/is in use."/>
      <min value="0"/>
      <max value="1"/>
      <type>
        <code value="Period"/>
      </type>
      <mapping>
        <identity value="v2"/>
        <map value="N/A"/>
      </mapping>
      <mapping>
        <identity value="rim"/>
        <map value="./useablePeriod[type=&quot;IVL&lt;TS&gt;&quot;]"/>
      </mapping>
      <mapping>
        <identity value="servd"/>
        <map value="./StartDate and ./EndDate"/>
      </mapping>
    </element>
  </snapshot>
  <differential>
    <element>
      <path value="ContactPoint"/>
      <short value="Details of a Technology mediated contact point (phone, fax, email, etc)"/>
      <definition value="Details for All kinds of technology mediated contact points for a person or organization, including telephone, email, etc."/>
      <requirements value="Need to track phone, fax, mobile, sms numbers, email addresses, twitter tags, etc."/>
      <min value="1"/>
      <max value="1"/>
      <type>
        <code value="Element"/>
      </type>
      <constraint>
        <key value="cpt-2"/>
        <name value="System is required"/>
        <severity value="error"/>
        <human value="A system is required if a value is provided."/>
        <xpath value="not(exists(f:value)) or exists(f:system)"/>
      </constraint>
      <mapping>
        <identity value="v2"/>
        <map value="XTN"/>
      </mapping>
      <mapping>
        <identity value="rim"/>
        <map value="TEL"/>
      </mapping>
      <mapping>
        <identity value="servd"/>
        <map value="ContactPoint"/>
      </mapping>
    </element>
    <element>
      <path value="ContactPoint.system"/>
      <short value="phone | fax | email | url"/>
      <definition value="Telecommunications form for contact point - what communications system is required to make use of the contact."/>
      <min value="0"/>
      <max value="1"/>
      <type>
        <code value="code"/>
      </type>
      <condition value="cpt-2"/>
      <binding>
        <name value="ContactPointSystem"/>
        <strength value="required"/>
        <description value="Telecommunications form for contact point"/>
        <valueSetReference>
          <reference value="http://hl7.org/fhir/vs/contact-point-system"/>
        </valueSetReference>
      </binding>
      <mapping>
        <identity value="v2"/>
        <map value="XTN.3"/>
      </mapping>
      <mapping>
        <identity value="rim"/>
        <map value="./scheme"/>
      </mapping>
      <mapping>
        <identity value="servd"/>
        <map value="./ContactPointType"/>
      </mapping>
    </element>
    <element>
      <path value="ContactPoint.value"/>
      <short value="The actual contact point details"/>
      <definition value="The actual contact point details, in a form that is meaningful to the designated communication system (i.e. phone number or email address)."/>
      <comments value="Additional out of band data such as extensions, or notes about use of the contact are sometimes included in the value."/>
      <requirements value="Need to support legacy numbers that are not in a tightly controlled format."/>
      <min value="0"/>
      <max value="1"/>
      <type>
        <code value="string"/>
      </type>
      <mapping>
        <identity value="v2"/>
        <map value="XTN.1 (or XTN.12)"/>
      </mapping>
      <mapping>
        <identity value="rim"/>
        <map value="./url"/>
      </mapping>
      <mapping>
        <identity value="servd"/>
        <map value="./Value"/>
      </mapping>
    </element>
    <element>
      <path value="ContactPoint.use"/>
      <short value="home | work | temp | old | mobile - purpose of this contact point"/>
      <definition value="Identifies the purpose for the contact point."/>
      <comments value="This is labeled as &quot;Is Modifier&quot; because applications should not mistake a temporary or old contact etc for a current/permanent one. Applications can assume that a contact is current unless it explicitly says that it is temporary or old."/>
      <requirements value="Need to track the way a person uses this contact, so a user can choose which is appropriate for their purpose."/>
      <min value="0"/>
      <max value="1"/>
      <type>
        <code value="code"/>
      </type>
      <isModifier value="true"/>
      <binding>
        <name value="ContactPointUse"/>
        <strength value="required"/>
        <description value="Use of contact point"/>
        <valueSetReference>
          <reference value="http://hl7.org/fhir/vs/contact-point-use"/>
        </valueSetReference>
      </binding>
      <mapping>
        <identity value="v2"/>
        <map value="XTN.2 - but often indicated by field"/>
      </mapping>
      <mapping>
        <identity value="rim"/>
        <map value="unique(./use)"/>
      </mapping>
      <mapping>
        <identity value="servd"/>
        <map value="./ContactPointPurpose"/>
      </mapping>
    </element>
    <element>
      <path value="ContactPoint.period"/>
      <short value="Time period when the contact point was/is in use"/>
      <definition value="Time period when the contact point was/is in use."/>
      <min value="0"/>
      <max value="1"/>
      <type>
        <code value="Period"/>
      </type>
      <mapping>
        <identity value="v2"/>
        <map value="N/A"/>
      </mapping>
      <mapping>
        <identity value="rim"/>
        <map value="./useablePeriod[type=&quot;IVL&lt;TS&gt;&quot;]"/>
      </mapping>
      <mapping>
        <identity value="servd"/>
        <map value="./StartDate and ./EndDate"/>
      </mapping>
    </element>
  </differential>
</StructureDefinition>