<?xml version="1.0" encoding="UTF-8"?>

<StructureDefinition xmlns="http://hl7.org/fhir">
  <id value="dateTime"/>
  <text>
    <status value="generated"/>
    <div xmlns="http://www.w3.org/1999/xhtml">to do</div>
  </text>
  <url value="http://hl7.org/fhir/StructureDefinition/dateTime"/>
  <name value="dateTime"/>
  <publisher value="HL7 FHIR Standard"/>
  <contact>
    <telecom>
      <system value="url"/>
      <value value="http://hl7.org/fhir"/>
    </telecom>
  </contact>
  <description value="Base StructureDefinition for dateTime Resource: A date, date-time or partial date (e.g. just year or year + month).  If hours and minutes are specified, a time zone SHALL be populated. The format is a union of the schema types gYear, gYearMonth, date and dateTime. Seconds must be provided due to schema type constraints but may be zero-filled and may be ignored.  Dates SHALL be valid dates."/>
  <status value="draft"/>
  <date value="2015-03-23T23:56:59+00:00"/>
  <type value="type"/>
  <abstract value="false"/>
  <base value="http://hl7.org/fhir/StructureDefinition/Element"/>
  <snapshot>
    <element>
      <path value="dateTime"/>
      <short value="Primitive Type dateTime"/>
      <definition value="A date, date-time or partial date (e.g. just year or year + month).  If hours and minutes are specified, a time zone SHALL be populated. The format is a union of the schema types gYear, gYearMonth, date and dateTime. Seconds must be provided due to schema type constraints but may be zero-filled and may be ignored.  Dates SHALL be valid dates."/>
      <min value="0"/>
      <max value="*"/>
      <type>
        <code value="dateTime"/>
      </type>
    </element>
    <element>
      <path value="dateTime.extension"/>
      <short value="Additional Content defined by implementations"/>
      <definition value="May be used to represent additional information that is not part of the basic definition of the resource. In order to make the use of extensions safe and manageable, there is a strict set of governance  applied to the definition and use of extensions. Though any implementer is allowed to define an extension, there is a set of requirements that SHALL be met as part of the definition of the extension."/>
      <comments value="There can be no stigma associated with the use of extensions by any application, project, or standard - regardless of the institution or jurisdiction that uses or defines the extensions.  The use of extensions is what allows the FHIR specification to retain a core level of simplicity for everyone."/>
      <alias value="extensions"/>
      <alias value="user content"/>
      <min value="0"/>
      <max value="*"/>
      <type>
        <code value="Extension"/>
      </type>
    </element>
    <element>
      <path value="value"/>
      <representation value="xmlAttr"/>
      <short value="Primitive value for dateTime"/>
      <definition value="The actual value"/>
      <min value="0"/>
      <max value="1"/>
      <type>
        <code value="xs:xs:gYear, xs:gYearMonth, xs:date, xs:dateTime"/>
      </type>
    </element>
  </snapshot>
  <differential>
    <element>
      <path value="dateTime"/>
      <short value="Primitive Type dateTime"/>
      <definition value="A date, date-time or partial date (e.g. just year or year + month).  If hours and minutes are specified, a time zone SHALL be populated. The format is a union of the schema types gYear, gYearMonth, date and dateTime. Seconds must be provided due to schema type constraints but may be zero-filled and may be ignored.  Dates SHALL be valid dates."/>
      <min value="0"/>
      <max value="*"/>
      <type>
        <code value="Element"/>
      </type>
    </element>
    <element>
      <path value="value"/>
      <representation value="xmlAttr"/>
      <short value="Primitive value for dateTime"/>
      <definition value="Primitive value for dateTime"/>
      <min value="0"/>
      <max value="1"/>
      <type>
        <code value="xs:xs:gYear, xs:gYearMonth, xs:date, xs:dateTime"/>
      </type>
    </element>
  </differential>
</StructureDefinition>