<?xml version="1.0" encoding="UTF-8"?>

<DiagnosticReport xmlns="http://hl7.org/fhir">
  <id value="f201"/>
  <text>
    <status value="generated"/>
    <div xmlns="http://www.w3.org/1999/xhtml">
      <p>
        <b>Generated Narrative with Details</b>
      </p>
      <p>
        <b>name</b>: CT of head-neck 
        <span style="background: LightGoldenRodYellow ">(Details : {SNOMED CT code &#39;429858000&#39; = &#39;Computed tomography of head and neck&#39;, given as &#39;Computed tomography (CT) of head and neck&#39;})</span>
      </p>
      <p>
        <b>status</b>: FINAL
      </p>
      <p>
        <b>issued</b>: Dec 1, 2012 11:00:00 AM
      </p>
      <p>
        <b>subject</b>: 
        <a href="Patient/f201">Roel. Generated Summary: BSN = 123456789 (OFFICIAL), BSN = 123456789 (OFFICIAL); Roel(OFFICIAL); ph: +31612345678(MOBILE), ph: +31201234567(HOME); MALE; birthDate: Mar 13, 1960; 
          <span title="Codes: {http://snomed.info/sct 36629006}, {http://hl7.org/fhir/v3/MaritalStatus M}">Legally married</span>; active
        </a>
      </p>
      <p>
        <b>performer</b>: 
        <a href="Organization/f203">Blijdorp MC. Generated Summary: Zorginstelling naam = Blijdorp MC (OFFICIAL); name: Blijdorp Medisch Centrum (BUMC); 
          <span title="Codes: {http://snomed.info/sct 405608006}, {http://hl7.org/fhir/organization-type prov}">Academic Medical Center</span>; ph: +31107040704(WORK); active
        </a>
      </p>
      <p>
        <b>serviceCategory</b>: Radiology 
        <span style="background: LightGoldenRodYellow ">(Details : {SNOMED CT code &#39;394914008&#39; = &#39;Radiology&#39;, given as &#39;Radiology&#39;}; {http://hl7.org/fhir/v2/0074 code &#39;RAD&#39; = &#39;Radiology)</span>
      </p>
      <p>
        <b>diagnostic</b>: Dec 1, 2012 11:00:00 AM
      </p>
      <p>
        <b>conclusion</b>: CT brains: large tumor sphenoid/clivus.
      </p>
      <p>
        <b>codedDiagnosis</b>: Malignant tumor of craniopharyngeal duct 
        <span style="background: LightGoldenRodYellow ">(Details : {SNOMED CT code &#39;188340000&#39; = &#39;Malignant tumor of craniopharyngeal duct&#39;, given as &#39;Malignant tumor of craniopharyngeal duct&#39;})</span>
      </p>
    </div>
  </text>
  <name>
    <coding>
      <system value="http://snomed.info/sct"/>
      <code value="429858000"/>
      <display value="Computed tomography (CT) of head and neck"/>
    </coding>
    <text value="CT of head-neck"/>
  </name>
  <status value="final"/>
  <issued value="2012-12-01T12:00:00+01:00"/>
  <subject><!--  It entails Roel's diagnostic report  -->
    <reference value="Patient/f201"/>
    <display value="Roel"/>
  </subject>
  <performer><!--  The diagnostic report was issued by BlijdorpMC  -->
    <reference value="Organization/f203"/>
    <display value="Blijdorp MC"/>
  </performer><!--  No identifier or request details were available  -->
  <serviceCategory><!--  The request was honored by the Department of Radiology  -->
    <coding>
      <system value="http://snomed.info/sct"/>
      <code value="394914008"/>
      <display value="Radiology"/>
    </coding>
    <coding>
      <system value="http://hl7.org/fhir/v2/0074"/>
      <code value="RAD"/>
    </coding>
  </serviceCategory>
  <diagnosticDateTime value="2012-12-01T12:00:00+01:00"/><!--  The CT image was not available  -->
  <conclusion value="CT brains: large tumor sphenoid/clivus."/>
  <codedDiagnosis>
    <coding>
      <system value="http://snomed.info/sct"/>
      <code value="188340000"/>
      <display value="Malignant tumor of craniopharyngeal duct"/>
    </coding>
  </codedDiagnosis>
</DiagnosticReport>