<?xml version="1.0" encoding="UTF-8"?>

<Observation xmlns="http://hl7.org/fhir">
  <id value="uslab-example2"/>
  <text>
    <status value="generated"/>
    <div xmlns="http://www.w3.org/1999/xhtml">
      <p>
        <b>Generated Narrative with Details</b>
      </p>
      <p>
        <b>code</b>: Neisseria gonorrhoeae by PCR 
        <span style="background: LightGoldenRodYellow ">(Details : {LOINC code &#39;43305-2&#39; = &#39;Neisseria gonorrhoeae rRNA [Presence] in Unspecified specimen by Probe and target amplification method&#39;, given as &#39;Neisseria gonorrhoeae rRNA [Presence] in Unspecified specimen by Probe and target amplification method&#39;}; {urn:oid:2.16.840.1.113883.3.72.5.24 code &#39;GCPCR&#39; = &#39;GCPCR&#39;, given as &#39;APTIMA GC&#39;})</span>
      </p>
      <p>
        <b>value</b>: Positive for Neisseira gonorrheoea rRNA 
        <span style="background: LightGoldenRodYellow ">(Details : {SNOMED CT code &#39;10828004&#39; = &#39;Positive (qualifier value)&#39;, given as &#39;Positive&#39;}; {urn:oid:2.16.840.1.113883.3.72.5.24 code &#39;POS&#39; = &#39;POS&#39;, given as &#39;Positive&#39;})</span>
      </p>
      <p>
        <b>interpretation</b>: Abnormal (applies to non-numeric results) 
        <span style="background: LightGoldenRodYellow ">(Details : {http://hl7.org/fhir/v2/0078 code &#39;A&#39; = &#39;Abnormal (applies to non-numeric results))</span>
      </p>
      <p>
        <b>applies</b>: Dec 5, 2014
      </p>
      <p>
        <b>issued</b>: Dec 6, 2014 11:42:15 PM
      </p>
      <p>
        <b>status</b>: FINAL
      </p>
      <p>
        <b>identifier</b>: lab test result ID = 2345 (OFFICIAL)
      </p>
      <p>
        <b>subject</b>: 
        <a href="Patient/uslab-example1">Todd Lerr. Generated Summary: Extensions: todo, Extensions: todo; 18547545 (USUAL); Todd G. Lerr (OFFICIAL); MALE; birthDate: Jun 7, 2012; </a>
      </p>
      <p>
        <b>specimen</b>: 
        <a href="Specimen/uslab-example1">Blood sample. Generated Summary: Placer Specimen ID = SID123 (OFFICIAL); 
          <span title="Codes: {http://snomed.info/sct 122555007}, {http://ehr.goodhealthclinic.org BLD}">Blood sample</span>; Todd Lerr; 21041205000001 (OFFICIAL)
        </a>
      </p>
      <p>
        <b>performer</b>: 
        <a href="Practitioner/uslab-example1">Dr Leonard T Bloodraw Jr. Generated Summary: NPI = 4444444445 (OFFICIAL); Leanard T Bloodraw ; ph: (555)7771234 ext.11</a>
      </p>
    </div>
  </text><!--   FHIR build is generating the narratives
<text>
		<status value="generated"/>
		<div xmlns="http://www.w3.org/1999/xhtml">
			<ul>
				<li>file: obs-uslab-example2.xml</li>
				<li> id: uslab-example2</li>
				<li> Name: USLab Observation Example2</li>
				<li>Description: USLab Coded Observation Profile Canonical Example: N gonorrhoeae PCR</li>
			</ul>
		</div>
	</text>
  --><!--   extenstion for specimen reject goes here - not for this use case
	<extension url="http://hl7.org/fhir/StructureDefinition/uslabspecimenrejectreason">
		<valueCodeableConcept>
			<coding>
				<system value="http://hl7.org/fhir/v2/0490"/>
				<code value="EX"/>
				<display value="Expired"/>
			</coding>
		</valueCodeableConcept>
	</extension>
  --><!--   extenstion for observation kind goes here   -->
  <extension url="http://hl7.org/fhir/StructureDefinition/uslabobservationkind">
    <valueCode value="result"/>
  </extension><!--  EH :  The local and LOINC test codes go here   -->
  <code><!--   EH: LOINC code goes here  -->
    <coding>
      <system value="http://loinc.org"/>
      <code value="43305-2"/>
      <display value="Neisseria gonorrhoeae rRNA [Presence] in Unspecified specimen by Probe and target amplification method"/>
    </coding><!--   EH: LOCAL code goes here  -->
    <coding>
      <system value="urn:oid:2.16.840.1.113883.3.72.5.24"/>
      <code value="GCPCR"/>
      <display value="APTIMA GC"/>
    </coding>
    <text value="Neisseria gonorrhoeae by PCR"/>
  </code><!--  EH :  The local and SNOMED Result codes go here   -->
  <valueCodeableConcept>
    <coding>
      <system value="http://snomed.info/sct"/>
      <code value="10828004"/>
      <display value="Positive"/>
    </coding>
    <coding>
      <system value="urn:oid:2.16.840.1.113883.3.72.5.24"/>
      <code value="POS"/>
      <display value="Positive"/>
    </coding>
    <text value="Positive for Neisseira gonorrheoea rRNA"/>
  </valueCodeableConcept><!--    eH dataabsent reason  would go here if valueQuantity was empty e.g.:
	<dataAbsentReason value="error"</dataAbsentReason>   -->
  <interpretation>
    <coding>
      <system value="http://hl7.org/fhir/v2/0078"/>
      <code value="A"/>
    </coding>
  </interpretation>
  <appliesDateTime value="2014-12-05"/><!--   EH: Showing dateTime to ss with TZO although only needed to Day   -->
  <issued value="2014-12-06T15:42:15-08:00"/>
  <status value="final"/>
  <identifier>
    <use value="official"/>
    <label value="lab test result ID"/>
    <system value="http://lis.acmelabs.org/identifiers/labtestresult"/>
    <value value="2345"/>
  </identifier>
  <subject>
    <reference value="Patient/uslab-example1"/>
    <display value="Todd Lerr"/>
  </subject>
  <specimen>
    <reference value="Specimen/uslab-example1"/>
    <display value="Blood sample"/>
  </specimen>
  <performer>
    <reference value="Practitioner/uslab-example1"/>
    <display value="Dr Leonard T Bloodraw Jr"/>
  </performer>
</Observation>