<?xml version="1.0" encoding="UTF-8"?>

<Observation xmlns="http://hl7.org/fhir">
  <id value="uslab-example4"/>
  <text>
    <status value="generated"/>
    <div xmlns="http://www.w3.org/1999/xhtml">
      <p>
        <b>Generated Narrative with Details</b>
      </p>
      <p>
        <b>code</b>: Dengue IgM Titer 
        <span style="background: LightGoldenRodYellow ">(Details : {LOINC code &#39;6812-2&#39; = &#39;Dengue virus IgM Ab [Titer] in Serum&#39;, given as &#39;Dengue virus IgM Ab [Titer] in Serum&#39;}; {urn:oid:2.16.840.1.113883.3.72.5.24 code &#39;DGIGM&#39; = &#39;DGIGM&#39;, given as &#39;Dengue IgM QN&#39;})</span>
      </p>
      <p>
        <b>value</b>: 1/256
      </p>
      <p>
        <b>interpretation</b>: Above high normal 
        <span style="background: LightGoldenRodYellow ">(Details : {http://hl7.org/fhir/v2/0078 code &#39;H&#39; = &#39;Above high normal)</span>
      </p>
      <p>
        <b>applies</b>: Dec 5, 2014
      </p>
      <p>
        <b>issued</b>: Dec 6, 2014 11:42:15 PM
      </p>
      <p>
        <b>status</b>: FINAL
      </p>
      <p>
        <b>identifier</b>: lab test result ID = 4567 (OFFICIAL)
      </p>
      <p>
        <b>subject</b>: 
        <a href="Patient/uslab-example1">Todd Lerr. Generated Summary: Extensions: todo, Extensions: todo; 18547545 (USUAL); Todd G. Lerr (OFFICIAL); MALE; birthDate: Jun 7, 2012; </a>
      </p>
      <p>
        <b>specimen</b>: 
        <a href="Specimen/uslab-example1">Bloo sample. Generated Summary: Placer Specimen ID = SID123 (OFFICIAL); 
          <span title="Codes: {http://snomed.info/sct 122555007}, {http://ehr.goodhealthclinic.org BLD}">Blood sample</span>; Todd Lerr; 21041205000001 (OFFICIAL)
        </a>
      </p>
      <p>
        <b>performer</b>: 
        <a href="Practitioner/uslab-example1">Dr Leonard T Bloodraw Jr. Generated Summary: NPI = 4444444445 (OFFICIAL); Leanard T Bloodraw ; ph: (555)7771234 ext.11</a>
      </p>
      <h3>ReferenceRanges</h3>
      <table class="grid">
        <tr>
          <td>
            <b>Id</b>
          </td>
          <td>
            <b>Low</b>
          </td>
          <td>
            <b>High</b>
          </td>
          <td>
            <b>Meaning</b>
          </td>
          <td>
            <b>Age</b>
          </td>
          <td>
            <b>Text</b>
          </td>
        </tr>
        <tr>
          <td> </td>
          <td> </td>
          <td> </td>
          <td> </td>
          <td> </td>
          <td>&lt;1:64</td>
        </tr>
      </table>
    </div>
  </text><!--   FHIR build is generating the narratives
<text>
		<status value="generated"/>
		<div xmlns="http://www.w3.org/1999/xhtml">
			<ul>
				<li> obs-uslab-example4.xml</li>
				<li> id: uslab-example4</li>
				<li> Name: USLab Observation Example4</li>
				<li>Description: USLab Ratio Observation Profile Canonical Example: Dengue Virus</li>
			</ul>
		</div>
	</text>
  --><!--   extension for specimen reject goes here - not for this use case
	<extension url="http://hl7.org/fhir/StructureDefinition/uslabspecimenrejectreason">
		<valueCodeableConcept>
			<coding>
				<system value="http://hl7.org/fhir/v2/0490"/>
				<code value="EX"/>
				<display value="Expired"/>
			</coding>
		</valueCodeableConcept>
	</extension>
  --><!--   extension for observation kindt goes here   -->
  <extension url="http://hl7.org/fhir/StructureDefinition/uslabobservationkind">
    <valueCode value="result"/>
  </extension><!--  EH :  The local and /or LOINC test codes go here   -->
  <code><!--   EH: LOINC code goes here  -->
    <coding>
      <system value="http://loinc.org"/>
      <code value="6812-2"/>
      <display value="Dengue virus IgM Ab [Titer] in Serum"/>
    </coding><!--   EH: LOINC code goes here  -->
    <coding>
      <system value="urn:oid:2.16.840.1.113883.3.72.5.24"/>
      <code value="DGIGM"/>
      <display value="Dengue IgM QN"/>
    </coding>
    <text value="Dengue IgM Titer"/>
  </code><!--   In FHIR, units may be represented twice. Once in the
    agreed human representation, and once in a coded form.
    Both is best, since it's not always possible to infer
    one from the other in code.

    When a computable unit is provided, UCUM (http://unitsofmeasure.org)
    is always preferred, but it doesn't provide notional units (such as
    "tablet"), etc. For these, something else is required (e.g. Snomed-CT)
     -->
  <valueRatio>
    <numerator>
      <value value="1"/>
    </numerator>
    <denominator>
      <value value="256"/>
    </denominator>
  </valueRatio><!--    eH dataabsent reason  would go here if valueQuantity was empty e.g.:
	<dataAbsentReason value="error"/>   -->
  <interpretation>
    <coding>
      <system value="http://hl7.org/fhir/v2/0078"/>
      <code value="H"/>
    </coding>
  </interpretation>
  <appliesDateTime value="2014-12-05"/><!--   EH: Showing dateTime to ss with TZO although only needed to Day   -->
  <issued value="2014-12-06T15:42:15-08:00"/>
  <status value="final"/>
  <identifier>
    <use value="official"/>
    <label value="lab test result ID"/>
    <system value="http://lis.acmelabs.org/identifiers/labtestresult"/>
    <value value="4567"/>
  </identifier>
  <subject>
    <reference value="Patient/uslab-example1"/>
    <display value="Todd Lerr"/>
  </subject>
  <specimen>
    <reference value="Specimen/uslab-example1"/>
    <display value="Bloo sample"/>
  </specimen>
  <performer>
    <reference value="Practitioner/uslab-example1"/>
    <display value="Dr Leonard T Bloodraw Jr"/>
  </performer>
  <referenceRange>
    <text value="&lt;1:64"/>
  </referenceRange>
</Observation>