<?xml version="1.0" encoding="UTF-8"?>

<Observation xmlns="http://hl7.org/fhir">
  <id value="glasgow"/>
  <text>
    <status value="generated"/>
    <div xmlns="http://www.w3.org/1999/xhtml">
      <p>
        <b>Generated Narrative with Details</b>
      </p>
      <p>
        <b>contained</b>: , , 
      </p>
      <p>
        <b>code</b>: Glasgow Coma Scale , (GCS) 
        <span style="background: LightGoldenRodYellow ">(Details : {LOINC code &#39;9269-2&#39; = &#39;Glasgow coma score total&#39;, given as &#39;Glasgow coma score total&#39;})</span>
      </p>
      <p>
        <b>value</b>: 13 {score}
        <span style="background: LightGoldenRodYellow "> (Details: http://unitsofmeasure.org code {score} = &#39;{score}&#39;)</span>
      </p>
      <p>
        <b>applies</b>: Dec 11, 2014 4:44:16 AM
      </p>
      <p>
        <b>status</b>: FINAL
      </p>
      <p>
        <b>reliability</b>: OK
      </p>
      <p>
        <b>subject</b>: 
        <a href="Patient/example">Peter James Chalmers. Generated Summary: Extensions: todo; MRN = 12345 (USUAL); Peter James Chalmers (OFFICIAL), Jim ; -unknown-(HOME), ph: (03) 5555 6473(WORK); MALE; birthDate: Dec 25, 1974; active</a>
      </p>
      <blockquote>
        <p>
          <b>referenceRange</b>
        </p>
        <p>
          <b>high</b>: 8 {score}
          <span style="background: LightGoldenRodYellow "> (Details: http://unitsofmeasure.org code {score} = &#39;{score}&#39;)</span>
        </p>
        <p>
          <b>meaning</b>: Severe TBI 
          <span style="background: LightGoldenRodYellow ">(Details )</span>
        </p>
      </blockquote>
      <blockquote>
        <p>
          <b>referenceRange</b>
        </p>
        <p>
          <b>low</b>: 9 {score}
          <span style="background: LightGoldenRodYellow "> (Details: http://unitsofmeasure.org code {score} = &#39;{score}&#39;)</span>
        </p>
        <p>
          <b>high</b>: 12 {score}
          <span style="background: LightGoldenRodYellow "> (Details: http://unitsofmeasure.org code {score} = &#39;{score}&#39;)</span>
        </p>
        <p>
          <b>meaning</b>: Moderate TBI 
          <span style="background: LightGoldenRodYellow ">(Details )</span>
        </p>
      </blockquote>
      <blockquote>
        <p>
          <b>referenceRange</b>
        </p>
        <p>
          <b>low</b>: 13 {score}
          <span style="background: LightGoldenRodYellow "> (Details: http://unitsofmeasure.org code {score} = &#39;{score}&#39;)</span>
        </p>
        <p>
          <b>meaning</b>: Mild TBI 
          <span style="background: LightGoldenRodYellow ">(Details )</span>
        </p>
      </blockquote>
      <blockquote>
        <p>
          <b>related</b>
        </p>
        <p>
          <b>type</b>: DERIVEDFROM
        </p>
        <p>
          <b>target</b>: Motor score. Generated Summary: Motor 
          <span style="background: LightGoldenRodYellow ">(Details : {LOINC code &#39;9268-4&#39; = &#39;Glasgow coma score motor&#39;, given as &#39;Glasgow coma score motor&#39;})</span>; 5 {score}
          <span style="background: LightGoldenRodYellow "> (Details: http://unitsofmeasure.org code {score} = &#39;{score}&#39;)</span>; applies: Dec 11, 2014 4:44:16 AM; FINAL; OK; ????
        </p>
      </blockquote>
      <blockquote>
        <p>
          <b>related</b>
        </p>
        <p>
          <b>type</b>: DERIVEDFROM
        </p>
        <p>
          <b>target</b>: Verbal score. Generated Summary: Verbal 
          <span style="background: LightGoldenRodYellow ">(Details : {LOINC code &#39;9270-0&#39; = &#39;Glasgow coma score verbal&#39;, given as &#39;Glasgow coma score verbal&#39;})</span>; 4 {score}
          <span style="background: LightGoldenRodYellow "> (Details: http://unitsofmeasure.org code {score} = &#39;{score}&#39;)</span>; applies: Dec 11, 2014 4:44:16 AM; FINAL; OK; ????
        </p>
      </blockquote>
      <blockquote>
        <p>
          <b>related</b>
        </p>
        <p>
          <b>type</b>: DERIVEDFROM
        </p>
        <p>
          <b>target</b>: Eyes score. Generated Summary: Eyes 
          <span style="background: LightGoldenRodYellow ">(Details : {LOINC code &#39;9267-6&#39; = &#39;Glasgow coma score eye opening&#39;, given as &#39;Glasgow coma score eye opening&#39;})</span>; 4 {score}
          <span style="background: LightGoldenRodYellow "> (Details: http://unitsofmeasure.org code {score} = &#39;{score}&#39;)</span>; applies: Dec 11, 2014 4:44:16 AM; FINAL; OK; ????
        </p>
      </blockquote>
    </div>
  </text>
  <contained>
    <Observation><!--   FHIR build is generating the narratives
<text>
		<status value="generated"></status>
		 <div xmlns="http://www.w3.org/1999/xhtml">
		 <h2>Observation: Glasgow Coma Scale , (GCS)</h2>
	<h3>Date Time: 2014-12-11 20:44PM</h3>
	<h3>Patient Name: Peter James Chalmers</h3>

		<ul>
			<li>
				<b>Glasgow Coma Scale , (GCS)=</b>13<ul>
					<li>
						<b>Motor=</b>5</li>
					<li>
						<b>Verbal=</b>4</li>
					<li>
						<b>Eyes=</b>4</li>
				</ul></li>
		</ul>

		 </div>
	</text>
  --><!--   Note: will use contained elements for this example but could just as easily use external or bundled elements..  --><!--   First contained element = Motor component.   -->
      <id value="motor"/>
      <code>
        <coding>
          <system value="http://loinc.org"/>
          <code value="9268-4"/>
          <display value="Glasgow coma score motor"/>
        </coding>
        <text value="Motor"/>
      </code>
      <valueQuantity>
        <value value="5"/>
        <system value="http://unitsofmeasure.org"/>
        <code value="{score}"/>
      </valueQuantity>
      <appliesDateTime value="2014-12-11T04:44:16Z"/>
      <status value="final"/>
      <reliability value="ok"/>
      <subject>
        <reference value="Patient/example"/>
      </subject>
    </Observation>
  </contained>
  <contained>
    <Observation><!--   Second contained element = Verbal component.   -->
      <id value="verbal"/>
      <code>
        <coding>
          <system value="http://loinc.org"/>
          <code value="9270-0"/>
          <display value="Glasgow coma score verbal"/>
        </coding>
        <text value="Verbal"/>
      </code>
      <valueQuantity>
        <value value="4"/>
        <system value="http://unitsofmeasure.org"/>
        <code value="{score}"/>
      </valueQuantity>
      <appliesDateTime value="2014-12-11T04:44:16Z"/>
      <status value="final"/>
      <reliability value="ok"/>
      <subject>
        <reference value="Patient/example"/>
      </subject>
    </Observation>
  </contained>
  <contained>
    <Observation><!--   Third contained element = Eyes component.   -->
      <id value="eyes"/>
      <code>
        <coding>
          <system value="http://loinc.org"/>
          <code value="9267-6"/>
          <display value="Glasgow coma score eye opening"/>
        </coding>
        <text value="Eyes"/>
      </code>
      <valueQuantity>
        <value value="4"/>
        <system value="http://unitsofmeasure.org"/>
        <code value="{score}"/>
      </valueQuantity>
      <appliesDateTime value="2014-12-11T04:44:16Z"/>
      <status value="final"/>
      <reliability value="ok"/>
      <subject>
        <reference value="Patient/example"/>
      </subject>
    </Observation>
  </contained><!--  
    Observations are often coded in multiple code systems.
      - LOINC
		- or SNOMED
      -and/or the source system may provides its own "local" code, which may be less or more granular than LOINC.
	In this example there is only LOINC
    -->
  <code><!--   LOINC - always recommended to have a LOINC code   -->
    <coding>
      <system value="http://loinc.org"/>
      <code value="9269-2"/>
      <display value="Glasgow coma score total"/>
    </coding>
    <text value="Glasgow Coma Scale , (GCS)"/>
  </code><!--   In FHIR, units may be represented twice. Once in the
    agreed human representation, and once in a coded form.
    In this example the UCUM unit is provided but no human representation since this is often not displayed
     -->
  <valueQuantity>
    <value value="13"/>
    <system value="http://unitsofmeasure.org"/>
    <code value="{score}"/>
  </valueQuantity>
  <appliesDateTime value="2014-12-11T04:44:16Z"/><!--   the mandatory quality flags:   -->
  <status value="final"/>
  <reliability value="ok"/>
  <subject>
    <reference value="Patient/example"/>
    <display value="Peter James Chalmers"/>
  </subject>
  <referenceRange>
    <high>
      <value value="8"/>
      <system value="http://unitsofmeasure.org"/>
      <code value="{score}"/>
    </high><!--   meaning as text   -->
    <meaning>
      <text value="Severe TBI"/>
    </meaning>
  </referenceRange>
  <referenceRange>
    <low>
      <value value="9"/>
      <system value="http://unitsofmeasure.org"/>
      <code value="{score}"/>
    </low>
    <high>
      <value value="12"/>
      <system value="http://unitsofmeasure.org"/>
      <code value="{score}"/>
    </high><!--   meaning as text   -->
    <meaning>
      <text value="Moderate TBI"/>
    </meaning>
  </referenceRange>
  <referenceRange>
    <low>
      <value value="13"/>
      <system value="http://unitsofmeasure.org"/>
      <code value="{score}"/>
    </low><!--   meaning as text   -->
    <meaning>
      <text value="Mild TBI"/>
    </meaning>
  </referenceRange><!--   put the references to the contained components here    -->
  <related>
    <type value="derived-from"/>
    <target>
      <reference value="#motor"/>
      <display value="Motor score"/>
    </target>
  </related>
  <related>
    <type value="derived-from"/>
    <target>
      <reference value="#verbal"/>
      <display value="Verbal score"/>
    </target>
  </related>
  <related>
    <type value="derived-from"/>
    <target>
      <reference value="#eyes"/>
      <display value="Eyes score"/>
    </target>
  </related>
</Observation>