<?xml version="1.0" encoding="UTF-8"?>

<Observation xmlns="http://hl7.org/fhir">
  <id value="f206"/>
  <text>
    <status value="generated"/>
    <div xmlns="http://www.w3.org/1999/xhtml">
      <p>
        <b>Generated Narrative with Details</b>
      </p>
      <p>
        <b>code</b>: Blood culture for bacteria, including anaerobic screen 
        <span style="background: LightGoldenRodYellow ">(Details : {SNOMED CT code &#39;104177005&#39; = &#39;Blood culture for bacteria, including anaerobic screen&#39;, given as &#39;Blood culture for bacteria, including anaerobic screen&#39;})</span>
      </p>
      <p>
        <b>value</b>: Staphylococcus aureus 
        <span style="background: LightGoldenRodYellow ">(Details : {SNOMED CT code &#39;3092008&#39; = &#39;Staphylococcus aureus&#39;, given as &#39;Staphylococcus aureus&#39;})</span>
      </p>
      <p>
        <b>interpretation</b>: Positive 
        <span style="background: LightGoldenRodYellow ">(Details : {http://hl7.org/fhir/v2/0078 code &#39;POS&#39; = &#39;Positive)</span>
      </p>
      <p>
        <b>issued</b>: Mar 11, 2013 9:28:00 AM
      </p>
      <p>
        <b>status</b>: FINAL
      </p>
      <p>
        <b>reliability</b>: OK
      </p>
      <p>
        <b>method</b>: Blood culture for bacteria, including anaerobic screen 
        <span style="background: LightGoldenRodYellow ">(Details : {SNOMED CT code &#39;104177005&#39; = &#39;Blood culture for bacteria, including anaerobic screen&#39;, given as &#39;Blood culture for bacteria, including anaerobic screen&#39;})</span>
      </p>
      <p>
        <b>subject</b>: 
        <a href="Patient/f201">Roel. Generated Summary: BSN = 123456789 (OFFICIAL), BSN = 123456789 (OFFICIAL); Roel(OFFICIAL); ph: +31612345678(MOBILE), ph: +31201234567(HOME); MALE; birthDate: Mar 13, 1960; 
          <span title="Codes: {http://snomed.info/sct 36629006}, {http://hl7.org/fhir/v3/MaritalStatus M}">Legally married</span>; active
        </a>
      </p>
      <p>
        <b>performer</b>: 
        <a href="Practitioner/f202">Luigi Maas. Generated Summary: UZI-nummer = 12345678902 (OFFICIAL), BIG-nummer = 12345678902 (OFFICIAL); Luigi Maas(OFFICIAL); ph: +31715269111(WORK); MALE; birthDate: Jun 12, 1960</a>
      </p>
    </div>
  </text>
  <code><!--  Kind of observation = Blood culture  -->
    <coding>
      <system value="http://snomed.info/sct"/>
      <code value="104177005"/>
      <display value="Blood culture for bacteria, including anaerobic screen"/>
    </coding>
  </code>
  <valueCodeableConcept>
    <coding>
      <system value="http://snomed.info/sct"/>
      <code value="3092008"/>
      <display value="Staphylococcus aureus"/>
    </coding>
  </valueCodeableConcept>
  <interpretation>
    <coding>
      <system value="http://hl7.org/fhir/v2/0078"/>
      <code value="POS"/>
    </coding>
  </interpretation>
  <issued value="2013-03-11T10:28:00+01:00"/>
  <status value="final"/>
  <reliability value="ok"/><!--  BodySite not relevant  -->
  <method>
    <coding>
      <system value="http://snomed.info/sct"/>
      <code value="104177005"/>
      <display value="Blood culture for bacteria, including anaerobic screen"/>
    </coding>
  </method><!--  No identifier could be provided to this observation  -->
  <subject><!--  It entails Roel's Staphylococcus  -->
    <reference value="Patient/f201"/>
    <display value="Roel"/>
  </subject>
  <performer><!--  Roel's blood culture was tested by Luigi Maas  -->
    <reference value="Practitioner/f202"/>
    <display value="Luigi Maas"/>
  </performer>
</Observation>