<?xml version="1.0" encoding="UTF-8"?>

<ValueSet xmlns="http://hl7.org/fhir">
  <id value="valueset-systems"/>
  <text>
    <status value="extensions"/>
    <div xmlns="http://www.w3.org/1999/xhtml">
      
      <table>
        
        <tr>
          <td>
            <b>URI</b>
          </td>
          <td>
            <b>Description</b>
          </td>
        </tr>
        
        <tr>
          <td>http://snomed.info/sct</td>
          <td>SNOMED CT: (http://ihtsdo.org)</td>
        </tr>
        
        <tr>
          <td>http://loinc.org</td>
          <td>LOINC (http://loinc.org)</td>
        </tr>
        
        <tr>
          <td>http://unitsofmeasure.org</td>
          <td>UCUM: (http://unitsofmeasure.org) Case Sensitive Codes)</td>
        </tr>
        
        <tr>
          <td>http://hl7.org/fhir/sid/icd-10</td>
          <td>ICD-10 International (http://www.who.int/classifications/icd/en/)</td>
        </tr>
        
        <tr>
          <td>http://hl7.org/fhir/sid/icd-9</td>
          <td>ICD-9 USA (http://www.cdc.gov/nchs/icd/icd9.htm)</td>
        </tr>
        
        <tr>
          <td>http://www.whocc.no/atc</td>
          <td>Anatomical Therapeutic Chemical Classification System (http://www.whocc.no/atc/structure_and_principles/)</td>
        </tr>
        
        <tr>
          <td>urn:std:iso:11073:10101</td>
          <td>Medical Device Codes defined in ISO 11073-10101 (http://hit-testing.nist.gov:13110/rtmms/index.htm#rosetta)</td>
        </tr>
        
        <tr>
          <td>http://nema.org/dicom/dicm</td>
          <td>DICOM Code Definitions (http://nema.org/dicom/dicm)</td>
        </tr>
        
        <tr>
          <td>urn:ietf:rfc:3986</td>
          <td>URIs (As defined by http://www.ietf.org/rfc/rfc3986.txt)</td>
        </tr>
        
        <tr>
          <td>http://hl7.org/fhir/sid/us-ssn</td>
          <td>SSN (http://www.ssa.gov/ssnumber/)</td>
        </tr>
        
        <tr>
          <td>urn:oid:2.16.840.1.113883.4.3.2	</td>
          <td>Alaska Driver&#39;s License</td>
        </tr>
        
        <tr>
          <td>urn:oid:2.16.840.1.113883.4.3.1	</td>
          <td>Alabama Driver&#39;s License</td>
        </tr>
        
        <tr>
          <td>urn:oid:2.16.840.1.113883.4.3.5	</td>
          <td>Arkansas Driver&#39;s License</td>
        </tr>
        
        <tr>
          <td>urn:oid:2.16.840.1.113883.4.3.4	</td>
          <td>Arizona Driver&#39;s License</td>
        </tr>
        
        <tr>
          <td>urn:oid:2.16.840.1.113883.4.3.6	</td>
          <td>California Driver&#39;s License</td>
        </tr>
        
        <tr>
          <td>urn:oid:2.16.840.1.113883.4.3.8	</td>
          <td>Colorado Driver&#39;s License</td>
        </tr>
        
        <tr>
          <td>urn:oid:2.16.840.1.113883.4.3.9	</td>
          <td>Connecticut Driver&#39;s License</td>
        </tr>
        
        <tr>
          <td>urn:oid:2.16.840.1.113883.4.3.11	</td>
          <td>DC Driver&#39;s License</td>
        </tr>
        
        <tr>
          <td>urn:oid:2.16.840.1.113883.4.3.10	</td>
          <td>Delaware Driver&#39;s License</td>
        </tr>
        
        <tr>
          <td>urn:oid:2.16.840.1.113883.4.3.12	</td>
          <td>Florida Driver&#39;s License</td>
        </tr>
        
        <tr>
          <td>urn:oid:2.16.840.1.113883.4.3.13	</td>
          <td>Georgia Driver&#39;s License</td>
        </tr>
        
        <tr>
          <td>urn:oid:2.16.840.1.113883.4.3.15	</td>
          <td>Hawaii Driver&#39;s License</td>
        </tr>
        
        <tr>
          <td>urn:oid:2.16.840.1.113883.4.3.18	</td>
          <td>Indiana Driver&#39;s License</td>
        </tr>
        
        <tr>
          <td>urn:oid:2.16.840.1.113883.4.3.19	</td>
          <td>Iowa Driver&#39;s License</td>
        </tr>
        
        <tr>
          <td>urn:oid:2.16.840.1.113883.4.3.16	</td>
          <td>Idaho Driver&#39;s License</td>
        </tr>
        
        <tr>
          <td>urn:oid:2.16.840.1.113883.4.3.17	</td>
          <td>Illinois Driver&#39;s License</td>
        </tr>
        
        <tr>
          <td>urn:oid:2.16.840.1.113883.4.3.20	</td>
          <td>Kansas Driver&#39;s License</td>
        </tr>
        
        <tr>
          <td>urn:oid:2.16.840.1.113883.4.3.21	</td>
          <td>Kentucky Driver&#39;s License</td>
        </tr>
        
        <tr>
          <td>urn:oid:2.16.840.1.113883.4.3.22	</td>
          <td>Louisiana Driver&#39;s License</td>
        </tr>
        
        <tr>
          <td>urn:oid:2.16.840.1.113883.4.3.25	</td>
          <td>Massachusetts Driver&#39;s License</td>
        </tr>
        
        <tr>
          <td>urn:oid:2.16.840.1.113883.4.3.24	</td>
          <td>Maryland Driver&#39;s License</td>
        </tr>
        
        <tr>
          <td>urn:oid:2.16.840.1.113883.4.3.23	</td>
          <td>Maine Driver&#39;s License</td>
        </tr>
        
        <tr>
          <td>urn:oid:2.16.840.1.113883.4.3.26	</td>
          <td>Michigan Driver&#39;s License</td>
        </tr>
        
        <tr>
          <td>urn:oid:2.16.840.1.113883.4.3.27	</td>
          <td>Minnesota Driver&#39;s License</td>
        </tr>
        
        <tr>
          <td>urn:oid:2.16.840.1.113883.4.3.29	</td>
          <td>Missouri Driver&#39;s License</td>
        </tr>
        
        <tr>
          <td>urn:oid:2.16.840.1.113883.4.3.28	</td>
          <td>Mississippi Driver&#39;s License</td>
        </tr>
        
        <tr>
          <td>urn:oid:2.16.840.1.113883.4.3.30	</td>
          <td>Montana Driver&#39;s License</td>
        </tr>
        
        <tr>
          <td>urn:oid:2.16.840.1.113883.4.3.36	</td>
          <td>New York Driver&#39;s License</td>
        </tr>
        
        <tr>
          <td>urn:oid:2.16.840.1.113883.4.3.37	</td>
          <td>North Carolina Driver&#39;s License</td>
        </tr>
        
        <tr>
          <td>urn:oid:2.16.840.1.113883.4.3.38	</td>
          <td>North Dakota Driver&#39;s License</td>
        </tr>
        
        <tr>
          <td>urn:oid:2.16.840.1.113883.4.3.31	</td>
          <td>Nebraska Driver&#39;s License</td>
        </tr>
        
        <tr>
          <td>urn:oid:2.16.840.1.113883.4.3.33	</td>
          <td>New Hampshire Driver&#39;s License</td>
        </tr>
        
        <tr>
          <td>urn:oid:2.16.840.1.113883.4.3.34	</td>
          <td>New Jersey Driver&#39;s License</td>
        </tr>
        
        <tr>
          <td>urn:oid:2.16.840.1.113883.4.3.35	</td>
          <td>New Mexico Driver&#39;s License</td>
        </tr>
        
        <tr>
          <td>urn:oid:2.16.840.1.113883.4.3.32	</td>
          <td>Nevada Driver&#39;s License</td>
        </tr>
        
        <tr>
          <td>urn:oid:2.16.840.1.113883.4.3.39	</td>
          <td>Ohio Driver&#39;s License</td>
        </tr>
        
        <tr>
          <td>urn:oid:2.16.840.1.113883.4.3.40	</td>
          <td>Oklahoma Driver&#39;s License</td>
        </tr>
        
        <tr>
          <td>urn:oid:2.16.840.1.113883.4.3.41	</td>
          <td>Oregon Driver&#39;s License</td>
        </tr>
        
        <tr>
          <td>urn:oid:2.16.840.1.113883.4.3.42	</td>
          <td>Pennsylvania Driver&#39;s License</td>
        </tr>
        
        <tr>
          <td>urn:oid:2.16.840.1.113883.4.3.44	</td>
          <td>Rhode Island Driver&#39;s License</td>
        </tr>
        
        <tr>
          <td>urn:oid:2.16.840.1.113883.4.3.45	</td>
          <td>South Carolina Driver&#39;s License</td>
        </tr>
        
        <tr>
          <td>urn:oid:2.16.840.1.113883.4.3.46	</td>
          <td>South Dakota Driver&#39;s License</td>
        </tr>
        
        <tr>
          <td>urn:oid:2.16.840.1.113883.4.3.47	</td>
          <td>Tennessee Driver&#39;s License</td>
        </tr>
        
        <tr>
          <td>urn:oid:2.16.840.1.113883.4.3.48	</td>
          <td>Texas Driver&#39;s License</td>
        </tr>
        
        <tr>
          <td>urn:oid:2.16.840.1.113883.4.3.49	</td>
          <td>Utah Driver&#39;s License</td>
        </tr>
        
        <tr>
          <td>urn:oid:2.16.840.1.113883.4.3.51	</td>
          <td>Virginia Driver&#39;s License</td>
        </tr>
        
        <tr>
          <td>urn:oid:2.16.840.1.113883.4.3.50	</td>
          <td>Vermont Driver&#39;s License</td>
        </tr>
        
        <tr>
          <td>urn:oid:2.16.840.1.113883.4.3.53	</td>
          <td>Washington Driver&#39;s License</td>
        </tr>
        
        <tr>
          <td>urn:oid:2.16.840.1.113883.4.3.55	</td>
          <td>Wisconsin Driver&#39;s License</td>
        </tr>
        
        <tr>
          <td>urn:oid:2.16.840.1.113883.4.3.54	</td>
          <td>West Virginia Driver&#39;s License</td>
        </tr>
        
        <tr>
          <td>urn:oid:2.16.840.1.113883.4.3.56	</td>
          <td>Wyoming Driver&#39;s License</td>
        </tr>
        
        <tr>
          <td>http://hl7.org/fhir/drivers-license</td>
          <td>Driver&#39;s licenses with no known issuing authority</td>
        </tr>
      
      </table>
    
    </div>
  </text>
  <url value="http://hl7.org/fhir/valueset-systems"/>
  <version value="2013-10-12"/>
  <name value="Explicitly Named systems list for FHIR"/>
  <publisher value="FHIR project team"/>
  <contact>
    <telecom>
      <system value="url"/>
      <value value="http://hl7.org/fhir"/>
    </telecom>
  </contact>
  <description value="This is a list of the explicitly named systems in the FHIR Specification"/>
  <status value="draft"/>
  <date value="2013-10-12"/>
  <compose>
    <include><!--   these are all URIs, defined elsewhere, and just listed here for convenience   -->
      <system value="urn:ietf:rfc:3986"/>
      <concept>
        <code value="http://snomed.info/sct"/>
        <display value="SNOMED CT: (http://ihtsdo.org)"/>
      </concept>
      <concept>
        <code value="http://loinc.org"/>
        <display value="LOINC (http://loinc.org)"/>
      </concept>
      <concept>
        <code value="http://unitsofmeasure.org"/>
        <display value="UCUM: (http://unitsofmeasure.org) Case Sensitive Codes)"/>
      </concept>
      <concept>
        <code value="http://hl7.org/fhir/sid/icd-10"/>
        <display value="ICD-10 International (http://www.who.int/classifications/icd/en/)"/>
      </concept>
      <concept>
        <code value="http://hl7.org/fhir/sid/icd-9"/>
        <display value="ICD-9 USA (http://www.cdc.gov/nchs/icd/icd9.htm)"/>
      </concept>
      <concept>
        <code value="http://www.whocc.no/atc"/>
        <display value="Anatomical Therapeutic Chemical Classification System (http://www.whocc.no/atc/structure_and_principles/)"/>
      </concept>
      <concept>
        <code value="urn:std:iso:11073:10101"/>
        <display value="Medical Device Codes defined in ISO 11073-10101 (http://hit-testing.nist.gov:13110/rtmms/index.htm#rosetta)"/>
      </concept>
      <concept>
        <code value="http://nema.org/dicom/dicm"/>
        <display value="DICOM Code Definitions (http://nema.org/dicom/dicm)"/>
      </concept>
      <concept>
        <code value="urn:ietf:rfc:3986"/>
        <display value="URIs (As defined by http://www.ietf.org/rfc/rfc3986.txt)"/>
      </concept>
      <concept>
        <code value="http://hl7.org/fhir/sid/us-ssn"/>
        <display value="SSN (http://www.ssa.gov/ssnumber/)"/>
      </concept>
      <concept>
        <code value="urn:oid:2.16.840.1.113883.4.3.2"/>
        <display value="Alaska Driver&#39;s License"/>
      </concept>
      <concept>
        <code value="urn:oid:2.16.840.1.113883.4.3.1"/>
        <display value="Alabama Driver&#39;s License"/>
      </concept>
      <concept>
        <code value="urn:oid:2.16.840.1.113883.4.3.5"/>
        <display value="Arkansas Driver&#39;s License"/>
      </concept>
      <concept>
        <code value="urn:oid:2.16.840.1.113883.4.3.4"/>
        <display value="Arizona Driver&#39;s License"/>
      </concept>
      <concept>
        <code value="urn:oid:2.16.840.1.113883.4.3.6"/>
        <display value="California Driver&#39;s License"/>
      </concept>
      <concept>
        <code value="urn:oid:2.16.840.1.113883.4.3.8"/>
        <display value="Colorado Driver&#39;s License"/>
      </concept>
      <concept>
        <code value="urn:oid:2.16.840.1.113883.4.3.9"/>
        <display value="Connecticut Driver&#39;s License"/>
      </concept>
      <concept>
        <code value="urn:oid:2.16.840.1.113883.4.3.11"/>
        <display value="DC Driver&#39;s License"/>
      </concept>
      <concept>
        <code value="urn:oid:2.16.840.1.113883.4.3.10"/>
        <display value="Delaware Driver&#39;s License"/>
      </concept>
      <concept>
        <code value="urn:oid:2.16.840.1.113883.4.3.12"/>
        <display value="Florida Driver&#39;s License"/>
      </concept>
      <concept>
        <code value="urn:oid:2.16.840.1.113883.4.3.13"/>
        <display value="Georgia Driver&#39;s License"/>
      </concept>
      <concept>
        <code value="urn:oid:2.16.840.1.113883.4.3.15"/>
        <display value="Hawaii Driver&#39;s License"/>
      </concept>
      <concept>
        <code value="urn:oid:2.16.840.1.113883.4.3.18"/>
        <display value="Indiana Driver&#39;s License"/>
      </concept>
      <concept>
        <code value="urn:oid:2.16.840.1.113883.4.3.19"/>
        <display value="Iowa Driver&#39;s License"/>
      </concept>
      <concept>
        <code value="urn:oid:2.16.840.1.113883.4.3.16"/>
        <display value="Idaho Driver&#39;s License"/>
      </concept>
      <concept>
        <code value="urn:oid:2.16.840.1.113883.4.3.17"/>
        <display value="Illinois Driver&#39;s License"/>
      </concept>
      <concept>
        <code value="urn:oid:2.16.840.1.113883.4.3.20"/>
        <display value="Kansas Driver&#39;s License"/>
      </concept>
      <concept>
        <code value="urn:oid:2.16.840.1.113883.4.3.21"/>
        <display value="Kentucky Driver&#39;s License"/>
      </concept>
      <concept>
        <code value="urn:oid:2.16.840.1.113883.4.3.22"/>
        <display value="Louisiana Driver&#39;s License"/>
      </concept>
      <concept>
        <code value="urn:oid:2.16.840.1.113883.4.3.25"/>
        <display value="Massachusetts Driver&#39;s License"/>
      </concept>
      <concept>
        <code value="urn:oid:2.16.840.1.113883.4.3.24"/>
        <display value="Maryland Driver&#39;s License"/>
      </concept>
      <concept>
        <code value="urn:oid:2.16.840.1.113883.4.3.23"/>
        <display value="Maine Driver&#39;s License"/>
      </concept>
      <concept>
        <code value="urn:oid:2.16.840.1.113883.4.3.26"/>
        <display value="Michigan Driver&#39;s License"/>
      </concept>
      <concept>
        <code value="urn:oid:2.16.840.1.113883.4.3.27"/>
        <display value="Minnesota Driver&#39;s License"/>
      </concept>
      <concept>
        <code value="urn:oid:2.16.840.1.113883.4.3.29"/>
        <display value="Missouri Driver&#39;s License"/>
      </concept>
      <concept>
        <code value="urn:oid:2.16.840.1.113883.4.3.28"/>
        <display value="Mississippi Driver&#39;s License"/>
      </concept>
      <concept>
        <code value="urn:oid:2.16.840.1.113883.4.3.30"/>
        <display value="Montana Driver&#39;s License"/>
      </concept>
      <concept>
        <code value="urn:oid:2.16.840.1.113883.4.3.36"/>
        <display value="New York Driver&#39;s License"/>
      </concept>
      <concept>
        <code value="urn:oid:2.16.840.1.113883.4.3.37"/>
        <display value="North Carolina Driver&#39;s License"/>
      </concept>
      <concept>
        <code value="urn:oid:2.16.840.1.113883.4.3.38"/>
        <display value="North Dakota Driver&#39;s License"/>
      </concept>
      <concept>
        <code value="urn:oid:2.16.840.1.113883.4.3.31"/>
        <display value="Nebraska Driver&#39;s License"/>
      </concept>
      <concept>
        <code value="urn:oid:2.16.840.1.113883.4.3.33"/>
        <display value="New Hampshire Driver&#39;s License"/>
      </concept>
      <concept>
        <code value="urn:oid:2.16.840.1.113883.4.3.34"/>
        <display value="New Jersey Driver&#39;s License"/>
      </concept>
      <concept>
        <code value="urn:oid:2.16.840.1.113883.4.3.35"/>
        <display value="New Mexico Driver&#39;s License"/>
      </concept>
      <concept>
        <code value="urn:oid:2.16.840.1.113883.4.3.32"/>
        <display value="Nevada Driver&#39;s License"/>
      </concept>
      <concept>
        <code value="urn:oid:2.16.840.1.113883.4.3.39"/>
        <display value="Ohio Driver&#39;s License"/>
      </concept>
      <concept>
        <code value="urn:oid:2.16.840.1.113883.4.3.40"/>
        <display value="Oklahoma Driver&#39;s License"/>
      </concept>
      <concept>
        <code value="urn:oid:2.16.840.1.113883.4.3.41"/>
        <display value="Oregon Driver&#39;s License"/>
      </concept>
      <concept>
        <code value="urn:oid:2.16.840.1.113883.4.3.42"/>
        <display value="Pennsylvania Driver&#39;s License"/>
      </concept>
      <concept>
        <code value="urn:oid:2.16.840.1.113883.4.3.44"/>
        <display value="Rhode Island Driver&#39;s License"/>
      </concept>
      <concept>
        <code value="urn:oid:2.16.840.1.113883.4.3.45"/>
        <display value="South Carolina Driver&#39;s License"/>
      </concept>
      <concept>
        <code value="urn:oid:2.16.840.1.113883.4.3.46"/>
        <display value="South Dakota Driver&#39;s License"/>
      </concept>
      <concept>
        <code value="urn:oid:2.16.840.1.113883.4.3.47"/>
        <display value="Tennessee Driver&#39;s License"/>
      </concept>
      <concept>
        <code value="urn:oid:2.16.840.1.113883.4.3.48"/>
        <display value="Texas Driver&#39;s License"/>
      </concept>
      <concept>
        <code value="urn:oid:2.16.840.1.113883.4.3.49"/>
        <display value="Utah Driver&#39;s License"/>
      </concept>
      <concept>
        <code value="urn:oid:2.16.840.1.113883.4.3.51"/>
        <display value="Virginia Driver&#39;s License"/>
      </concept>
      <concept>
        <code value="urn:oid:2.16.840.1.113883.4.3.50"/>
        <display value="Vermont Driver&#39;s License"/>
      </concept>
      <concept>
        <code value="urn:oid:2.16.840.1.113883.4.3.53"/>
        <display value="Washington Driver&#39;s License"/>
      </concept>
      <concept>
        <code value="urn:oid:2.16.840.1.113883.4.3.55"/>
        <display value="Wisconsin Driver&#39;s License"/>
      </concept>
      <concept>
        <code value="urn:oid:2.16.840.1.113883.4.3.54"/>
        <display value="West Virginia Driver&#39;s License"/>
      </concept>
      <concept>
        <code value="urn:oid:2.16.840.1.113883.4.3.56"/>
        <display value="Wyoming Driver&#39;s License"/>
      </concept>
      <concept>
        <code value="http://hl7.org/fhir/drivers-license"/>
        <display value="Driver&#39;s licenses with no known issuing authority"/>
      </concept>
    </include>
  </compose>
</ValueSet>