<?xml version="1.0" encoding="UTF-8"?>

<ValueSet xmlns="http://hl7.org/fhir">
  <id value="cpt-all"/>
  <text>
    <status value="generated"/>
    <div xmlns="http://www.w3.org/1999/xhtml">
      <p>This value set does not contain a fixed number of concepts</p>
      <h2>All CPT codes</h2>
      <p>A value set that includes all CPT codes</p>
      <p>
        <b>Copyright Statement:</b> CPT copyright 2014 American Medical Association. All rights reserved.
      </p>
      <p>This value set includes codes defined in other code systems, using the following rules:</p>
      <ul>
        <li>Include all codes defined in http://www.ama-assn.org/go/cpt</li>
      </ul>
    </div>
  </text>
  <url value="http://hl7.org/fhir/ValueSet/cpt-all"/>
  <name value="All CPT codes"/>
  <publisher value="HL7 FHIR project"/>
  <description value="A value set that includes all CPT codes"/>
  <copyright value="CPT copyright 2014 American Medical Association. All rights reserved."/>
  <status value="active"/>
  <date value="2015-03-12"/>
  <compose>
    <include>
      <system value="http://www.ama-assn.org/go/cpt"/>
    </include>
  </compose>
</ValueSet>