{
  "resourceType": "ValueSet",
  "id": "address-use",
  "meta": {
    "lastUpdated": "2015-03-23T23:56:59.139+00:00",
    "profile": [
      "http://hl7.org/fhir/StructureDefinition/valueset-shareable-definition"
    ]
  },
  "text": {
    "status": "generated",
    "div": "<div><p>This value set contains 4 concepts</p><h2>AddressUse</h2><p>The use of an address</p><p>This value set defines its own terms in the system http://hl7.org/fhir/address-use</p><table class=\"codes\"><tr><td><b>Code</b></td><td><b>Display</b></td><td><b>Definition</b></td><td><b><a href=\"v2/0190/index.html\">v2 Map (0190)</a></b></td><td><b><a href=\"v3/AddressUse/index.html\">v3 Map (AddressUse)</a></b></td></tr><tr><td>home<a name=\"home\"> </a></td><td>Home</td><td>A communication address at a home.</td><td><span title=\"equivalent\">~</span><a href=\"v2/0190/index.html#H\">H</a></td><td><span title=\"equal\">=</span><a href=\"v3/AddressUse/index.html#H\">H</a></td></tr><tr><td>work<a name=\"work\"> </a></td><td>Work</td><td>An office address. First choice for business related contacts during business hours.</td><td><span title=\"equivalent\">~</span><a href=\"v2/0190/index.html#O\">O</a></td><td><span title=\"equal\">=</span><a href=\"v3/AddressUse/index.html#WP\">WP</a></td></tr><tr><td>temp<a name=\"temp\"> </a></td><td>Temp</td><td>A temporary address. The period can provide more detailed information.</td><td><span title=\"equivalent\">~</span><a href=\"v2/0190/index.html#C\">C</a></td><td><span title=\"equal\">=</span><a href=\"v3/AddressUse/index.html#TMP\">TMP</a></td></tr><tr><td>old<a name=\"old\"> </a></td><td>Old</td><td>This address is no longer in use (or was never correct, but retained for records).</td><td><span title=\"wider\">&gt;</span><a href=\"v2/0190/index.html#BA\">BA</a><i>(unclear about old addresses)</i></td><td><span title=\"narrower\">&lt;</span><a href=\"v3/AddressUse/index.html#OLD\">OLD</a><i>(Bad or Old)</i><br/><span title=\"narrower\">&lt;</span><a href=\"v3/AddressUse/index.html#BAD\">BAD</a><i>(Bad or Old)</i></td></tr></table></div>"
  },
  "extension": [
    {
      "url": "http://hl7.org/fhir/StructureDefinition/valueset-oid",
      "valueUri": "urn:oid:2.16.840.1.113883.4.642.2.16"
    }
  ],
  "url": "http://hl7.org/fhir/vs/address-use",
  "version": "0.4.0",
  "name": "AddressUse",
  "publisher": "HL7 (FHIR Project)",
  "contact": [
    {
      "telecom": [
        {
          "system": "url",
          "value": "http://hl7.org/fhir"
        },
        {
          "system": "email",
          "value": "fhir@lists.hl7.org"
        }
      ]
    }
  ],
  "description": "The use of an address",
  "status": "draft",
  "experimental": false,
  "date": "2015-03-23T23:56:59+00:00",
  "define": {
    "extension": [
      {
        "url": "http://hl7.org/fhir/StructureDefinition/valueset-oid",
        "valueUri": "urn:oid:2.16.840.1.113883.4.642.1.16"
      }
    ],
    "system": "http://hl7.org/fhir/address-use",
    "caseSensitive": true,
    "concept": [
      {
        "code": "home",
        "display": "Home",
        "definition": "A communication address at a home."
      },
      {
        "code": "work",
        "display": "Work",
        "definition": "An office address. First choice for business related contacts during business hours."
      },
      {
        "code": "temp",
        "display": "Temp",
        "definition": "A temporary address. The period can provide more detailed information."
      },
      {
        "code": "old",
        "display": "Old",
        "definition": "This address is no longer in use (or was never correct, but retained for records)."
      }
    ]
  }
}