{"contact":[{"telecom":[{"system":"url","value":"http://hl7.org/fhir"},{"system":"email","value":"fhir@lists.hl7.org"}]}],"date":"2015-03-23T23:56:59+00:00","description":"v2 Map (0190)","element":[{"code":"home","codeSystem":"http://hl7.org/fhir/address-use","map":[{"code":"H","codeSystem":"http://hl7.org/fhir/v2/0190","equivalence":"equivalent"}]},{"code":"work","codeSystem":"http://hl7.org/fhir/address-use","map":[{"code":"O","codeSystem":"http://hl7.org/fhir/v2/0190","equivalence":"equivalent"}]},{"code":"temp","codeSystem":"http://hl7.org/fhir/address-use","map":[{"code":"C","codeSystem":"http://hl7.org/fhir/v2/0190","equivalence":"equivalent"}]},{"code":"old","codeSystem":"http://hl7.org/fhir/address-use","map":[{"code":"BA","codeSystem":"http://hl7.org/fhir/v2/0190","comments":"unclear about old addresses","equivalence":"wider"}]}],"id":"v2-address-use","name":"v2 map for AddressUse","publisher":"HL7 (FHIR Project)","resourceType":"ConceptMap","sourceReference":{"reference":"http://hl7.org/fhir/vs/address-use"},"status":"draft","targetReference":{"reference":"http://hl7.org/fhir/v2/vs/0190"},"text":{"div":"<div><h2>v2 map for AddressUse (http://hl7.org/fhir/cm/v2/address-use)</h2><p>Mapping from <a href=\"address-use.html\">http://hl7.org/fhir/vs/address-use</a> to <a href=\"v2/0190/index.html\">http://hl7.org/fhir/v2/vs/0190</a></p><p>DRAFT. Published on Mar 23, 2015 11:56:59 PM by HL7 (FHIR Project) (<a href=\"http://hl7.org/fhir\">http://hl7.org/fhir</a>, <a href=\"mailto:fhir@lists.hl7.org\">fhir@lists.hl7.org</a>; ). </p><p>v2 Map (0190)</p><br/><table class=\"grid\"><tr><td><b>Source Code</b></td><td><b>Equivalence</b></td><td><b>Destination Code</b></td><td><b>Comments</b></td></tr><tr><td>home (Home)</td><td>equivalent</td><td>H (Home)</td><td/></tr><tr><td>work (Work)</td><td>equivalent</td><td>O (Office/Business)</td><td/></tr><tr><td>temp (Temp)</td><td>equivalent</td><td>C (Current Or Temporary)</td><td/></tr><tr><td>old (Old)</td><td>wider</td><td>BA (Bad address)</td><td>unclear about old addresses</td></tr></table></div>","status":"generated"},"url":"http://hl7.org/fhir/cm/v2/address-use"}