{"contact":[{"telecom":[{"system":"url","value":"http://hl7.org/fhir"},{"system":"email","value":"fhir@lists.hl7.org"}]}],"date":"2015-03-23T23:56:59+00:00","description":"v3 Map (AdministrativeGender)","element":[{"code":"male","codeSystem":"http://hl7.org/fhir/administrative-gender","map":[{"code":"M","codeSystem":"http://hl7.org/fhir/v3/AdministrativeGender","equivalence":"equal"}]},{"code":"female","codeSystem":"http://hl7.org/fhir/administrative-gender","map":[{"code":"F","codeSystem":"http://hl7.org/fhir/v3/AdministrativeGender","equivalence":"equal"}]},{"code":"other","codeSystem":"http://hl7.org/fhir/administrative-gender","map":[{"code":"UN","codeSystem":"http://hl7.org/fhir/v3/AdministrativeGender","equivalence":"wider"}]},{"code":"unknown","codeSystem":"http://hl7.org/fhir/administrative-gender","map":[{"code":"UNK","codeSystem":"http://hl7.org/fhir/v3/AdministrativeGender","equivalence":"equal"}]}],"id":"v3-administrative-gender","name":"v3 map for AdministrativeGender","publisher":"HL7 (FHIR Project)","resourceType":"ConceptMap","sourceReference":{"reference":"http://hl7.org/fhir/vs/administrative-gender"},"status":"draft","targetReference":{"reference":"http://hl7.org/fhir/v3/vs/AdministrativeGender"},"text":{"div":"<div><h2>v3 map for AdministrativeGender (http://hl7.org/fhir/cm/v3/administrative-gender)</h2><p>Mapping from <a href=\"administrative-gender.html\">http://hl7.org/fhir/vs/administrative-gender</a> to <a href=\"v3/AdministrativeGender/index.html\">http://hl7.org/fhir/v3/vs/AdministrativeGender</a></p><p>DRAFT. Published on Mar 23, 2015 11:56:59 PM by HL7 (FHIR Project) (<a href=\"http://hl7.org/fhir\">http://hl7.org/fhir</a>, <a href=\"mailto:fhir@lists.hl7.org\">fhir@lists.hl7.org</a>; ). </p><p>v3 Map (AdministrativeGender)</p><br/><table class=\"grid\"><tr><td><b>Source Code</b></td><td><b>Equivalence</b></td><td><b>Destination Code</b></td></tr><tr><td>male (Male)</td><td>equal</td><td>M (Male)</td></tr><tr><td>female (Female)</td><td>equal</td><td>F (Female)</td></tr><tr><td>other (Other)</td><td>wider</td><td>UN (Undifferentiated)</td></tr><tr><td>unknown (Unknown)</td><td>equal</td><td>UNK</td></tr></table></div>","status":"generated"},"url":"http://hl7.org/fhir/cm/v3/administrative-gender"}