{"contact":[{"telecom":[{"system":"url","value":"http://hl7.org/fhir"},{"system":"email","value":"fhir@lists.hl7.org"}]}],"date":"2015-03-23T23:56:59+00:00","description":"v2 Map (0001)","element":[{"code":"male","codeSystem":"http://hl7.org/fhir/administrative-gender","map":[{"code":"M","codeSystem":"http://hl7.org/fhir/v2/0001","equivalence":"equal"}]},{"code":"female","codeSystem":"http://hl7.org/fhir/administrative-gender","map":[{"code":"F","codeSystem":"http://hl7.org/fhir/v2/0001","equivalence":"equal"}]},{"code":"other","codeSystem":"http://hl7.org/fhir/administrative-gender","map":[{"code":"A","codeSystem":"http://hl7.org/fhir/v2/0001","equivalence":"wider"}]},{"code":"other","codeSystem":"http://hl7.org/fhir/administrative-gender","map":[{"code":"O","codeSystem":"http://hl7.org/fhir/v2/0001","equivalence":"wider"}]},{"code":"unknown","codeSystem":"http://hl7.org/fhir/administrative-gender","map":[{"code":"U","codeSystem":"http://hl7.org/fhir/v2/0001","equivalence":"equal"}]}],"id":"v2-administrative-gender","name":"v2 map for AdministrativeGender","publisher":"HL7 (FHIR Project)","resourceType":"ConceptMap","sourceReference":{"reference":"http://hl7.org/fhir/vs/administrative-gender"},"status":"draft","targetReference":{"reference":"http://hl7.org/fhir/v2/vs/0001"},"text":{"div":"<div><h2>v2 map for AdministrativeGender (http://hl7.org/fhir/cm/v2/administrative-gender)</h2><p>Mapping from <a href=\"administrative-gender.html\">http://hl7.org/fhir/vs/administrative-gender</a> to <a href=\"v2/0001/index.html\">http://hl7.org/fhir/v2/vs/0001</a></p><p>DRAFT. Published on Mar 23, 2015 11:56:59 PM by HL7 (FHIR Project) (<a href=\"http://hl7.org/fhir\">http://hl7.org/fhir</a>, <a href=\"mailto:fhir@lists.hl7.org\">fhir@lists.hl7.org</a>; ). </p><p>v2 Map (0001)</p><br/><table class=\"grid\"><tr><td><b>Source Code</b></td><td><b>Equivalence</b></td><td><b>Destination Code</b></td></tr><tr><td>male (Male)</td><td>equal</td><td>M (Male)</td></tr><tr><td>female (Female)</td><td>equal</td><td>F (Female)</td></tr><tr><td>other (Other)</td><td>wider</td><td>A (Ambiguous)</td></tr><tr><td>other (Other)</td><td>wider</td><td>O (Other)</td></tr><tr><td>unknown (Unknown)</td><td>equal</td><td>U (Unknown)</td></tr></table></div>","status":"generated"},"url":"http://hl7.org/fhir/cm/v2/administrative-gender"}