{
  "resourceType": "ValueSet",
  "id": "alert-status",
  "meta": {
    "lastUpdated": "2015-03-23T23:56:59.139+00:00",
    "profile": [
      "http://hl7.org/fhir/StructureDefinition/valueset-shareable-definition"
    ]
  },
  "text": {
    "status": "generated",
    "div": "<div><p>This value set contains 3 concepts</p><h2>AlertStatus</h2><p>Indicates whether this alert is active and needs to be displayed to a user, or whether it is no longer needed or entered in error</p><p>This value set defines its own terms in the system http://hl7.org/fhir/alert-status</p><table class=\"codes\"><tr><td><b>Code</b></td><td><b>Display</b></td><td><b>Definition</b></td></tr><tr><td>active<a name=\"active\"> </a></td><td>Active</td><td>A current alert that should be displayed to a user. A system may use the category to determine which roles should view the alert.</td></tr><tr><td>inactive<a name=\"inactive\"> </a></td><td>Inactive</td><td>The alert does not need to be displayed any more.</td></tr><tr><td>entered-in-error<a name=\"entered-in-error\"> </a></td><td>Entered In Error</td><td>The alert was added in error, and should no longer be displayed.</td></tr></table></div>"
  },
  "extension": [
    {
      "url": "http://hl7.org/fhir/StructureDefinition/valueset-oid",
      "valueUri": "urn:oid:2.16.840.1.113883.4.642.2.208"
    }
  ],
  "url": "http://hl7.org/fhir/vs/alert-status",
  "version": "0.4.0",
  "name": "AlertStatus",
  "publisher": "HL7 (FHIR Project)",
  "contact": [
    {
      "telecom": [
        {
          "system": "url",
          "value": "http://hl7.org/fhir"
        },
        {
          "system": "email",
          "value": "fhir@lists.hl7.org"
        }
      ]
    }
  ],
  "description": "Indicates whether this alert is active and needs to be displayed to a user, or whether it is no longer needed or entered in error",
  "status": "draft",
  "experimental": false,
  "date": "2015-03-23T23:56:59+00:00",
  "define": {
    "extension": [
      {
        "url": "http://hl7.org/fhir/StructureDefinition/valueset-oid",
        "valueUri": "urn:oid:2.16.840.1.113883.4.642.1.208"
      }
    ],
    "system": "http://hl7.org/fhir/alert-status",
    "caseSensitive": true,
    "concept": [
      {
        "code": "active",
        "display": "Active",
        "definition": "A current alert that should be displayed to a user. A system may use the category to determine which roles should view the alert."
      },
      {
        "code": "inactive",
        "display": "Inactive",
        "definition": "The alert does not need to be displayed any more."
      },
      {
        "code": "entered-in-error",
        "display": "Entered In Error",
        "definition": "The alert was added in error, and should no longer be displayed."
      }
    ]
  }
}