{
  "resourceType": "ValueSet",
  "id": "allergy-intolerance-criticality",
  "meta": {
    "lastUpdated": "2015-03-23T23:56:59.139+00:00",
    "profile": [
      "http://hl7.org/fhir/StructureDefinition/valueset-shareable-definition"
    ]
  },
  "text": {
    "status": "generated",
    "div": "<div><p>This value set contains 3 concepts</p><h2>AllergyIntoleranceCriticality</h2><p>Estimate of the potential clinical harm, or seriousness, of a reaction to an identified Substance</p><p>This value set defines its own terms in the system http://hl7.org/fhir/allergy-intolerance-criticality</p><table class=\"codes\"><tr><td><b>Code</b></td><td><b>Display</b></td><td><b>Definition</b></td></tr><tr><td>low<a name=\"low\"> </a></td><td>Low Risk</td><td>The potential clinical impact of a future reaction is estimated as low risk: exposure to substance is unlikely to result in a life threatening or organ system threatening outcome. Future exposure to the Substance is considered a relative contra-indication.</td></tr><tr><td>high<a name=\"high\"> </a></td><td>High Risk</td><td>The potential clinical impact of a future reaction is estimated as high risk: exposure to substance may result in a life threatening or organ system threatening outcome. Future exposure to the Substance may be considered an absolute contra-indication.</td></tr><tr><td>unassessible<a name=\"unassessible\"> </a></td><td>Unable to determine</td><td>Unable to assess the potential clinical impact with the information available.</td></tr></table></div>"
  },
  "extension": [
    {
      "url": "http://hl7.org/fhir/StructureDefinition/valueset-oid",
      "valueUri": "urn:oid:2.16.840.1.113883.4.642.2.479"
    }
  ],
  "url": "http://hl7.org/fhir/vs/allergy-intolerance-criticality",
  "version": "0.4.0",
  "name": "AllergyIntoleranceCriticality",
  "publisher": "HL7 (FHIR Project)",
  "contact": [
    {
      "telecom": [
        {
          "system": "url",
          "value": "http://hl7.org/fhir"
        },
        {
          "system": "email",
          "value": "fhir@lists.hl7.org"
        }
      ]
    }
  ],
  "description": "Estimate of the potential clinical harm, or seriousness, of a reaction to an identified Substance",
  "status": "draft",
  "experimental": false,
  "date": "2015-03-23T23:56:59+00:00",
  "define": {
    "extension": [
      {
        "url": "http://hl7.org/fhir/StructureDefinition/valueset-oid",
        "valueUri": "urn:oid:2.16.840.1.113883.4.642.1.479"
      }
    ],
    "system": "http://hl7.org/fhir/allergy-intolerance-criticality",
    "caseSensitive": true,
    "concept": [
      {
        "code": "low",
        "display": "Low Risk",
        "definition": "The potential clinical impact of a future reaction is estimated as low risk: exposure to substance is unlikely to result in a life threatening or organ system threatening outcome. Future exposure to the Substance is considered a relative contra-indication."
      },
      {
        "code": "high",
        "display": "High Risk",
        "definition": "The potential clinical impact of a future reaction is estimated as high risk: exposure to substance may result in a life threatening or organ system threatening outcome. Future exposure to the Substance may be considered an absolute contra-indication."
      },
      {
        "code": "unassessible",
        "display": "Unable to determine",
        "definition": "Unable to assess the potential clinical impact with the information available."
      }
    ]
  }
}