{
  "resourceType": "ValueSet",
  "id": "allergy-intolerance-status",
  "meta": {
    "lastUpdated": "2015-03-23T23:56:59.139+00:00",
    "profile": [
      "http://hl7.org/fhir/StructureDefinition/valueset-shareable-definition"
    ]
  },
  "text": {
    "status": "generated",
    "div": "<div><p>This value set contains 4 concepts</p><h2>AllergyIntoleranceStatus</h2><p>Assertion about certainty associated with a propensity, or potential risk, of a reaction to the identified Substance</p><p>This value set defines its own terms in the system http://hl7.org/fhir/allergy-intolerance-status</p><table class=\"codes\"><tr><td><b>Code</b></td><td><b>Display</b></td><td><b>Definition</b></td></tr><tr><td>unconfirmed<a name=\"unconfirmed\"> </a></td><td>Unconfirmed</td><td>A low level of certainty about the propensity for a reaction to the identified Substance.</td></tr><tr><td>confirmed<a name=\"confirmed\"> </a></td><td>Confirmed</td><td>A high level of certainty about the propensity for a reaction to the identified Substance, which may include clinical evidence by testing or rechallenge.</td></tr><tr><td>resolved<a name=\"resolved\"> </a></td><td>Resolved</td><td>A reaction to the identified Substance has been clinically reassessed by testing or rechallenge and considered to be resolved.</td></tr><tr><td>refuted<a name=\"refuted\"> </a></td><td>Refuted</td><td>A propensity for a reaction to the identified Substance has been disproven with a high level of clinical certainty, which may include testing or rechallenge, and is refuted.</td></tr></table></div>"
  },
  "extension": [
    {
      "url": "http://hl7.org/fhir/StructureDefinition/valueset-oid",
      "valueUri": "urn:oid:2.16.840.1.113883.4.642.2.478"
    }
  ],
  "url": "http://hl7.org/fhir/vs/allergy-intolerance-status",
  "version": "0.4.0",
  "name": "AllergyIntoleranceStatus",
  "publisher": "HL7 (FHIR Project)",
  "contact": [
    {
      "telecom": [
        {
          "system": "url",
          "value": "http://hl7.org/fhir"
        },
        {
          "system": "email",
          "value": "fhir@lists.hl7.org"
        }
      ]
    }
  ],
  "description": "Assertion about certainty associated with a propensity, or potential risk, of a reaction to the identified Substance",
  "status": "draft",
  "experimental": false,
  "date": "2015-03-23T23:56:59+00:00",
  "define": {
    "extension": [
      {
        "url": "http://hl7.org/fhir/StructureDefinition/valueset-oid",
        "valueUri": "urn:oid:2.16.840.1.113883.4.642.1.478"
      }
    ],
    "system": "http://hl7.org/fhir/allergy-intolerance-status",
    "caseSensitive": true,
    "concept": [
      {
        "code": "unconfirmed",
        "display": "Unconfirmed",
        "definition": "A low level of certainty about the propensity for a reaction to the identified Substance."
      },
      {
        "code": "confirmed",
        "display": "Confirmed",
        "definition": "A high level of certainty about the propensity for a reaction to the identified Substance, which may include clinical evidence by testing or rechallenge."
      },
      {
        "code": "resolved",
        "display": "Resolved",
        "definition": "A reaction to the identified Substance has been clinically reassessed by testing or rechallenge and considered to be resolved."
      },
      {
        "code": "refuted",
        "display": "Refuted",
        "definition": "A propensity for a reaction to the identified Substance has been disproven with a high level of clinical certainty, which may include testing or rechallenge, and is refuted."
      }
    ]
  }
}