{
  "resourceType": "ValueSet",
  "id": "allergy-intolerance-type",
  "meta": {
    "lastUpdated": "2015-03-23T23:56:59.139+00:00",
    "profile": [
      "http://hl7.org/fhir/StructureDefinition/valueset-shareable-definition"
    ]
  },
  "text": {
    "status": "generated",
    "div": "<div><p>This value set contains 2 concepts</p><h2>AllergyIntoleranceType</h2><p>Identification of the underlying physiological mechanism for a Reaction Risk</p><p>This value set defines its own terms in the system http://hl7.org/fhir/allergy-intolerance-type</p><table class=\"codes\"><tr><td><b>Code</b></td><td><b>Display</b></td><td><b>Definition</b></td></tr><tr><td>immune<a name=\"immune\"> </a></td><td>Immune Mediated</td><td>Immune mediated reaction, including allergic reactions and hypersensitivities.</td></tr><tr><td>non-immune<a name=\"non-immune\"> </a></td><td>Non-immune mediated</td><td>A non-immune mediated reaction, which can include pseudoallergic reactions, side effects, intolerances, drug toxicities (eg to Gentamicin), drug-drug interactions, food-drug interactions, and drug-disease interactions.</td></tr></table></div>"
  },
  "extension": [
    {
      "url": "http://hl7.org/fhir/StructureDefinition/valueset-oid",
      "valueUri": "urn:oid:2.16.840.1.113883.4.642.2.480"
    }
  ],
  "url": "http://hl7.org/fhir/vs/allergy-intolerance-type",
  "version": "0.4.0",
  "name": "AllergyIntoleranceType",
  "publisher": "HL7 (FHIR Project)",
  "contact": [
    {
      "telecom": [
        {
          "system": "url",
          "value": "http://hl7.org/fhir"
        },
        {
          "system": "email",
          "value": "fhir@lists.hl7.org"
        }
      ]
    }
  ],
  "description": "Identification of the underlying physiological mechanism for a Reaction Risk",
  "status": "draft",
  "experimental": false,
  "date": "2015-03-23T23:56:59+00:00",
  "define": {
    "extension": [
      {
        "url": "http://hl7.org/fhir/StructureDefinition/valueset-oid",
        "valueUri": "urn:oid:2.16.840.1.113883.4.642.1.480"
      }
    ],
    "system": "http://hl7.org/fhir/allergy-intolerance-type",
    "caseSensitive": true,
    "concept": [
      {
        "code": "immune",
        "display": "Immune Mediated",
        "definition": "Immune mediated reaction, including allergic reactions and hypersensitivities."
      },
      {
        "code": "non-immune",
        "display": "Non-immune mediated",
        "definition": "A non-immune mediated reaction, which can include pseudoallergic reactions, side effects, intolerances, drug toxicities (eg to Gentamicin), drug-drug interactions, food-drug interactions, and drug-disease interactions."
      }
    ]
  }
}