{
  "resourceType": "ValueSet",
  "id": "answer-format",
  "meta": {
    "lastUpdated": "2015-03-23T23:56:59.139+00:00",
    "profile": [
      "http://hl7.org/fhir/StructureDefinition/valueset-shareable-definition"
    ]
  },
  "text": {
    "status": "generated",
    "div": "<div><p>This value set contains 15 concepts</p><h2>AnswerFormat</h2><p>The expected format of an answer</p><p>This value set defines its own terms in the system http://hl7.org/fhir/answer-format</p><table class=\"codes\"><tr><td><b>Code</b></td><td><b>Display</b></td><td><b>Definition</b></td></tr><tr><td>boolean<a name=\"boolean\"> </a></td><td>Boolean</td><td>Answer is a yes/no answer.</td></tr><tr><td>decimal<a name=\"decimal\"> </a></td><td>Decimal</td><td>Answer is a floating point number.</td></tr><tr><td>integer<a name=\"integer\"> </a></td><td>Integer</td><td>Answer is an integer.</td></tr><tr><td>date<a name=\"date\"> </a></td><td>Date</td><td>Answer is a date.</td></tr><tr><td>dateTime<a name=\"dateTime\"> </a></td><td>Date Time</td><td>Answer is a date and time.</td></tr><tr><td>instant<a name=\"instant\"> </a></td><td>Instant</td><td>Answer is a system timestamp.</td></tr><tr><td>time<a name=\"time\"> </a></td><td>Time</td><td>Answer is a time independent of date.</td></tr><tr><td>string<a name=\"string\"> </a></td><td>String</td><td>Answer is a short (few words to short sentence) free-text entry.</td></tr><tr><td>text<a name=\"text\"> </a></td><td>Text</td><td>Answer is a long (potentially multi-paragram) free-text entry.</td></tr><tr><td>url<a name=\"url\"> </a></td><td>Url</td><td>Answer is a url (website, FTP site, etc.).</td></tr><tr><td>choice<a name=\"choice\"> </a></td><td>Choice</td><td>Answer is a choice from a list of options.</td></tr><tr><td>open-choice<a name=\"open-choice\"> </a></td><td>Open Choice</td><td>Answer is a choice from a list of options or a free-text entry.</td></tr><tr><td>attachment<a name=\"attachment\"> </a></td><td>Attachment</td><td>Answer is binary content such as a image, PDF, etc.</td></tr><tr><td>reference<a name=\"reference\"> </a></td><td>Reference</td><td>Answer is a reference to another resource (practitioner, organization, etc.).</td></tr><tr><td>quantity<a name=\"quantity\"> </a></td><td>Quantity</td><td>Answer is a combination of a numeric value and unit.</td></tr></table></div>"
  },
  "extension": [
    {
      "url": "http://hl7.org/fhir/StructureDefinition/valueset-oid",
      "valueUri": "urn:oid:2.16.840.1.113883.4.642.2.254"
    }
  ],
  "url": "http://hl7.org/fhir/vs/answer-format",
  "version": "0.4.0",
  "name": "AnswerFormat",
  "publisher": "HL7 (FHIR Project)",
  "contact": [
    {
      "telecom": [
        {
          "system": "url",
          "value": "http://hl7.org/fhir"
        },
        {
          "system": "email",
          "value": "fhir@lists.hl7.org"
        }
      ]
    }
  ],
  "description": "The expected format of an answer",
  "status": "draft",
  "experimental": false,
  "date": "2015-03-23T23:56:59+00:00",
  "define": {
    "extension": [
      {
        "url": "http://hl7.org/fhir/StructureDefinition/valueset-oid",
        "valueUri": "urn:oid:2.16.840.1.113883.4.642.1.254"
      }
    ],
    "system": "http://hl7.org/fhir/answer-format",
    "caseSensitive": true,
    "concept": [
      {
        "code": "boolean",
        "display": "Boolean",
        "definition": "Answer is a yes/no answer."
      },
      {
        "code": "decimal",
        "display": "Decimal",
        "definition": "Answer is a floating point number."
      },
      {
        "code": "integer",
        "display": "Integer",
        "definition": "Answer is an integer."
      },
      {
        "code": "date",
        "display": "Date",
        "definition": "Answer is a date."
      },
      {
        "code": "dateTime",
        "display": "Date Time",
        "definition": "Answer is a date and time."
      },
      {
        "code": "instant",
        "display": "Instant",
        "definition": "Answer is a system timestamp."
      },
      {
        "code": "time",
        "display": "Time",
        "definition": "Answer is a time independent of date."
      },
      {
        "code": "string",
        "display": "String",
        "definition": "Answer is a short (few words to short sentence) free-text entry."
      },
      {
        "code": "text",
        "display": "Text",
        "definition": "Answer is a long (potentially multi-paragram) free-text entry."
      },
      {
        "code": "url",
        "display": "Url",
        "definition": "Answer is a url (website, FTP site, etc.)."
      },
      {
        "code": "choice",
        "display": "Choice",
        "definition": "Answer is a choice from a list of options."
      },
      {
        "code": "open-choice",
        "display": "Open Choice",
        "definition": "Answer is a choice from a list of options or a free-text entry."
      },
      {
        "code": "attachment",
        "display": "Attachment",
        "definition": "Answer is binary content such as a image, PDF, etc."
      },
      {
        "code": "reference",
        "display": "Reference",
        "definition": "Answer is a reference to another resource (practitioner, organization, etc.)."
      },
      {
        "code": "quantity",
        "display": "Quantity",
        "definition": "Answer is a combination of a numeric value and unit."
      }
    ]
  }
}