{
  "resourceType": "ValueSet",
  "id": "appointmentstatus",
  "meta": {
    "lastUpdated": "2015-03-23T23:56:59.139+00:00",
    "profile": [
      "http://hl7.org/fhir/StructureDefinition/valueset-shareable-definition"
    ]
  },
  "text": {
    "status": "generated",
    "div": "<div><p>This value set contains 6 concepts</p><h2>AppointmentStatus</h2><p>The free/busy status of an appointment</p><p>This value set defines its own terms in the system http://hl7.org/fhir/appointmentstatus</p><table class=\"codes\"><tr><td><b>Code</b></td><td><b>Display</b></td><td><b>Definition</b></td></tr><tr><td>pending<a name=\"pending\"> </a></td><td>Pending</td><td>Some or all of the participant(s) have not finalized their acceptance of the appointment request.</td></tr><tr><td>booked<a name=\"booked\"> </a></td><td>Booked</td><td>All participant(s) have been considered and the appointment is confirmed to go ahead at the date/times specified.</td></tr><tr><td>arrived<a name=\"arrived\"> </a></td><td>Arrived</td><td>Some of the patients have arrived.</td></tr><tr><td>fulfilled<a name=\"fulfilled\"> </a></td><td>Fulfilled</td><td>This appointment has completed and may have resulted in an encounter.</td></tr><tr><td>cancelled<a name=\"cancelled\"> </a></td><td>Cancelled</td><td>The appointment has been cancelled.</td></tr><tr><td>noshow<a name=\"noshow\"> </a></td><td>No Show</td><td>Some or all of the participant(s) have not/did not appear for the appointment (usually the patient).</td></tr></table></div>"
  },
  "extension": [
    {
      "url": "http://hl7.org/fhir/StructureDefinition/valueset-oid",
      "valueUri": "urn:oid:2.16.840.1.113883.4.642.2.360"
    }
  ],
  "url": "http://hl7.org/fhir/vs/appointmentstatus",
  "version": "0.4.0",
  "name": "AppointmentStatus",
  "publisher": "HL7 (FHIR Project)",
  "contact": [
    {
      "telecom": [
        {
          "system": "url",
          "value": "http://hl7.org/fhir"
        },
        {
          "system": "email",
          "value": "fhir@lists.hl7.org"
        }
      ]
    }
  ],
  "description": "The free/busy status of an appointment",
  "status": "draft",
  "experimental": false,
  "date": "2015-03-23T23:56:59+00:00",
  "define": {
    "extension": [
      {
        "url": "http://hl7.org/fhir/StructureDefinition/valueset-oid",
        "valueUri": "urn:oid:2.16.840.1.113883.4.642.1.360"
      }
    ],
    "system": "http://hl7.org/fhir/appointmentstatus",
    "caseSensitive": true,
    "concept": [
      {
        "code": "pending",
        "display": "Pending",
        "definition": "Some or all of the participant(s) have not finalized their acceptance of the appointment request."
      },
      {
        "code": "booked",
        "display": "Booked",
        "definition": "All participant(s) have been considered and the appointment is confirmed to go ahead at the date/times specified."
      },
      {
        "code": "arrived",
        "display": "Arrived",
        "definition": "Some of the patients have arrived."
      },
      {
        "code": "fulfilled",
        "display": "Fulfilled",
        "definition": "This appointment has completed and may have resulted in an encounter."
      },
      {
        "code": "cancelled",
        "display": "Cancelled",
        "definition": "The appointment has been cancelled."
      },
      {
        "code": "noshow",
        "display": "No Show",
        "definition": "Some or all of the participant(s) have not/did not appear for the appointment (usually the patient)."
      }
    ]
  }
}