{
  "resourceType": "ValueSet",
  "id": "audit-event-action",
  "meta": {
    "lastUpdated": "2015-03-23T23:56:59.139+00:00",
    "profile": [
      "http://hl7.org/fhir/StructureDefinition/valueset-shareable-definition"
    ]
  },
  "text": {
    "status": "generated",
    "div": "<div><p>This value set contains 5 concepts</p><h2>AuditEventAction</h2><p>Indicator for type of action performed during the event that generated the audit.</p><p>This value set defines its own terms in the system http://hl7.org/fhir/audit-event-action</p><table class=\"codes\"><tr><td><b>Code</b></td><td><b>Display</b></td><td><b>Definition</b></td></tr><tr><td>C<a name=\"C\"> </a></td><td>Create</td><td>Create a new database object, such as Placing an Order.</td></tr><tr><td>R<a name=\"R\"> </a></td><td>Read/View/Print</td><td>Display or print data, such as a Doctor Census.</td></tr><tr><td>U<a name=\"U\"> </a></td><td>Update</td><td>Update data, such as Revise Patient Information.</td></tr><tr><td>D<a name=\"D\"> </a></td><td>Delete</td><td>Delete items, such as a doctor master file record.</td></tr><tr><td>E<a name=\"E\"> </a></td><td>Execute</td><td>Perform a system or application function such as log-on, program execution or use of an object's method, or perform a query/search operation.</td></tr></table></div>"
  },
  "extension": [
    {
      "url": "http://hl7.org/fhir/StructureDefinition/valueset-oid",
      "valueUri": "urn:oid:2.16.840.1.113883.4.642.2.1476"
    }
  ],
  "url": "http://hl7.org/fhir/vs/audit-event-action",
  "version": "0.4.0",
  "name": "AuditEventAction",
  "publisher": "HL7 (FHIR Project)",
  "contact": [
    {
      "telecom": [
        {
          "system": "url",
          "value": "http://hl7.org/fhir"
        },
        {
          "system": "email",
          "value": "fhir@lists.hl7.org"
        }
      ]
    }
  ],
  "description": "Indicator for type of action performed during the event that generated the audit.",
  "status": "draft",
  "experimental": false,
  "date": "2015-03-23T23:56:59+00:00",
  "define": {
    "extension": [
      {
        "url": "http://hl7.org/fhir/StructureDefinition/valueset-oid",
        "valueUri": "urn:oid:2.16.840.1.113883.4.642.1.1476"
      }
    ],
    "system": "http://hl7.org/fhir/audit-event-action",
    "caseSensitive": true,
    "concept": [
      {
        "code": "C",
        "display": "Create",
        "definition": "Create a new database object, such as Placing an Order."
      },
      {
        "code": "R",
        "display": "Read/View/Print",
        "definition": "Display or print data, such as a Doctor Census."
      },
      {
        "code": "U",
        "display": "Update",
        "definition": "Update data, such as Revise Patient Information."
      },
      {
        "code": "D",
        "display": "Delete",
        "definition": "Delete items, such as a doctor master file record."
      },
      {
        "code": "E",
        "display": "Execute",
        "definition": "Perform a system or application function such as log-on, program execution or use of an object's method, or perform a query/search operation."
      }
    ]
  }
}