{
  "resourceType": "ValueSet",
  "id": "audit-event-outcome",
  "meta": {
    "lastUpdated": "2015-03-23T23:56:59.139+00:00",
    "profile": [
      "http://hl7.org/fhir/StructureDefinition/valueset-shareable-definition"
    ]
  },
  "text": {
    "status": "generated",
    "div": "<div><p>This value set contains 4 concepts</p><h2>AuditEventOutcome</h2><p>Indicates whether the event succeeded or failed</p><p>This value set defines its own terms in the system http://hl7.org/fhir/audit-event-outcome</p><table class=\"codes\"><tr><td><b>Code</b></td><td><b>Display</b></td><td><b>Definition</b></td></tr><tr><td>0<a name=\"0\"> </a></td><td>Success</td><td>The operation completed successfully (whether with warnings or not).</td></tr><tr><td>4<a name=\"4\"> </a></td><td>Minor failure</td><td>The action was not successful due to some kind of catered for error (often equivalent to an HTTP 400 response).</td></tr><tr><td>8<a name=\"8\"> </a></td><td>Serious failure</td><td>The action was not successful due to some kind of unexpected error (often equivalent to an HTTP 500 response).</td></tr><tr><td>12<a name=\"12\"> </a></td><td>Major failure</td><td>An error of such magnitude occurred that the system is not longer available for use (i.e. the system died).</td></tr></table></div>"
  },
  "extension": [
    {
      "url": "http://hl7.org/fhir/StructureDefinition/valueset-oid",
      "valueUri": "urn:oid:2.16.840.1.113883.4.642.2.1477"
    }
  ],
  "url": "http://hl7.org/fhir/vs/audit-event-outcome",
  "version": "0.4.0",
  "name": "AuditEventOutcome",
  "publisher": "HL7 (FHIR Project)",
  "contact": [
    {
      "telecom": [
        {
          "system": "url",
          "value": "http://hl7.org/fhir"
        },
        {
          "system": "email",
          "value": "fhir@lists.hl7.org"
        }
      ]
    }
  ],
  "description": "Indicates whether the event succeeded or failed",
  "status": "draft",
  "experimental": false,
  "date": "2015-03-23T23:56:59+00:00",
  "define": {
    "extension": [
      {
        "url": "http://hl7.org/fhir/StructureDefinition/valueset-oid",
        "valueUri": "urn:oid:2.16.840.1.113883.4.642.1.1477"
      }
    ],
    "system": "http://hl7.org/fhir/audit-event-outcome",
    "caseSensitive": true,
    "concept": [
      {
        "code": "0",
        "display": "Success",
        "definition": "The operation completed successfully (whether with warnings or not)."
      },
      {
        "code": "4",
        "display": "Minor failure",
        "definition": "The action was not successful due to some kind of catered for error (often equivalent to an HTTP 400 response)."
      },
      {
        "code": "8",
        "display": "Serious failure",
        "definition": "The action was not successful due to some kind of unexpected error (often equivalent to an HTTP 500 response)."
      },
      {
        "code": "12",
        "display": "Major failure",
        "definition": "An error of such magnitude occurred that the system is not longer available for use (i.e. the system died)."
      }
    ]
  }
}