{
  "resourceType": "ValueSet",
  "id": "base-codes",
  "meta": {
    "lastUpdated": "2015-03-23T23:56:59.139+00:00",
    "profile": [
      "http://hl7.org/fhir/StructureDefinition/valueset-shareable-definition"
    ]
  },
  "text": {
    "status": "generated",
    "div": "<div><p>This value set contains 4 concepts</p><h2>VisionBase</h2><p>A coded concept listing the base codes.</p><p>This value set defines its own terms in the system http://hl7.org/fhir/base-codes</p><table class=\"codes\"><tr><td><b>Code</b></td><td><b>Display</b></td><td><b>Definition</b></td></tr><tr><td>up<a name=\"up\"> </a></td><td>Up</td><td>top.</td></tr><tr><td>down<a name=\"down\"> </a></td><td>Down</td><td>bottom.</td></tr><tr><td>in<a name=\"in\"> </a></td><td>In</td><td>inner edge.</td></tr><tr><td>out<a name=\"out\"> </a></td><td>Out</td><td>outer edge.</td></tr></table></div>"
  },
  "extension": [
    {
      "url": "http://hl7.org/fhir/StructureDefinition/valueset-oid",
      "valueUri": "urn:oid:2.16.840.1.113883.4.642.2.558"
    }
  ],
  "url": "http://hl7.org/fhir/vs/base-codes",
  "version": "0.4.0",
  "name": "VisionBase",
  "publisher": "HL7 (FHIR Project)",
  "contact": [
    {
      "telecom": [
        {
          "system": "url",
          "value": "http://hl7.org/fhir"
        },
        {
          "system": "email",
          "value": "fhir@lists.hl7.org"
        }
      ]
    }
  ],
  "description": "A coded concept listing the base codes.",
  "status": "draft",
  "experimental": false,
  "date": "2015-03-23T23:56:59+00:00",
  "define": {
    "extension": [
      {
        "url": "http://hl7.org/fhir/StructureDefinition/valueset-oid",
        "valueUri": "urn:oid:2.16.840.1.113883.4.642.1.558"
      }
    ],
    "system": "http://hl7.org/fhir/base-codes",
    "caseSensitive": true,
    "concept": [
      {
        "code": "up",
        "display": "Up",
        "definition": "top."
      },
      {
        "code": "down",
        "display": "Down",
        "definition": "bottom."
      },
      {
        "code": "in",
        "display": "In",
        "definition": "inner edge."
      },
      {
        "code": "out",
        "display": "Out",
        "definition": "outer edge."
      }
    ]
  }
}