{
  "resourceType": "ValueSet",
  "id": "binding-strength",
  "meta": {
    "lastUpdated": "2015-03-23T23:56:59.139+00:00",
    "profile": [
      "http://hl7.org/fhir/StructureDefinition/valueset-shareable-definition"
    ]
  },
  "text": {
    "status": "generated",
    "div": "<div><p>This value set contains 4 concepts</p><h2>BindingStrength</h2><p>Indication of the degree of conformance expectations associated with a binding</p><p>This value set defines its own terms in the system http://hl7.org/fhir/binding-strength</p><table class=\"codes\"><tr><td><b>Code</b></td><td><b>Display</b></td><td><b>Definition</b></td></tr><tr><td>required<a name=\"required\"> </a></td><td>Required</td><td>To be conformant, instances of this element SHALL include a code from the specified value set.</td></tr><tr><td>extensible<a name=\"extensible\"> </a></td><td>Extensible</td><td>To be conformant, instances of this element SHALL include a code from the specified value set if any of the codes within the value set can apply to the concept being communicated.  If the valueset does not cover the concept (based on human review), alternate codings (or, data type allowing, text) may be included instead.</td></tr><tr><td>preferred<a name=\"preferred\"> </a></td><td>Preferred</td><td>Instances are encouraged to draw from the specified codes for interoperability purposes but are not required to do so to be considered conformant.</td></tr><tr><td>example<a name=\"example\"> </a></td><td>Example</td><td>Instances are not expected or even encouraged to draw from the specified value set.  The value set merely provides examples of the types of concepts intended to be included.</td></tr></table></div>"
  },
  "extension": [
    {
      "url": "http://hl7.org/fhir/StructureDefinition/valueset-oid",
      "valueUri": "urn:oid:2.16.840.1.113883.4.642.2.1552"
    }
  ],
  "url": "http://hl7.org/fhir/vs/binding-strength",
  "version": "0.4.0",
  "name": "BindingStrength",
  "publisher": "HL7 (FHIR Project)",
  "contact": [
    {
      "telecom": [
        {
          "system": "url",
          "value": "http://hl7.org/fhir"
        },
        {
          "system": "email",
          "value": "fhir@lists.hl7.org"
        }
      ]
    }
  ],
  "description": "Indication of the degree of conformance expectations associated with a binding",
  "status": "draft",
  "experimental": false,
  "date": "2015-03-23T23:56:59+00:00",
  "define": {
    "extension": [
      {
        "url": "http://hl7.org/fhir/StructureDefinition/valueset-oid",
        "valueUri": "urn:oid:2.16.840.1.113883.4.642.1.1552"
      }
    ],
    "system": "http://hl7.org/fhir/binding-strength",
    "caseSensitive": true,
    "concept": [
      {
        "code": "required",
        "display": "Required",
        "definition": "To be conformant, instances of this element SHALL include a code from the specified value set."
      },
      {
        "code": "extensible",
        "display": "Extensible",
        "definition": "To be conformant, instances of this element SHALL include a code from the specified value set if any of the codes within the value set can apply to the concept being communicated.  If the valueset does not cover the concept (based on human review), alternate codings (or, data type allowing, text) may be included instead."
      },
      {
        "code": "preferred",
        "display": "Preferred",
        "definition": "Instances are encouraged to draw from the specified codes for interoperability purposes but are not required to do so to be considered conformant."
      },
      {
        "code": "example",
        "display": "Example",
        "definition": "Instances are not expected or even encouraged to draw from the specified value set.  The value set merely provides examples of the types of concepts intended to be included."
      }
    ]
  }
}