{
  "resourceType": "ValueSet",
  "id": "bundle-type",
  "meta": {
    "lastUpdated": "2015-03-23T23:56:59.139+00:00",
    "profile": [
      "http://hl7.org/fhir/StructureDefinition/valueset-shareable-definition"
    ]
  },
  "text": {
    "status": "generated",
    "div": "<div><p>This value set contains 7 concepts</p><h2>BundleType</h2><p>Indicates the purpose of a bundle- how it was intended to be used</p><p>This value set defines its own terms in the system http://hl7.org/fhir/bundle-type</p><table class=\"codes\"><tr><td><b>Code</b></td><td><b>Display</b></td><td><b>Definition</b></td></tr><tr><td>document<a name=\"document\"> </a></td><td>Document</td><td>The bundle is a document. The first resource is a Composition.</td></tr><tr><td>message<a name=\"message\"> </a></td><td>Message</td><td>The bundle is a message. The first resource is a MessageHeader.</td></tr><tr><td>transaction<a name=\"transaction\"> </a></td><td>Transaction</td><td>The bundle is a transaction - intended to be processed by a server as an atomic commit.</td></tr><tr><td>transaction-response<a name=\"transaction-response\"> </a></td><td>Transaction Response</td><td>The bundle is a transaction response.</td></tr><tr><td>history<a name=\"history\"> </a></td><td>History List</td><td>The bundle is a list of resources from a _history interaction on a server.</td></tr><tr><td>searchset<a name=\"searchset\"> </a></td><td>Search Results</td><td>The bundle is a list of resources returned as a result of a search/query interaction, operation, or message.</td></tr><tr><td>collection<a name=\"collection\"> </a></td><td>Collection</td><td>The bundle is a set of resources collected into a single document for ease of distribution.</td></tr></table></div>"
  },
  "extension": [
    {
      "url": "http://hl7.org/fhir/StructureDefinition/valueset-oid",
      "valueUri": "urn:oid:2.16.840.1.113883.4.642.2.493"
    }
  ],
  "url": "http://hl7.org/fhir/vs/bundle-type",
  "version": "0.4.0",
  "name": "BundleType",
  "publisher": "HL7 (FHIR Project)",
  "contact": [
    {
      "telecom": [
        {
          "system": "url",
          "value": "http://hl7.org/fhir"
        },
        {
          "system": "email",
          "value": "fhir@lists.hl7.org"
        }
      ]
    }
  ],
  "description": "Indicates the purpose of a bundle- how it was intended to be used",
  "status": "draft",
  "experimental": false,
  "date": "2015-03-23T23:56:59+00:00",
  "define": {
    "extension": [
      {
        "url": "http://hl7.org/fhir/StructureDefinition/valueset-oid",
        "valueUri": "urn:oid:2.16.840.1.113883.4.642.1.493"
      }
    ],
    "system": "http://hl7.org/fhir/bundle-type",
    "caseSensitive": true,
    "concept": [
      {
        "code": "document",
        "display": "Document",
        "definition": "The bundle is a document. The first resource is a Composition."
      },
      {
        "code": "message",
        "display": "Message",
        "definition": "The bundle is a message. The first resource is a MessageHeader."
      },
      {
        "code": "transaction",
        "display": "Transaction",
        "definition": "The bundle is a transaction - intended to be processed by a server as an atomic commit."
      },
      {
        "code": "transaction-response",
        "display": "Transaction Response",
        "definition": "The bundle is a transaction response."
      },
      {
        "code": "history",
        "display": "History List",
        "definition": "The bundle is a list of resources from a _history interaction on a server."
      },
      {
        "code": "searchset",
        "display": "Search Results",
        "definition": "The bundle is a list of resources returned as a result of a search/query interaction, operation, or message."
      },
      {
        "code": "collection",
        "display": "Collection",
        "definition": "The bundle is a set of resources collected into a single document for ease of distribution."
      }
    ]
  }
}