{
  "resourceType": "ValueSet",
  "id": "care-plan-activity-category",
  "meta": {
    "lastUpdated": "2015-03-23T23:56:59.139+00:00",
    "profile": [
      "http://hl7.org/fhir/StructureDefinition/valueset-shareable-definition"
    ]
  },
  "text": {
    "status": "generated",
    "div": "<div><p>This value set contains 7 concepts</p><h2>CarePlanActivityCategory</h2><p>High-level categorization of the type of activity in a care plan.</p><p>This value set defines its own terms in the system http://hl7.org/fhir/care-plan-activity-category</p><table class=\"codes\"><tr><td><b>Code</b></td><td><b>Display</b></td><td><b>Definition</b></td></tr><tr><td>diet<a name=\"diet\"> </a></td><td>Diet</td><td>Plan for the patient to consume food of a specified nature.</td></tr><tr><td>drug<a name=\"drug\"> </a></td><td>Drug</td><td>Plan for the patient to consume/receive a drug, vaccine or other product.</td></tr><tr><td>encounter<a name=\"encounter\"> </a></td><td>Encounter</td><td>Plan to meet or communicate with the patient (in-patient, out-patient, phone call, etc.).</td></tr><tr><td>observation<a name=\"observation\"> </a></td><td>Observation</td><td>Plan to capture information about a patient (vitals, labs, diagnostic images, etc.).</td></tr><tr><td>procedure<a name=\"procedure\"> </a></td><td>Procedure</td><td>Plan to modify the patient in some way (surgery, physiotherapy, education, counseling, etc.).</td></tr><tr><td>supply<a name=\"supply\"> </a></td><td>Supply</td><td>Plan to provide something to the patient (medication, medical supply, etc.).</td></tr><tr><td>other<a name=\"other\"> </a></td><td>Other</td><td>Some other form of action.</td></tr></table></div>"
  },
  "extension": [
    {
      "url": "http://hl7.org/fhir/StructureDefinition/valueset-oid",
      "valueUri": "urn:oid:2.16.840.1.113883.4.642.2.39"
    }
  ],
  "url": "http://hl7.org/fhir/vs/care-plan-activity-category",
  "version": "0.4.0",
  "name": "CarePlanActivityCategory",
  "publisher": "HL7 (FHIR Project)",
  "contact": [
    {
      "telecom": [
        {
          "system": "url",
          "value": "http://hl7.org/fhir"
        },
        {
          "system": "email",
          "value": "fhir@lists.hl7.org"
        }
      ]
    }
  ],
  "description": "High-level categorization of the type of activity in a care plan.",
  "status": "draft",
  "experimental": false,
  "date": "2015-03-23T23:56:59+00:00",
  "define": {
    "extension": [
      {
        "url": "http://hl7.org/fhir/StructureDefinition/valueset-oid",
        "valueUri": "urn:oid:2.16.840.1.113883.4.642.1.39"
      }
    ],
    "system": "http://hl7.org/fhir/care-plan-activity-category",
    "caseSensitive": true,
    "concept": [
      {
        "code": "diet",
        "display": "Diet",
        "definition": "Plan for the patient to consume food of a specified nature."
      },
      {
        "code": "drug",
        "display": "Drug",
        "definition": "Plan for the patient to consume/receive a drug, vaccine or other product."
      },
      {
        "code": "encounter",
        "display": "Encounter",
        "definition": "Plan to meet or communicate with the patient (in-patient, out-patient, phone call, etc.)."
      },
      {
        "code": "observation",
        "display": "Observation",
        "definition": "Plan to capture information about a patient (vitals, labs, diagnostic images, etc.)."
      },
      {
        "code": "procedure",
        "display": "Procedure",
        "definition": "Plan to modify the patient in some way (surgery, physiotherapy, education, counseling, etc.)."
      },
      {
        "code": "supply",
        "display": "Supply",
        "definition": "Plan to provide something to the patient (medication, medical supply, etc.)."
      },
      {
        "code": "other",
        "display": "Other",
        "definition": "Some other form of action."
      }
    ]
  }
}