{
  "resourceType": "ValueSet",
  "id": "care-plan-activity-status",
  "meta": {
    "lastUpdated": "2015-03-23T23:56:59.139+00:00",
    "profile": [
      "http://hl7.org/fhir/StructureDefinition/valueset-shareable-definition"
    ]
  },
  "text": {
    "status": "generated",
    "div": "<div><p>This value set contains 6 concepts</p><h2>CarePlanActivityStatus</h2><p>Indicates where the activity is at in its overall life cycle</p><p>This value set defines its own terms in the system http://hl7.org/fhir/care-plan-activity-status</p><table class=\"codes\"><tr><td><b>Code</b></td><td><b>Display</b></td><td><b>Definition</b></td></tr><tr><td>not-started<a name=\"not-started\"> </a></td><td>Not Started</td><td>Activity is planned but no action has yet been taken.</td></tr><tr><td>scheduled<a name=\"scheduled\"> </a></td><td>Scheduled</td><td>Appointment or other booking has occurred but activity has not yet begun.</td></tr><tr><td>in-progress<a name=\"in-progress\"> </a></td><td>In Progress</td><td>Activity has been started but is not yet complete.</td></tr><tr><td>on-hold<a name=\"on-hold\"> </a></td><td>On Hold</td><td>Activity was started but has temporarily ceased with an expectation of resumption at a future time.</td></tr><tr><td>completed<a name=\"completed\"> </a></td><td>Completed</td><td>The activities have been completed (more or less) as planned.</td></tr><tr><td>cancelled<a name=\"cancelled\"> </a></td><td>Cancelled</td><td>The activities have been ended prior to completion (perhaps even before they were started).</td></tr></table></div>"
  },
  "extension": [
    {
      "url": "http://hl7.org/fhir/StructureDefinition/valueset-oid",
      "valueUri": "urn:oid:2.16.840.1.113883.4.642.2.41"
    }
  ],
  "url": "http://hl7.org/fhir/vs/care-plan-activity-status",
  "version": "0.4.0",
  "name": "CarePlanActivityStatus",
  "publisher": "HL7 (FHIR Project)",
  "contact": [
    {
      "telecom": [
        {
          "system": "url",
          "value": "http://hl7.org/fhir"
        },
        {
          "system": "email",
          "value": "fhir@lists.hl7.org"
        }
      ]
    }
  ],
  "description": "Indicates where the activity is at in its overall life cycle",
  "status": "draft",
  "experimental": false,
  "date": "2015-03-23T23:56:59+00:00",
  "define": {
    "extension": [
      {
        "url": "http://hl7.org/fhir/StructureDefinition/valueset-oid",
        "valueUri": "urn:oid:2.16.840.1.113883.4.642.1.41"
      }
    ],
    "system": "http://hl7.org/fhir/care-plan-activity-status",
    "caseSensitive": true,
    "concept": [
      {
        "code": "not-started",
        "display": "Not Started",
        "definition": "Activity is planned but no action has yet been taken."
      },
      {
        "code": "scheduled",
        "display": "Scheduled",
        "definition": "Appointment or other booking has occurred but activity has not yet begun."
      },
      {
        "code": "in-progress",
        "display": "In Progress",
        "definition": "Activity has been started but is not yet complete."
      },
      {
        "code": "on-hold",
        "display": "On Hold",
        "definition": "Activity was started but has temporarily ceased with an expectation of resumption at a future time."
      },
      {
        "code": "completed",
        "display": "Completed",
        "definition": "The activities have been completed (more or less) as planned."
      },
      {
        "code": "cancelled",
        "display": "Cancelled",
        "definition": "The activities have been ended prior to completion (perhaps even before they were started)."
      }
    ]
  }
}