{
  "resourceType": "ValueSet",
  "id": "communication-request-status",
  "meta": {
    "lastUpdated": "2015-03-23T23:56:59.139+00:00",
    "profile": [
      "http://hl7.org/fhir/StructureDefinition/valueset-shareable-definition"
    ]
  },
  "text": {
    "status": "generated",
    "div": "<div><p>This value set contains 10 concepts</p><h2>CommunicationRequestStatus</h2><p>The status of the communication</p><p>This value set defines its own terms in the system http://hl7.org/fhir/communication-request-status</p><table class=\"codes\"><tr><td><b>Code</b></td><td><b>Display</b></td><td><b>Definition</b></td></tr><tr><td>proposed<a name=\"proposed\"> </a></td><td>Proposed</td><td>The request has been proposed.</td></tr><tr><td>planned<a name=\"planned\"> </a></td><td>Planned</td><td>The request has been planned.</td></tr><tr><td>requested<a name=\"requested\"> </a></td><td>Requested</td><td>The request has been placed.</td></tr><tr><td>received<a name=\"received\"> </a></td><td>Received</td><td>The receiving system has received the request but not yet decided whether it will be performed.</td></tr><tr><td>accepted<a name=\"accepted\"> </a></td><td>Accepted</td><td>The receiving system has accepted the order, but work has not yet commenced.</td></tr><tr><td>in-progress<a name=\"in-progress\"> </a></td><td>In Progress</td><td>The work to fulfill the order is happening.</td></tr><tr><td>completed<a name=\"completed\"> </a></td><td>Completed</td><td>The work has been complete, the report(s) released, and no further work is planned.</td></tr><tr><td>suspended<a name=\"suspended\"> </a></td><td>Suspended</td><td>The request has been held by originating system/user request.</td></tr><tr><td>rejected<a name=\"rejected\"> </a></td><td>Rejected</td><td>The receiving system has declined to fulfill the request.</td></tr><tr><td>failed<a name=\"failed\"> </a></td><td>Failed</td><td>The communication was attempted, but due to some procedural error, it could not be completed.</td></tr></table></div>"
  },
  "extension": [
    {
      "url": "http://hl7.org/fhir/StructureDefinition/valueset-oid",
      "valueUri": "urn:oid:2.16.840.1.113883.4.642.2.495"
    }
  ],
  "url": "http://hl7.org/fhir/vs/communication-request-status",
  "version": "0.4.0",
  "name": "CommunicationRequestStatus",
  "publisher": "HL7 (FHIR Project)",
  "contact": [
    {
      "telecom": [
        {
          "system": "url",
          "value": "http://hl7.org/fhir"
        },
        {
          "system": "email",
          "value": "fhir@lists.hl7.org"
        }
      ]
    }
  ],
  "description": "The status of the communication",
  "status": "draft",
  "experimental": false,
  "date": "2015-03-23T23:56:59+00:00",
  "define": {
    "extension": [
      {
        "url": "http://hl7.org/fhir/StructureDefinition/valueset-oid",
        "valueUri": "urn:oid:2.16.840.1.113883.4.642.1.495"
      }
    ],
    "system": "http://hl7.org/fhir/communication-request-status",
    "caseSensitive": true,
    "concept": [
      {
        "code": "proposed",
        "display": "Proposed",
        "definition": "The request has been proposed."
      },
      {
        "code": "planned",
        "display": "Planned",
        "definition": "The request has been planned."
      },
      {
        "code": "requested",
        "display": "Requested",
        "definition": "The request has been placed."
      },
      {
        "code": "received",
        "display": "Received",
        "definition": "The receiving system has received the request but not yet decided whether it will be performed."
      },
      {
        "code": "accepted",
        "display": "Accepted",
        "definition": "The receiving system has accepted the order, but work has not yet commenced."
      },
      {
        "code": "in-progress",
        "display": "In Progress",
        "definition": "The work to fulfill the order is happening."
      },
      {
        "code": "completed",
        "display": "Completed",
        "definition": "The work has been complete, the report(s) released, and no further work is planned."
      },
      {
        "code": "suspended",
        "display": "Suspended",
        "definition": "The request has been held by originating system/user request."
      },
      {
        "code": "rejected",
        "display": "Rejected",
        "definition": "The receiving system has declined to fulfill the request."
      },
      {
        "code": "failed",
        "display": "Failed",
        "definition": "The communication was attempted, but due to some procedural error, it could not be completed."
      }
    ]
  }
}