{
  "resourceType": "ValueSet",
  "id": "communication-status",
  "meta": {
    "lastUpdated": "2015-03-23T23:56:59.139+00:00",
    "profile": [
      "http://hl7.org/fhir/StructureDefinition/valueset-shareable-definition"
    ]
  },
  "text": {
    "status": "generated",
    "div": "<div><p>This value set contains 5 concepts</p><h2>CommunicationStatus</h2><p>The status of the communication</p><p>This value set defines its own terms in the system http://hl7.org/fhir/communication-status</p><table class=\"codes\"><tr><td><b>Code</b></td><td><b>Display</b></td><td><b>Definition</b></td></tr><tr><td>in-progress<a name=\"in-progress\"> </a></td><td>In Progress</td><td>The communication transmission is ongoing.</td></tr><tr><td>completed<a name=\"completed\"> </a></td><td>Completed</td><td>The message transmission is complete, i.e., delivered to the recipient's destination.</td></tr><tr><td>suspended<a name=\"suspended\"> </a></td><td>Suspended</td><td>The communication transmission has been held by originating system/user request.</td></tr><tr><td>rejected<a name=\"rejected\"> </a></td><td>Rejected</td><td>The receiving system has declined to accept the message.</td></tr><tr><td>failed<a name=\"failed\"> </a></td><td>Failed</td><td>There was a failure in transmitting the message out.</td></tr></table></div>"
  },
  "extension": [
    {
      "url": "http://hl7.org/fhir/StructureDefinition/valueset-oid",
      "valueUri": "urn:oid:2.16.840.1.113883.4.642.2.539"
    }
  ],
  "url": "http://hl7.org/fhir/vs/communication-status",
  "version": "0.4.0",
  "name": "CommunicationStatus",
  "publisher": "HL7 (FHIR Project)",
  "contact": [
    {
      "telecom": [
        {
          "system": "url",
          "value": "http://hl7.org/fhir"
        },
        {
          "system": "email",
          "value": "fhir@lists.hl7.org"
        }
      ]
    }
  ],
  "description": "The status of the communication",
  "status": "draft",
  "experimental": false,
  "date": "2015-03-23T23:56:59+00:00",
  "define": {
    "extension": [
      {
        "url": "http://hl7.org/fhir/StructureDefinition/valueset-oid",
        "valueUri": "urn:oid:2.16.840.1.113883.4.642.1.539"
      }
    ],
    "system": "http://hl7.org/fhir/communication-status",
    "caseSensitive": true,
    "concept": [
      {
        "code": "in-progress",
        "display": "In Progress",
        "definition": "The communication transmission is ongoing."
      },
      {
        "code": "completed",
        "display": "Completed",
        "definition": "The message transmission is complete, i.e., delivered to the recipient's destination."
      },
      {
        "code": "suspended",
        "display": "Suspended",
        "definition": "The communication transmission has been held by originating system/user request."
      },
      {
        "code": "rejected",
        "display": "Rejected",
        "definition": "The receiving system has declined to accept the message."
      },
      {
        "code": "failed",
        "display": "Failed",
        "definition": "There was a failure in transmitting the message out."
      }
    ]
  }
}