{"contact":[{"telecom":[{"system":"url","value":"http://hl7.org/fhir"},{"system":"email","value":"fhir@lists.hl7.org"}]}],"date":"2015-03-23T23:56:59+00:00","description":"v3 Map (ActStatus)","element":[{"code":"preliminary","codeSystem":"http://hl7.org/fhir/composition-status","map":[{"code":"active","codeSystem":"http://hl7.org/fhir/v3/ActStatus","equivalence":"equivalent"}]},{"code":"final","codeSystem":"http://hl7.org/fhir/composition-status","map":[{"code":"completed","codeSystem":"http://hl7.org/fhir/v3/ActStatus","equivalence":"wider"}]},{"code":"appended","codeSystem":"http://hl7.org/fhir/composition-status","map":[{"code":"completed","codeSystem":"http://hl7.org/fhir/v3/ActStatus","equivalence":"wider"}]},{"code":"amended","codeSystem":"http://hl7.org/fhir/composition-status","map":[{"code":"completed","codeSystem":"http://hl7.org/fhir/v3/ActStatus","equivalence":"wider"}]},{"code":"entered-in-error","codeSystem":"http://hl7.org/fhir/composition-status","map":[{"code":"nullified","codeSystem":"http://hl7.org/fhir/v3/ActStatus","equivalence":"equivalent"}]}],"id":"v3-composition-status","name":"v3 map for CompositionStatus","publisher":"HL7 (FHIR Project)","resourceType":"ConceptMap","sourceReference":{"reference":"http://hl7.org/fhir/vs/composition-status"},"status":"draft","targetReference":{"reference":"http://hl7.org/fhir/v3/vs/ActStatus"},"text":{"div":"<div><h2>v3 map for CompositionStatus (http://hl7.org/fhir/cm/v3/composition-status)</h2><p>Mapping from <a href=\"composition-status.html\">http://hl7.org/fhir/vs/composition-status</a> to <a href=\"v3/ActStatus/index.html\">http://hl7.org/fhir/v3/vs/ActStatus</a></p><p>DRAFT. Published on Mar 23, 2015 11:56:59 PM by HL7 (FHIR Project) (<a href=\"http://hl7.org/fhir\">http://hl7.org/fhir</a>, <a href=\"mailto:fhir@lists.hl7.org\">fhir@lists.hl7.org</a>; ). </p><p>v3 Map (ActStatus)</p><br/><table class=\"grid\"><tr><td><b>Source Code</b></td><td><b>Equivalence</b></td><td><b>Destination Code</b></td></tr><tr><td>preliminary (Preliminary)</td><td>equivalent</td><td>active (active)</td></tr><tr><td>final (Final)</td><td>wider</td><td>completed (completed)</td></tr><tr><td>appended (Appended)</td><td>wider</td><td>completed (completed)</td></tr><tr><td>amended (Amended)</td><td>wider</td><td>completed (completed)</td></tr><tr><td>entered-in-error (Entered In Error)</td><td>equivalent</td><td>nullified (nullified)</td></tr></table></div>","status":"generated"},"url":"http://hl7.org/fhir/cm/v3/composition-status"}