{
  "resourceType": "ValueSet",
  "id": "composition-status",
  "meta": {
    "lastUpdated": "2015-03-23T23:56:59.139+00:00",
    "profile": [
      "http://hl7.org/fhir/StructureDefinition/valueset-shareable-definition"
    ]
  },
  "text": {
    "status": "generated",
    "div": "<div><p>This value set contains 5 concepts</p><h2>CompositionStatus</h2><p>The workflow/clinical status of the composition</p><p>This value set defines its own terms in the system http://hl7.org/fhir/composition-status</p><table class=\"codes\"><tr><td><b>Code</b></td><td><b>Display</b></td><td><b>Definition</b></td><td><b><a href=\"v3/ActStatus/index.html\">v3 Map (ActStatus)</a></b></td></tr><tr><td>preliminary<a name=\"preliminary\"> </a></td><td>Preliminary</td><td>This is a preliminary composition or document (also known as initial or interim). The content may be incomplete or unverified.</td><td><span title=\"equivalent\">~</span><a href=\"v3/ActStatus/index.html#active\">active</a></td></tr><tr><td>final<a name=\"final\"> </a></td><td>Final</td><td>This version of the composition is complete and verified by an appropriate person and no further work is planned. Any subsequent updates would be on a new version of the composition.</td><td><span title=\"wider\">&gt;</span><a href=\"v3/ActStatus/index.html#completed\">completed</a></td></tr><tr><td>appended<a name=\"appended\"> </a></td><td>Appended</td><td>The composition or document has been modified subsequent to being released as &quot;final&quot;, and is complete and verified by an authorized person. The modifications added new information to the composition or document, but did not revise existing content.</td><td><span title=\"wider\">&gt;</span><a href=\"v3/ActStatus/index.html#completed\">completed</a></td></tr><tr><td>amended<a name=\"amended\"> </a></td><td>Amended</td><td>The composition or document has been modified subsequent to being released as &quot;final&quot;, and is complete and verified by an authorized person.</td><td><span title=\"wider\">&gt;</span><a href=\"v3/ActStatus/index.html#completed\">completed</a></td></tr><tr><td>entered-in-error<a name=\"entered-in-error\"> </a></td><td>Entered In Error</td><td>The composition or document was originally created/issued in error, and this is an amendment that marks that the entire series should not be considered as valid.</td><td><span title=\"equivalent\">~</span><a href=\"v3/ActStatus/index.html#nullified\">nullified</a></td></tr></table></div>"
  },
  "extension": [
    {
      "url": "http://hl7.org/fhir/StructureDefinition/valueset-oid",
      "valueUri": "urn:oid:2.16.840.1.113883.4.642.2.334"
    }
  ],
  "url": "http://hl7.org/fhir/vs/composition-status",
  "version": "0.4.0",
  "name": "CompositionStatus",
  "publisher": "HL7 (FHIR Project)",
  "contact": [
    {
      "telecom": [
        {
          "system": "url",
          "value": "http://hl7.org/fhir"
        },
        {
          "system": "email",
          "value": "fhir@lists.hl7.org"
        }
      ]
    }
  ],
  "description": "The workflow/clinical status of the composition",
  "status": "draft",
  "experimental": false,
  "date": "2015-03-23T23:56:59+00:00",
  "define": {
    "extension": [
      {
        "url": "http://hl7.org/fhir/StructureDefinition/valueset-oid",
        "valueUri": "urn:oid:2.16.840.1.113883.4.642.1.334"
      }
    ],
    "system": "http://hl7.org/fhir/composition-status",
    "caseSensitive": true,
    "concept": [
      {
        "code": "preliminary",
        "display": "Preliminary",
        "definition": "This is a preliminary composition or document (also known as initial or interim). The content may be incomplete or unverified."
      },
      {
        "code": "final",
        "display": "Final",
        "definition": "This version of the composition is complete and verified by an appropriate person and no further work is planned. Any subsequent updates would be on a new version of the composition."
      },
      {
        "code": "appended",
        "display": "Appended",
        "definition": "The composition or document has been modified subsequent to being released as \"final\", and is complete and verified by an authorized person. The modifications added new information to the composition or document, but did not revise existing content."
      },
      {
        "code": "amended",
        "display": "Amended",
        "definition": "The composition or document has been modified subsequent to being released as \"final\", and is complete and verified by an authorized person."
      },
      {
        "code": "entered-in-error",
        "display": "Entered In Error",
        "definition": "The composition or document was originally created/issued in error, and this is an amendment that marks that the entire series should not be considered as valid."
      }
    ]
  }
}