{
  "resourceType": "ValueSet",
  "id": "composition-attestation-mode",
  "meta": {
    "lastUpdated": "2015-03-23T23:56:59.139+00:00",
    "profile": [
      "http://hl7.org/fhir/StructureDefinition/valueset-shareable-definition"
    ]
  },
  "text": {
    "status": "generated",
    "div": "<div><p>This value set contains 4 concepts</p><h2>CompositionAttestationMode</h2><p>The way in which a person authenticated a composition</p><p>This value set defines its own terms in the system http://hl7.org/fhir/composition-attestation-mode</p><table class=\"codes\"><tr><td><b>Code</b></td><td><b>Display</b></td><td><b>Definition</b></td></tr><tr><td>personal<a name=\"personal\"> </a></td><td>Personal</td><td>The person authenticated the content in their personal capacity.</td></tr><tr><td>professional<a name=\"professional\"> </a></td><td>Professional</td><td>The person authenticated the content in their professional capacity.</td></tr><tr><td>legal<a name=\"legal\"> </a></td><td>Legal</td><td>The person authenticated the content and accepted legal responsibility for its content.</td></tr><tr><td>official<a name=\"official\"> </a></td><td>Official</td><td>The organization authenticated the content as consistent with their policies and procedures.</td></tr></table></div>"
  },
  "extension": [
    {
      "url": "http://hl7.org/fhir/StructureDefinition/valueset-oid",
      "valueUri": "urn:oid:2.16.840.1.113883.4.642.2.331"
    }
  ],
  "url": "http://hl7.org/fhir/vs/composition-attestation-mode",
  "version": "0.4.0",
  "name": "CompositionAttestationMode",
  "publisher": "HL7 (FHIR Project)",
  "contact": [
    {
      "telecom": [
        {
          "system": "url",
          "value": "http://hl7.org/fhir"
        },
        {
          "system": "email",
          "value": "fhir@lists.hl7.org"
        }
      ]
    }
  ],
  "description": "The way in which a person authenticated a composition",
  "status": "draft",
  "experimental": false,
  "date": "2015-03-23T23:56:59+00:00",
  "define": {
    "extension": [
      {
        "url": "http://hl7.org/fhir/StructureDefinition/valueset-oid",
        "valueUri": "urn:oid:2.16.840.1.113883.4.642.1.331"
      }
    ],
    "system": "http://hl7.org/fhir/composition-attestation-mode",
    "caseSensitive": true,
    "concept": [
      {
        "code": "personal",
        "display": "Personal",
        "definition": "The person authenticated the content in their personal capacity."
      },
      {
        "code": "professional",
        "display": "Professional",
        "definition": "The person authenticated the content in their professional capacity."
      },
      {
        "code": "legal",
        "display": "Legal",
        "definition": "The person authenticated the content and accepted legal responsibility for its content."
      },
      {
        "code": "official",
        "display": "Official",
        "definition": "The organization authenticated the content as consistent with their policies and procedures."
      }
    ]
  }
}