{
  "resourceType": "ValueSet",
  "id": "condition-status",
  "meta": {
    "lastUpdated": "2015-03-23T23:56:59.139+00:00",
    "profile": [
      "http://hl7.org/fhir/StructureDefinition/valueset-shareable-definition"
    ]
  },
  "text": {
    "status": "generated",
    "div": "<div><p>This value set contains 4 concepts</p><h2>ConditionClinicalStatus</h2><p>The clinical status of the Condition or diagnosis</p><p>This value set defines its own terms in the system http://hl7.org/fhir/condition-status</p><table class=\"codes\"><tr><td><b>Code</b></td><td><b>Display</b></td><td><b>Definition</b></td></tr><tr><td>provisional<a name=\"provisional\"> </a></td><td>Provisional</td><td>This is a tentative diagnosis - still a candidate that is under consideration.</td></tr><tr><td>working<a name=\"working\"> </a></td><td>Working</td><td>The patient is being treated on the basis that this is the condition, but it is still not confirmed.</td></tr><tr><td>confirmed<a name=\"confirmed\"> </a></td><td>Confirmed</td><td>There is sufficient diagnostic and/or clinical evidence to treat this as a confirmed condition.</td></tr><tr><td>refuted<a name=\"refuted\"> </a></td><td>Refuted</td><td>This condition has been ruled out by diagnostic and clinical evidence.</td></tr></table></div>"
  },
  "extension": [
    {
      "url": "http://hl7.org/fhir/StructureDefinition/valueset-oid",
      "valueUri": "urn:oid:2.16.840.1.113883.4.642.2.1848"
    }
  ],
  "url": "http://hl7.org/fhir/vs/condition-status",
  "version": "0.4.0",
  "name": "ConditionClinicalStatus",
  "publisher": "HL7 (FHIR Project)",
  "contact": [
    {
      "telecom": [
        {
          "system": "url",
          "value": "http://hl7.org/fhir"
        },
        {
          "system": "email",
          "value": "fhir@lists.hl7.org"
        }
      ]
    }
  ],
  "description": "The clinical status of the Condition or diagnosis",
  "status": "draft",
  "experimental": false,
  "date": "2015-03-23T23:56:59+00:00",
  "define": {
    "extension": [
      {
        "url": "http://hl7.org/fhir/StructureDefinition/valueset-oid",
        "valueUri": "urn:oid:2.16.840.1.113883.4.642.1.1848"
      }
    ],
    "system": "http://hl7.org/fhir/condition-status",
    "caseSensitive": true,
    "concept": [
      {
        "code": "provisional",
        "display": "Provisional",
        "definition": "This is a tentative diagnosis - still a candidate that is under consideration."
      },
      {
        "code": "working",
        "display": "Working",
        "definition": "The patient is being treated on the basis that this is the condition, but it is still not confirmed."
      },
      {
        "code": "confirmed",
        "display": "Confirmed",
        "definition": "There is sufficient diagnostic and/or clinical evidence to treat this as a confirmed condition."
      },
      {
        "code": "refuted",
        "display": "Refuted",
        "definition": "This condition has been ruled out by diagnostic and clinical evidence."
      }
    ]
  }
}