{
  "resourceType": "ValueSet",
  "id": "condition-state",
  "meta": {
    "lastUpdated": "2015-03-23T23:56:59.139+00:00",
    "profile": [
      "http://hl7.org/fhir/StructureDefinition/valueset-shareable-definition"
    ]
  },
  "text": {
    "status": "generated",
    "div": "<div><p>This value set contains 3 concepts</p><h2>ConditionState</h2><p>Enumeration indicating whether the condition is currently active, inactive, or has resolved<br/><br/>active| inactive| resolved</p><p>This value set defines its own terms in the system http://hl7.org/fhir/condition-state</p><table class=\"codes\"><tr><td><b>Code</b></td><td><b>Display</b></td><td><b>Definition</b></td></tr><tr><td>active<a name=\"active\"> </a></td><td>Active</td><td>The condition is active.</td></tr><tr><td>inactive<a name=\"inactive\"> </a></td><td>Inactive</td><td>The condition inactive but not resolved.</td></tr><tr><td>resolved<a name=\"resolved\"> </a></td><td>Resolved</td><td>The condition is resolved.</td></tr></table></div>"
  },
  "extension": [
    {
      "url": "http://hl7.org/fhir/StructureDefinition/valueset-oid",
      "valueUri": "urn:oid:2.16.840.1.113883.4.642.2.1469"
    }
  ],
  "url": "http://hl7.org/fhir/vs/condition-state",
  "version": "0.4.0",
  "name": "ConditionState",
  "publisher": "HL7 (FHIR Project)",
  "contact": [
    {
      "telecom": [
        {
          "system": "url",
          "value": "http://hl7.org/fhir"
        },
        {
          "system": "email",
          "value": "fhir@lists.hl7.org"
        }
      ]
    }
  ],
  "description": "Enumeration indicating whether the condition is currently active, inactive, or has resolved\r\n\r\nactive| inactive| resolved",
  "status": "draft",
  "experimental": false,
  "date": "2015-03-23T23:56:59+00:00",
  "define": {
    "extension": [
      {
        "url": "http://hl7.org/fhir/StructureDefinition/valueset-oid",
        "valueUri": "urn:oid:2.16.840.1.113883.4.642.1.1469"
      }
    ],
    "system": "http://hl7.org/fhir/condition-state",
    "caseSensitive": true,
    "concept": [
      {
        "code": "active",
        "display": "Active",
        "definition": "The condition is active."
      },
      {
        "code": "inactive",
        "display": "Inactive",
        "definition": "The condition inactive but not resolved."
      },
      {
        "code": "resolved",
        "display": "Resolved",
        "definition": "The condition is resolved."
      }
    ]
  }
}