{
  "resourceType": "ValueSet",
  "id": "conformance-resource-status",
  "meta": {
    "lastUpdated": "2015-03-23T23:56:59.139+00:00",
    "profile": [
      "http://hl7.org/fhir/StructureDefinition/valueset-shareable-definition"
    ]
  },
  "text": {
    "status": "generated",
    "div": "<div><p>This value set contains 3 concepts</p><h2>ConformanceResourceStatus</h2><p>The lifecycle status of a Value Set or Concept Map</p><p>This value set defines its own terms in the system http://hl7.org/fhir/conformance-resource-status</p><table class=\"codes\"><tr><td><b>Code</b></td><td><b>Display</b></td><td><b>Definition</b></td></tr><tr><td>draft<a name=\"draft\"> </a></td><td>Draft</td><td>This resource is still under development</td></tr><tr><td>active<a name=\"active\"> </a></td><td>Active</td><td>This resource is ready for normal use</td></tr><tr><td>retired<a name=\"retired\"> </a></td><td>Retired</td><td>This resource has been withdrawn or superceded and should no longer be used</td></tr></table><p><b>Additional Language Displays</b></p><table class=\"codes\"><tr><td><b>Code</b></td><td><b>nl</b></td><td><b>ru</b></td></tr><tr><td>draft</td><td>ontwerp</td><td>черновик</td></tr><tr><td>active</td><td>actief</td><td>активный</td></tr><tr><td>retired</td><td>verouderd</td><td>удалён</td></tr></table></div>"
  },
  "extension": [
    {
      "url": "http://hl7.org/fhir/StructureDefinition/valueset-oid",
      "valueUri": "urn:oid:2.16.840.1.113883.4.642.2.1549"
    }
  ],
  "url": "http://hl7.org/fhir/vs/conformance-resource-status",
  "version": "0.4.0",
  "name": "ConformanceResourceStatus",
  "publisher": "HL7 (FHIR Project)",
  "contact": [
    {
      "telecom": [
        {
          "system": "url",
          "value": "http://hl7.org/fhir"
        },
        {
          "system": "email",
          "value": "fhir@lists.hl7.org"
        }
      ]
    }
  ],
  "description": "The lifecycle status of a Value Set or Concept Map",
  "status": "draft",
  "experimental": false,
  "date": "2015-03-23T23:56:59+00:00",
  "define": {
    "extension": [
      {
        "url": "http://hl7.org/fhir/StructureDefinition/valueset-oid",
        "valueUri": "urn:oid:2.16.840.1.113883.4.642.1.1549"
      }
    ],
    "system": "http://hl7.org/fhir/conformance-resource-status",
    "caseSensitive": true,
    "concept": [
      {
        "code": "draft",
        "display": "Draft",
        "definition": "This resource is still under development",
        "designation": [
          {
            "language": "ru",
            "value": "черновик"
          },
          {
            "language": "nl",
            "value": "ontwerp"
          }
        ]
      },
      {
        "code": "active",
        "display": "Active",
        "definition": "This resource is ready for normal use",
        "designation": [
          {
            "language": "ru",
            "value": "активный"
          },
          {
            "language": "nl",
            "value": "actief"
          }
        ]
      },
      {
        "code": "retired",
        "display": "Retired",
        "definition": "This resource has been withdrawn or superceded and should no longer be used",
        "designation": [
          {
            "language": "ru",
            "value": "удалён"
          },
          {
            "language": "nl",
            "value": "verouderd"
          }
        ]
      }
    ]
  }
}