{
  "resourceType": "ValueSet",
  "id": "constraint-severity",
  "meta": {
    "lastUpdated": "2015-03-23T23:56:59.139+00:00",
    "profile": [
      "http://hl7.org/fhir/StructureDefinition/valueset-shareable-definition"
    ]
  },
  "text": {
    "status": "generated",
    "div": "<div><p>This value set contains 2 concepts</p><h2>ConstraintSeverity</h2><p>SHALL applications comply with this constraint?</p><p>This value set defines its own terms in the system http://hl7.org/fhir/constraint-severity</p><table class=\"codes\"><tr><td><b>Code</b></td><td><b>Display</b></td><td><b>Definition</b></td></tr><tr><td>error<a name=\"error\"> </a></td><td>Error</td><td>If the constraint is violated, the resource is not conformant.</td></tr><tr><td>warning<a name=\"warning\"> </a></td><td>Warning</td><td>If the constraint is violated, the resource is conformant, but it is not necessarily following best practice.</td></tr></table></div>"
  },
  "extension": [
    {
      "url": "http://hl7.org/fhir/StructureDefinition/valueset-oid",
      "valueUri": "urn:oid:2.16.840.1.113883.4.642.2.146"
    }
  ],
  "url": "http://hl7.org/fhir/vs/constraint-severity",
  "version": "0.4.0",
  "name": "ConstraintSeverity",
  "publisher": "HL7 (FHIR Project)",
  "contact": [
    {
      "telecom": [
        {
          "system": "url",
          "value": "http://hl7.org/fhir"
        },
        {
          "system": "email",
          "value": "fhir@lists.hl7.org"
        }
      ]
    }
  ],
  "description": "SHALL applications comply with this constraint?",
  "status": "draft",
  "experimental": false,
  "date": "2015-03-23T23:56:59+00:00",
  "define": {
    "extension": [
      {
        "url": "http://hl7.org/fhir/StructureDefinition/valueset-oid",
        "valueUri": "urn:oid:2.16.840.1.113883.4.642.1.146"
      }
    ],
    "system": "http://hl7.org/fhir/constraint-severity",
    "caseSensitive": true,
    "concept": [
      {
        "code": "error",
        "display": "Error",
        "definition": "If the constraint is violated, the resource is not conformant."
      },
      {
        "code": "warning",
        "display": "Warning",
        "definition": "If the constraint is violated, the resource is conformant, but it is not necessarily following best practice."
      }
    ]
  }
}