{
  "resourceType": "ConceptMap",
  "id": "v2-contact-point-system",
  "text": {
    "status": "generated",
    "div": "<div><h2>v2 map for ContactPointSystem (http://hl7.org/fhir/cm/v2/contact-point-system)</h2><p>Mapping from <a href=\"contact-point-system.html\">http://hl7.org/fhir/vs/contact-point-system</a> to <a href=\"v2/0202/index.html\">http://hl7.org/fhir/v2/vs/0202</a></p><p>DRAFT. Published on Mar 23, 2015 11:56:59 PM by HL7 (FHIR Project) (<a href=\"http://hl7.org/fhir\">http://hl7.org/fhir</a>, <a href=\"mailto:fhir@lists.hl7.org\">fhir@lists.hl7.org</a>; ). </p><p>v2 Map (0202)</p><br/><table class=\"grid\"><tr><td><b>Source Code</b></td><td><b>Equivalence</b></td><td><b>Destination Code</b></td><td><b>Comments</b></td></tr><tr><td>phone (Phone)</td><td>equivalent</td><td>PH (Telephone)</td><td/></tr><tr><td>fax (Fax)</td><td>equivalent</td><td>FX (Fax)</td><td/></tr><tr><td>email (Email)</td><td>narrower</td><td>Internet (Internet Address)</td><td>for email addresses</td></tr><tr><td>url (Url)</td><td>narrower</td><td>Internet (Internet Address)</td><td>for non-email kinds of addresses</td></tr></table></div>"
  },
  "url": "http://hl7.org/fhir/cm/v2/contact-point-system",
  "name": "v2 map for ContactPointSystem",
  "publisher": "HL7 (FHIR Project)",
  "contact": [
    {
      "telecom": [
        {
          "system": "url",
          "value": "http://hl7.org/fhir"
        },
        {
          "system": "email",
          "value": "fhir@lists.hl7.org"
        }
      ]
    }
  ],
  "description": "v2 Map (0202)",
  "status": "draft",
  "date": "2015-03-23T23:56:59+00:00",
  "sourceReference": {
    "reference": "http://hl7.org/fhir/vs/contact-point-system"
  },
  "targetReference": {
    "reference": "http://hl7.org/fhir/v2/vs/0202"
  },
  "element": [
    {
      "codeSystem": "http://hl7.org/fhir/contact-point-system",
      "code": "phone",
      "map": [
        {
          "codeSystem": "http://hl7.org/fhir/v2/0202",
          "code": "PH",
          "equivalence": "equivalent"
        }
      ]
    },
    {
      "codeSystem": "http://hl7.org/fhir/contact-point-system",
      "code": "fax",
      "map": [
        {
          "codeSystem": "http://hl7.org/fhir/v2/0202",
          "code": "FX",
          "equivalence": "equivalent"
        }
      ]
    },
    {
      "codeSystem": "http://hl7.org/fhir/contact-point-system",
      "code": "email",
      "map": [
        {
          "codeSystem": "http://hl7.org/fhir/v2/0202",
          "code": "Internet",
          "equivalence": "narrower",
          "comments": "for email addresses"
        }
      ]
    },
    {
      "codeSystem": "http://hl7.org/fhir/contact-point-system",
      "code": "url",
      "map": [
        {
          "codeSystem": "http://hl7.org/fhir/v2/0202",
          "code": "Internet",
          "equivalence": "narrower",
          "comments": "for non-email kinds of addresses"
        }
      ]
    }
  ]
}