{"contact":[{"telecom":[{"system":"url","value":"http://hl7.org/fhir"},{"system":"email","value":"fhir@lists.hl7.org"}]}],"date":"2015-03-23T23:56:59+00:00","description":"v2 Map (0201)","element":[{"code":"home","codeSystem":"http://hl7.org/fhir/contact-point-use","map":[{"code":"PRN","codeSystem":"http://hl7.org/fhir/v2/0201","equivalence":"wider"}]},{"code":"home","codeSystem":"http://hl7.org/fhir/contact-point-use","map":[{"code":"ORN","codeSystem":"http://hl7.org/fhir/v2/0201","equivalence":"wider"}]},{"code":"home","codeSystem":"http://hl7.org/fhir/contact-point-use","map":[{"code":"VHN","codeSystem":"http://hl7.org/fhir/v2/0201","equivalence":"wider"}]},{"code":"work","codeSystem":"http://hl7.org/fhir/contact-point-use","map":[{"code":"WPN","codeSystem":"http://hl7.org/fhir/v2/0201","equivalence":"equivalent"}]},{"code":"mobile","codeSystem":"http://hl7.org/fhir/contact-point-use","map":[{"code":"PRS","codeSystem":"http://hl7.org/fhir/v2/0201","equivalence":"equivalent"}]}],"id":"v2-contact-point-use","name":"v2 map for ContactPointUse","publisher":"HL7 (FHIR Project)","resourceType":"ConceptMap","sourceReference":{"reference":"http://hl7.org/fhir/vs/contact-point-use"},"status":"draft","targetReference":{"reference":"http://hl7.org/fhir/v2/vs/0201"},"text":{"div":"<div><h2>v2 map for ContactPointUse (http://hl7.org/fhir/cm/v2/contact-point-use)</h2><p>Mapping from <a href=\"contact-point-use.html\">http://hl7.org/fhir/vs/contact-point-use</a> to <a href=\"v2/0201/index.html\">http://hl7.org/fhir/v2/vs/0201</a></p><p>DRAFT. Published on Mar 23, 2015 11:56:59 PM by HL7 (FHIR Project) (<a href=\"http://hl7.org/fhir\">http://hl7.org/fhir</a>, <a href=\"mailto:fhir@lists.hl7.org\">fhir@lists.hl7.org</a>; ). </p><p>v2 Map (0201)</p><br/><table class=\"grid\"><tr><td><b>Source Code</b></td><td><b>Equivalence</b></td><td><b>Destination Code</b></td></tr><tr><td>home (Home)</td><td>wider</td><td>PRN (Primary Residence Number)</td></tr><tr><td>home (Home)</td><td>wider</td><td>ORN (Other Residence Number)</td></tr><tr><td>home (Home)</td><td>wider</td><td>VHN (Vacation Home Number)</td></tr><tr><td>work (Work)</td><td>equivalent</td><td>WPN (Work Number)</td></tr><tr><td>mobile (Mobile)</td><td>equivalent</td><td>PRS (Personal)</td></tr></table></div>","status":"generated"},"url":"http://hl7.org/fhir/cm/v2/contact-point-use"}