{"contact":[{"telecom":[{"system":"url","value":"http://hl7.org/fhir"},{"system":"email","value":"fhir@lists.hl7.org"}]}],"date":"2015-03-23T23:56:59+00:00","description":"v3 Map (AddressUse)","element":[{"code":"home","codeSystem":"http://hl7.org/fhir/contact-point-use","map":[{"code":"H","codeSystem":"http://hl7.org/fhir/v3/AddressUse","equivalence":"equal"}]},{"code":"work","codeSystem":"http://hl7.org/fhir/contact-point-use","map":[{"code":"WP","codeSystem":"http://hl7.org/fhir/v3/AddressUse","equivalence":"equal"}]},{"code":"temp","codeSystem":"http://hl7.org/fhir/contact-point-use","map":[{"code":"TMP","codeSystem":"http://hl7.org/fhir/v3/AddressUse","equivalence":"equal"}]},{"code":"old","codeSystem":"http://hl7.org/fhir/contact-point-use","map":[{"code":"OLD","codeSystem":"http://hl7.org/fhir/v3/AddressUse","comments":"Old and Bad","equivalence":"narrower"}]},{"code":"old","codeSystem":"http://hl7.org/fhir/contact-point-use","map":[{"code":"BAD","codeSystem":"http://hl7.org/fhir/v3/AddressUse","comments":"Old and Bad","equivalence":"narrower"}]},{"code":"mobile","codeSystem":"http://hl7.org/fhir/contact-point-use","map":[{"code":"MC","codeSystem":"http://hl7.org/fhir/v3/AddressUse","equivalence":"equal"}]}],"id":"v3-contact-point-use","name":"v3 map for ContactPointUse","publisher":"HL7 (FHIR Project)","resourceType":"ConceptMap","sourceReference":{"reference":"http://hl7.org/fhir/vs/contact-point-use"},"status":"draft","targetReference":{"reference":"http://hl7.org/fhir/v3/vs/AddressUse"},"text":{"div":"<div><h2>v3 map for ContactPointUse (http://hl7.org/fhir/cm/v3/contact-point-use)</h2><p>Mapping from <a href=\"contact-point-use.html\">http://hl7.org/fhir/vs/contact-point-use</a> to <a href=\"v3/AddressUse/index.html\">http://hl7.org/fhir/v3/vs/AddressUse</a></p><p>DRAFT. Published on Mar 23, 2015 11:56:59 PM by HL7 (FHIR Project) (<a href=\"http://hl7.org/fhir\">http://hl7.org/fhir</a>, <a href=\"mailto:fhir@lists.hl7.org\">fhir@lists.hl7.org</a>; ). </p><p>v3 Map (AddressUse)</p><br/><table class=\"grid\"><tr><td><b>Source Code</b></td><td><b>Equivalence</b></td><td><b>Destination Code</b></td><td><b>Comments</b></td></tr><tr><td>home (Home)</td><td>equal</td><td>H (home address)</td><td/></tr><tr><td>work (Work)</td><td>equal</td><td>WP (work place)</td><td/></tr><tr><td>temp (Temp)</td><td>equal</td><td>TMP (temporary address)</td><td/></tr><tr><td>old (Old)</td><td>narrower</td><td>OLD (no longer in use)</td><td>Old and Bad</td></tr><tr><td>old (Old)</td><td>narrower</td><td>BAD (bad address)</td><td>Old and Bad</td></tr><tr><td>mobile (Mobile)</td><td>equal</td><td>MC (mobile contact))</td><td/></tr></table></div>","status":"generated"},"url":"http://hl7.org/fhir/cm/v3/contact-point-use"}