{
  "resourceType": "ValueSet",
  "id": "contact-point-system",
  "meta": {
    "lastUpdated": "2015-03-23T23:56:59.139+00:00",
    "profile": [
      "http://hl7.org/fhir/StructureDefinition/valueset-shareable-definition"
    ]
  },
  "text": {
    "status": "generated",
    "div": "<div><p>This value set contains 4 concepts</p><h2>ContactPointSystem</h2><p>Telecommunications form for contact point</p><p>This value set defines its own terms in the system http://hl7.org/fhir/contact-point-system</p><table class=\"codes\"><tr><td><b>Code</b></td><td><b>Display</b></td><td><b>Definition</b></td><td><b><a href=\"v2/0202/index.html\">v2 Map (0202)</a></b></td></tr><tr><td>phone<a name=\"phone\"> </a></td><td>Phone</td><td>The value is a telephone number used for voice calls. Use of full international numbers starting with + is recommended to enable automatic dialing support but not required.</td><td><span title=\"equivalent\">~</span><a href=\"v2/0202/index.html#PH\">PH</a></td></tr><tr><td>fax<a name=\"fax\"> </a></td><td>Fax</td><td>The value is a fax machine. Use of full international numbers starting with + is recommended to enable automatic dialing support but not required.</td><td><span title=\"equivalent\">~</span><a href=\"v2/0202/index.html#FX\">FX</a></td></tr><tr><td>email<a name=\"email\"> </a></td><td>Email</td><td>The value is an email address.</td><td><span title=\"narrower\">&lt;</span><a href=\"v2/0202/index.html#Internet\">Internet</a><i>(for email addresses)</i></td></tr><tr><td>url<a name=\"url\"> </a></td><td>Url</td><td>The value is a url. This is intended for various personal contacts including blogs, Twitter, Facebook, etc. Do not use for email addresses.</td><td><span title=\"narrower\">&lt;</span><a href=\"v2/0202/index.html#Internet\">Internet</a><i>(for non-email kinds of addresses)</i></td></tr></table></div>"
  },
  "extension": [
    {
      "url": "http://hl7.org/fhir/StructureDefinition/valueset-oid",
      "valueUri": "urn:oid:2.16.840.1.113883.4.642.2.425"
    }
  ],
  "url": "http://hl7.org/fhir/vs/contact-point-system",
  "version": "0.4.0",
  "name": "ContactPointSystem",
  "publisher": "HL7 (FHIR Project)",
  "contact": [
    {
      "telecom": [
        {
          "system": "url",
          "value": "http://hl7.org/fhir"
        },
        {
          "system": "email",
          "value": "fhir@lists.hl7.org"
        }
      ]
    }
  ],
  "description": "Telecommunications form for contact point",
  "status": "draft",
  "experimental": false,
  "date": "2015-03-23T23:56:59+00:00",
  "define": {
    "extension": [
      {
        "url": "http://hl7.org/fhir/StructureDefinition/valueset-oid",
        "valueUri": "urn:oid:2.16.840.1.113883.4.642.1.425"
      }
    ],
    "system": "http://hl7.org/fhir/contact-point-system",
    "caseSensitive": true,
    "concept": [
      {
        "code": "phone",
        "display": "Phone",
        "definition": "The value is a telephone number used for voice calls. Use of full international numbers starting with + is recommended to enable automatic dialing support but not required."
      },
      {
        "code": "fax",
        "display": "Fax",
        "definition": "The value is a fax machine. Use of full international numbers starting with + is recommended to enable automatic dialing support but not required."
      },
      {
        "code": "email",
        "display": "Email",
        "definition": "The value is an email address."
      },
      {
        "code": "url",
        "display": "Url",
        "definition": "The value is a url. This is intended for various personal contacts including blogs, Twitter, Facebook, etc. Do not use for email addresses."
      }
    ]
  }
}