{
  "resourceType": "ConceptMap",
  "id": "v2-contact-point-use",
  "text": {
    "status": "generated",
    "div": "<div><h2>v2 map for ContactPointUse (http://hl7.org/fhir/cm/v2/contact-point-use)</h2><p>Mapping from <a href=\"contact-point-use.html\">http://hl7.org/fhir/vs/contact-point-use</a> to <a href=\"v2/0201/index.html\">http://hl7.org/fhir/v2/vs/0201</a></p><p>DRAFT. Published on Mar 23, 2015 11:56:59 PM by HL7 (FHIR Project) (<a href=\"http://hl7.org/fhir\">http://hl7.org/fhir</a>, <a href=\"mailto:fhir@lists.hl7.org\">fhir@lists.hl7.org</a>; ). </p><p>v2 Map (0201)</p><br/><table class=\"grid\"><tr><td><b>Source Code</b></td><td><b>Equivalence</b></td><td><b>Destination Code</b></td></tr><tr><td>home (Home)</td><td>wider</td><td>PRN (Primary Residence Number)</td></tr><tr><td>home (Home)</td><td>wider</td><td>ORN (Other Residence Number)</td></tr><tr><td>home (Home)</td><td>wider</td><td>VHN (Vacation Home Number)</td></tr><tr><td>work (Work)</td><td>equivalent</td><td>WPN (Work Number)</td></tr><tr><td>mobile (Mobile)</td><td>equivalent</td><td>PRS (Personal)</td></tr></table></div>"
  },
  "url": "http://hl7.org/fhir/cm/v2/contact-point-use",
  "name": "v2 map for ContactPointUse",
  "publisher": "HL7 (FHIR Project)",
  "contact": [
    {
      "telecom": [
        {
          "system": "url",
          "value": "http://hl7.org/fhir"
        },
        {
          "system": "email",
          "value": "fhir@lists.hl7.org"
        }
      ]
    }
  ],
  "description": "v2 Map (0201)",
  "status": "draft",
  "date": "2015-03-23T23:56:59+00:00",
  "sourceReference": {
    "reference": "http://hl7.org/fhir/vs/contact-point-use"
  },
  "targetReference": {
    "reference": "http://hl7.org/fhir/v2/vs/0201"
  },
  "element": [
    {
      "codeSystem": "http://hl7.org/fhir/contact-point-use",
      "code": "home",
      "map": [
        {
          "codeSystem": "http://hl7.org/fhir/v2/0201",
          "code": "PRN",
          "equivalence": "wider"
        }
      ]
    },
    {
      "codeSystem": "http://hl7.org/fhir/contact-point-use",
      "code": "home",
      "map": [
        {
          "codeSystem": "http://hl7.org/fhir/v2/0201",
          "code": "ORN",
          "equivalence": "wider"
        }
      ]
    },
    {
      "codeSystem": "http://hl7.org/fhir/contact-point-use",
      "code": "home",
      "map": [
        {
          "codeSystem": "http://hl7.org/fhir/v2/0201",
          "code": "VHN",
          "equivalence": "wider"
        }
      ]
    },
    {
      "codeSystem": "http://hl7.org/fhir/contact-point-use",
      "code": "work",
      "map": [
        {
          "codeSystem": "http://hl7.org/fhir/v2/0201",
          "code": "WPN",
          "equivalence": "equivalent"
        }
      ]
    },
    {
      "codeSystem": "http://hl7.org/fhir/contact-point-use",
      "code": "mobile",
      "map": [
        {
          "codeSystem": "http://hl7.org/fhir/v2/0201",
          "code": "PRS",
          "equivalence": "equivalent"
        }
      ]
    }
  ]
}