{
  "resourceType": "ValueSet",
  "id": "contact-point-use",
  "meta": {
    "lastUpdated": "2015-03-23T23:56:59.139+00:00",
    "profile": [
      "http://hl7.org/fhir/StructureDefinition/valueset-shareable-definition"
    ]
  },
  "text": {
    "status": "generated",
    "div": "<div><p>This value set contains 5 concepts</p><h2>ContactPointUse</h2><p>Use of contact point</p><p>This value set defines its own terms in the system http://hl7.org/fhir/contact-point-use</p><table class=\"codes\"><tr><td><b>Code</b></td><td><b>Display</b></td><td><b>Definition</b></td><td><b><a href=\"v3/AddressUse/index.html\">v3 Map (AddressUse)</a></b></td><td><b><a href=\"v2/0201/index.html\">v2 Map (0201)</a></b></td></tr><tr><td>home<a name=\"home\"> </a></td><td>Home</td><td>A communication contact point at a home; attempted contacts for business purposes might intrude privacy and chances are one will contact family or other household members instead of the person one wishes to call. Typically used with urgent cases, or if no other contacts are available.</td><td><span title=\"equal\">=</span><a href=\"v3/AddressUse/index.html#H\">H</a></td><td><span title=\"wider\">&gt;</span><a href=\"v2/0201/index.html#PRN\">PRN</a><br/><span title=\"wider\">&gt;</span><a href=\"v2/0201/index.html#ORN\">ORN</a><br/><span title=\"wider\">&gt;</span><a href=\"v2/0201/index.html#VHN\">VHN</a></td></tr><tr><td>work<a name=\"work\"> </a></td><td>Work</td><td>An office contact point. First choice for business related contacts during business hours.</td><td><span title=\"equal\">=</span><a href=\"v3/AddressUse/index.html#WP\">WP</a></td><td><span title=\"equivalent\">~</span><a href=\"v2/0201/index.html#WPN\">WPN</a></td></tr><tr><td>temp<a name=\"temp\"> </a></td><td>Temp</td><td>A temporary contact point. The period can provide more detailed information.</td><td><span title=\"equal\">=</span><a href=\"v3/AddressUse/index.html#TMP\">TMP</a></td><td/></tr><tr><td>old<a name=\"old\"> </a></td><td>Old</td><td>This contact point is no longer in use (or was never correct, but retained for records).</td><td><span title=\"narrower\">&lt;</span><a href=\"v3/AddressUse/index.html#OLD\">OLD</a><i>(Old and Bad)</i><br/><span title=\"narrower\">&lt;</span><a href=\"v3/AddressUse/index.html#BAD\">BAD</a><i>(Old and Bad)</i></td><td/></tr><tr><td>mobile<a name=\"mobile\"> </a></td><td>Mobile</td><td>A telecommunication device that moves and stays with its owner. May have characteristics of all other use codes, suitable for urgent matters, not the first choice for routine business.</td><td><span title=\"equal\">=</span><a href=\"v3/AddressUse/index.html#MC\">MC</a></td><td><span title=\"equivalent\">~</span><a href=\"v2/0201/index.html#PRS\">PRS</a></td></tr></table></div>"
  },
  "extension": [
    {
      "url": "http://hl7.org/fhir/StructureDefinition/valueset-oid",
      "valueUri": "urn:oid:2.16.840.1.113883.4.642.2.426"
    }
  ],
  "url": "http://hl7.org/fhir/vs/contact-point-use",
  "version": "0.4.0",
  "name": "ContactPointUse",
  "publisher": "HL7 (FHIR Project)",
  "contact": [
    {
      "telecom": [
        {
          "system": "url",
          "value": "http://hl7.org/fhir"
        },
        {
          "system": "email",
          "value": "fhir@lists.hl7.org"
        }
      ]
    }
  ],
  "description": "Use of contact point",
  "status": "draft",
  "experimental": false,
  "date": "2015-03-23T23:56:59+00:00",
  "define": {
    "extension": [
      {
        "url": "http://hl7.org/fhir/StructureDefinition/valueset-oid",
        "valueUri": "urn:oid:2.16.840.1.113883.4.642.1.426"
      }
    ],
    "system": "http://hl7.org/fhir/contact-point-use",
    "caseSensitive": true,
    "concept": [
      {
        "code": "home",
        "display": "Home",
        "definition": "A communication contact point at a home; attempted contacts for business purposes might intrude privacy and chances are one will contact family or other household members instead of the person one wishes to call. Typically used with urgent cases, or if no other contacts are available."
      },
      {
        "code": "work",
        "display": "Work",
        "definition": "An office contact point. First choice for business related contacts during business hours."
      },
      {
        "code": "temp",
        "display": "Temp",
        "definition": "A temporary contact point. The period can provide more detailed information."
      },
      {
        "code": "old",
        "display": "Old",
        "definition": "This contact point is no longer in use (or was never correct, but retained for records)."
      },
      {
        "code": "mobile",
        "display": "Mobile",
        "definition": "A telecommunication device that moves and stays with its owner. May have characteristics of all other use codes, suitable for urgent matters, not the first choice for routine business."
      }
    ]
  }
}