{
  "resourceType": "ValueSet",
  "id": "data-types",
  "meta": {
    "lastUpdated": "2015-03-23T23:56:59.139+00:00",
    "profile": [
      "http://hl7.org/fhir/StructureDefinition/valueset-shareable-definition"
    ]
  },
  "text": {
    "status": "generated",
    "div": "<div><p>This value set contains 40 concepts</p><h2>DataType</h2><p>The type of an element - one of the FHIR data types</p><p>This value set defines its own terms in the system http://hl7.org/fhir/data-types</p><table class=\"codes\"><tr><td><b>Code</b></td><td><b>Definition</b></td></tr><tr><td>Address<a name=\"Address\"> </a></td><td>There is a variety of postal address formats defined around the world. This format defines a superset that is the basis for all addresses around the world.</td></tr><tr><td>Age<a name=\"Age\"> </a></td><td>A duration (length of time) with a UCUM code</td></tr><tr><td>Attachment<a name=\"Attachment\"> </a></td><td>For referring to data content defined in other formats.</td></tr><tr><td>BackboneElement<a name=\"BackboneElement\"> </a></td><td>Base definition for all elements that are defined inside a resource - but not those in a data type.</td></tr><tr><td>CodeableConcept<a name=\"CodeableConcept\"> </a></td><td>A concept that may be defined by a formal reference to a terminology or ontology or may be provided by text.</td></tr><tr><td>Coding<a name=\"Coding\"> </a></td><td>A reference to a code defined by a terminology system.</td></tr><tr><td>ContactPoint<a name=\"ContactPoint\"> </a></td><td>Details for All kinds of technology mediated contact points for a person or organization, including telephone, email, etc.</td></tr><tr><td>Count<a name=\"Count\"> </a></td><td>A count of a discrete element (no unit)</td></tr><tr><td>Distance<a name=\"Distance\"> </a></td><td>A measure of distance</td></tr><tr><td>Duration<a name=\"Duration\"> </a></td><td>A length of time</td></tr><tr><td>Element<a name=\"Element\"> </a></td><td>Base definition for all elements in a resource.</td></tr><tr><td>ElementDefinition<a name=\"ElementDefinition\"> </a></td><td>Captures constraints on each element within the resource, profile, or extension.</td></tr><tr><td>Extension<a name=\"Extension\"> </a></td><td>Optional Extensions Element - found in all resources.</td></tr><tr><td>HumanName<a name=\"HumanName\"> </a></td><td>A human's name with the ability to identify parts and usage.</td></tr><tr><td>Identifier<a name=\"Identifier\"> </a></td><td>A technical identifier - identifies some entity uniquely and unambiguously.</td></tr><tr><td>Meta<a name=\"Meta\"> </a></td><td>The metadata about a resource. This is content in the resource that is maintained by the infrastructure. Changes to the content may not always be associated with version changes to the resource.</td></tr><tr><td>Money<a name=\"Money\"> </a></td><td>An amount of money. With regard to precision, see [[X]]</td></tr><tr><td>Narrative<a name=\"Narrative\"> </a></td><td>A human-readable formatted text, including images.</td></tr><tr><td>Period<a name=\"Period\"> </a></td><td>A time period defined by a start and end date and optionally time.</td></tr><tr><td>Quantity<a name=\"Quantity\"> </a></td><td>A measured amount (or an amount that can potentially be measured). Note that measured amounts include amounts that are not precisely quantified, including amounts involving arbitrary units and floating currencies.</td></tr><tr><td>Range<a name=\"Range\"> </a></td><td>A set of ordered Quantities defined by a low and high limit.</td></tr><tr><td>Ratio<a name=\"Ratio\"> </a></td><td>A relationship of two Quantity values - expressed as a numerator and a denominator.</td></tr><tr><td>Reference<a name=\"Reference\"> </a></td><td>A reference from one resource to another.</td></tr><tr><td>SampledData<a name=\"SampledData\"> </a></td><td>A series of measurements taken by a device, with upper and lower limits. There may be more than one dimension in the data.</td></tr><tr><td>Signature<a name=\"Signature\"> </a></td><td>An XML digital signature along with supporting context.</td></tr><tr><td>Timing<a name=\"Timing\"> </a></td><td>Specifies an event that may occur multiple times. Timing schedules are used to record when things are expected or requested to occur. The most common usage is in dosage instructions for medications. They are also used when planning care of various kinds.</td></tr><tr><td>base64Binary<a name=\"base64Binary\"> </a></td><td>A stream of bytes</td></tr><tr><td>boolean<a name=\"boolean\"> </a></td><td>Value of &quot;true&quot; or &quot;false&quot;</td></tr><tr><td>code<a name=\"code\"> </a></td><td>A string which has at least one character and no leading or trailing whitespace and where there is no whitespace other than single spaces in the contents</td></tr><tr><td>date<a name=\"date\"> </a></td><td>A date, or partial date (e.g. just year or year + month). There is no time zone. The format is a union of the schema types gYear, gYearMonth and date.  Dates SHALL be valid dates.</td></tr><tr><td>dateTime<a name=\"dateTime\"> </a></td><td>A date, date-time or partial date (e.g. just year or year + month).  If hours and minutes are specified, a time zone SHALL be populated. The format is a union of the schema types gYear, gYearMonth, date and dateTime. Seconds must be provided due to schema type constraints but may be zero-filled and may be ignored.  Dates SHALL be valid dates.</td></tr><tr><td>decimal<a name=\"decimal\"> </a></td><td>A rational number with implicit precision</td></tr><tr><td>id<a name=\"id\"> </a></td><td>Any combination of lowercase letters, numerals, &quot;-&quot; and &quot;.&quot;, with a length limit of 36 characters.  (This might be an integer, an unprefixed OID, UUID or any other identifier pattern that meets these constraints.)  Systems SHALL send ids as lower-case but SHOULD interpret them case-insensitively.</td></tr><tr><td>instant<a name=\"instant\"> </a></td><td>An instant in time - known at least to the second</td></tr><tr><td>integer<a name=\"integer\"> </a></td><td>A whole number</td></tr><tr><td>oid<a name=\"oid\"> </a></td><td>An oid represented as a URI</td></tr><tr><td>string<a name=\"string\"> </a></td><td>A sequence of Unicode characters</td></tr><tr><td>time<a name=\"time\"> </a></td><td>A time during the day, with no date specified</td></tr><tr><td>uri<a name=\"uri\"> </a></td><td>String of characters used to identify a name or a resource</td></tr><tr><td>uuid<a name=\"uuid\"> </a></td><td>A UUID, represented as a URI</td></tr></table></div>"
  },
  "extension": [
    {
      "url": "http://hl7.org/fhir/StructureDefinition/valueset-oid",
      "valueUri": "urn:oid:2.16.840.1.113883.4.642.2.3"
    }
  ],
  "url": "http://hl7.org/fhir/vs/data-types",
  "version": "0.4.0",
  "name": "DataType",
  "publisher": "HL7 (FHIR Project)",
  "contact": [
    {
      "telecom": [
        {
          "system": "url",
          "value": "http://hl7.org/fhir"
        },
        {
          "system": "email",
          "value": "fhir@lists.hl7.org"
        }
      ]
    }
  ],
  "description": "The type of an element - one of the FHIR data types",
  "status": "draft",
  "experimental": false,
  "date": "2015-03-23T23:56:59+00:00",
  "define": {
    "extension": [
      {
        "url": "http://hl7.org/fhir/StructureDefinition/valueset-oid",
        "valueUri": "urn:oid:2.16.840.1.113883.4.642.1.3"
      }
    ],
    "system": "http://hl7.org/fhir/data-types",
    "caseSensitive": true,
    "concept": [
      {
        "code": "Address",
        "definition": "There is a variety of postal address formats defined around the world. This format defines a superset that is the basis for all addresses around the world."
      },
      {
        "code": "Age",
        "definition": "A duration (length of time) with a UCUM code"
      },
      {
        "code": "Attachment",
        "definition": "For referring to data content defined in other formats."
      },
      {
        "code": "BackboneElement",
        "definition": "Base definition for all elements that are defined inside a resource - but not those in a data type."
      },
      {
        "code": "CodeableConcept",
        "definition": "A concept that may be defined by a formal reference to a terminology or ontology or may be provided by text."
      },
      {
        "code": "Coding",
        "definition": "A reference to a code defined by a terminology system."
      },
      {
        "code": "ContactPoint",
        "definition": "Details for All kinds of technology mediated contact points for a person or organization, including telephone, email, etc."
      },
      {
        "code": "Count",
        "definition": "A count of a discrete element (no unit)"
      },
      {
        "code": "Distance",
        "definition": "A measure of distance"
      },
      {
        "code": "Duration",
        "definition": "A length of time"
      },
      {
        "code": "Element",
        "definition": "Base definition for all elements in a resource."
      },
      {
        "code": "ElementDefinition",
        "definition": "Captures constraints on each element within the resource, profile, or extension."
      },
      {
        "code": "Extension",
        "definition": "Optional Extensions Element - found in all resources."
      },
      {
        "code": "HumanName",
        "definition": "A human's name with the ability to identify parts and usage."
      },
      {
        "code": "Identifier",
        "definition": "A technical identifier - identifies some entity uniquely and unambiguously."
      },
      {
        "code": "Meta",
        "definition": "The metadata about a resource. This is content in the resource that is maintained by the infrastructure. Changes to the content may not always be associated with version changes to the resource."
      },
      {
        "code": "Money",
        "definition": "An amount of money. With regard to precision, see [[X]]"
      },
      {
        "code": "Narrative",
        "definition": "A human-readable formatted text, including images."
      },
      {
        "code": "Period",
        "definition": "A time period defined by a start and end date and optionally time."
      },
      {
        "code": "Quantity",
        "definition": "A measured amount (or an amount that can potentially be measured). Note that measured amounts include amounts that are not precisely quantified, including amounts involving arbitrary units and floating currencies."
      },
      {
        "code": "Range",
        "definition": "A set of ordered Quantities defined by a low and high limit."
      },
      {
        "code": "Ratio",
        "definition": "A relationship of two Quantity values - expressed as a numerator and a denominator."
      },
      {
        "code": "Reference",
        "definition": "A reference from one resource to another."
      },
      {
        "code": "SampledData",
        "definition": "A series of measurements taken by a device, with upper and lower limits. There may be more than one dimension in the data."
      },
      {
        "code": "Signature",
        "definition": "An XML digital signature along with supporting context."
      },
      {
        "code": "Timing",
        "definition": "Specifies an event that may occur multiple times. Timing schedules are used to record when things are expected or requested to occur. The most common usage is in dosage instructions for medications. They are also used when planning care of various kinds."
      },
      {
        "code": "base64Binary",
        "definition": "A stream of bytes"
      },
      {
        "code": "boolean",
        "definition": "Value of \"true\" or \"false\""
      },
      {
        "code": "code",
        "definition": "A string which has at least one character and no leading or trailing whitespace and where there is no whitespace other than single spaces in the contents"
      },
      {
        "code": "date",
        "definition": "A date, or partial date (e.g. just year or year + month). There is no time zone. The format is a union of the schema types gYear, gYearMonth and date.  Dates SHALL be valid dates."
      },
      {
        "code": "dateTime",
        "definition": "A date, date-time or partial date (e.g. just year or year + month).  If hours and minutes are specified, a time zone SHALL be populated. The format is a union of the schema types gYear, gYearMonth, date and dateTime. Seconds must be provided due to schema type constraints but may be zero-filled and may be ignored.  Dates SHALL be valid dates."
      },
      {
        "code": "decimal",
        "definition": "A rational number with implicit precision"
      },
      {
        "code": "id",
        "definition": "Any combination of lowercase letters, numerals, \"-\" and \".\", with a length limit of 36 characters.  (This might be an integer, an unprefixed OID, UUID or any other identifier pattern that meets these constraints.)  Systems SHALL send ids as lower-case but SHOULD interpret them case-insensitively."
      },
      {
        "code": "instant",
        "definition": "An instant in time - known at least to the second"
      },
      {
        "code": "integer",
        "definition": "A whole number"
      },
      {
        "code": "oid",
        "definition": "An oid represented as a URI"
      },
      {
        "code": "string",
        "definition": "A sequence of Unicode characters"
      },
      {
        "code": "time",
        "definition": "A time during the day, with no date specified"
      },
      {
        "code": "uri",
        "definition": "String of characters used to identify a name or a resource"
      },
      {
        "code": "uuid",
        "definition": "A UUID, represented as a URI"
      }
    ]
  }
}