{"contact":[{"telecom":[{"system":"url","value":"http://hl7.org/fhir"},{"system":"email","value":"fhir@lists.hl7.org"}]}],"date":"2015-03-23T23:56:59+00:00","description":"v3 Map (NullFlavor)","element":[{"code":"unknown","codeSystem":"http://hl7.org/fhir/data-absent-reason","map":[{"code":"UNK","codeSystem":"http://hl7.org/fhir/v3/NullFlavor","equivalence":"equal"}]},{"code":"asked","codeSystem":"http://hl7.org/fhir/data-absent-reason","map":[{"code":"ASKU","codeSystem":"http://hl7.org/fhir/v3/NullFlavor","equivalence":"equal"}]},{"code":"temp","codeSystem":"http://hl7.org/fhir/data-absent-reason","map":[{"code":"NAV","codeSystem":"http://hl7.org/fhir/v3/NullFlavor","equivalence":"equal"}]},{"code":"notasked","codeSystem":"http://hl7.org/fhir/data-absent-reason","map":[{"code":"NASK","codeSystem":"http://hl7.org/fhir/v3/NullFlavor","equivalence":"equal"}]},{"code":"masked","codeSystem":"http://hl7.org/fhir/data-absent-reason","map":[{"code":"MSK","codeSystem":"http://hl7.org/fhir/v3/NullFlavor","equivalence":"equal"}]},{"code":"unsupported","codeSystem":"http://hl7.org/fhir/data-absent-reason","map":[{"code":"NA","codeSystem":"http://hl7.org/fhir/v3/NullFlavor","equivalence":"wider"}]},{"code":"error","codeSystem":"http://hl7.org/fhir/data-absent-reason","map":[{"code":"NA","codeSystem":"http://hl7.org/fhir/v3/NullFlavor","equivalence":"wider"}]}],"id":"v3-data-absent-reason","name":"v3 map for DataAbsentReason","publisher":"HL7 (FHIR Project)","resourceType":"ConceptMap","sourceReference":{"reference":"http://hl7.org/fhir/vs/data-absent-reason"},"status":"draft","targetReference":{"reference":"http://hl7.org/fhir/v3/vs/NullFlavor"},"text":{"div":"<div><h2>v3 map for DataAbsentReason (http://hl7.org/fhir/cm/v3/data-absent-reason)</h2><p>Mapping from <a href=\"data-absent-reason.html\">http://hl7.org/fhir/vs/data-absent-reason</a> to <a href=\"v3/NullFlavor/index.html\">http://hl7.org/fhir/v3/vs/NullFlavor</a></p><p>DRAFT. Published on Mar 23, 2015 11:56:59 PM by HL7 (FHIR Project) (<a href=\"http://hl7.org/fhir\">http://hl7.org/fhir</a>, <a href=\"mailto:fhir@lists.hl7.org\">fhir@lists.hl7.org</a>; ). </p><p>v3 Map (NullFlavor)</p><br/><table class=\"grid\"><tr><td><b>Source Code</b></td><td><b>Equivalence</b></td><td><b>Destination Code</b></td></tr><tr><td>unknown (Unknown)</td><td>equal</td><td>UNK (unknown)</td></tr><tr><td>asked (Asked)</td><td>equal</td><td>ASKU (asked but unknown)</td></tr><tr><td>temp (Temp)</td><td>equal</td><td>NAV (temporarily unavailable)</td></tr><tr><td>notasked (Not Asked)</td><td>equal</td><td>NASK (not asked)</td></tr><tr><td>masked (Masked)</td><td>equal</td><td>MSK (masked)</td></tr><tr><td>unsupported (Unsupported)</td><td>wider</td><td>NA (not applicable)</td></tr><tr><td>error (Error)</td><td>wider</td><td>NA (not applicable)</td></tr></table></div>","status":"generated"},"url":"http://hl7.org/fhir/cm/v3/data-absent-reason"}