{
  "resourceType": "ValueSet",
  "id": "data-absent-reason",
  "meta": {
    "lastUpdated": "2015-03-23T23:56:59.139+00:00",
    "profile": [
      "http://hl7.org/fhir/StructureDefinition/valueset-shareable-definition"
    ]
  },
  "text": {
    "status": "generated",
    "div": "<div><p>This value set contains 8 concepts</p><h2>DataAbsentReason</h2><p>Used to specify why the normally expected content of the data element is missing</p><p>This value set defines its own terms in the system http://hl7.org/fhir/data-absent-reason</p><table class=\"codes\"><tr><td><b>Code</b></td><td><b>Display</b></td><td><b>Definition</b></td><td><b><a href=\"v3/NullFlavor/index.html\">v3 Map (NullFlavor)</a></b></td></tr><tr><td>unknown<a name=\"unknown\"> </a></td><td>Unknown</td><td>The value is not known</td><td><span title=\"equal\">=</span><a href=\"v3/NullFlavor/index.html#UNK\">UNK</a></td></tr><tr><td>asked<a name=\"asked\"> </a></td><td>Asked</td><td>The source human does not know the value</td><td><span title=\"equal\">=</span><a href=\"v3/NullFlavor/index.html#ASKU\">ASKU</a></td></tr><tr><td>temp<a name=\"temp\"> </a></td><td>Temp</td><td>There is reason to expect (from the workflow) that the value may become known</td><td><span title=\"equal\">=</span><a href=\"v3/NullFlavor/index.html#NAV\">NAV</a></td></tr><tr><td>notasked<a name=\"notasked\"> </a></td><td>Notasked</td><td>The workflow didn't lead to this value being known</td><td><span title=\"equal\">=</span><a href=\"v3/NullFlavor/index.html#NASK\">NASK</a></td></tr><tr><td>masked<a name=\"masked\"> </a></td><td>Masked</td><td>The information is not available due to security, privacy or related reasons</td><td><span title=\"equal\">=</span><a href=\"v3/NullFlavor/index.html#MSK\">MSK</a></td></tr><tr><td>unsupported<a name=\"unsupported\"> </a></td><td>Unsupported</td><td>The source system wasn't capable of supporting this element</td><td><span title=\"wider\">&gt;</span><a href=\"v3/NullFlavor/index.html#NA\">NA</a></td></tr><tr><td>astext<a name=\"astext\"> </a></td><td>Astext</td><td>The content of the data is represented in the resource narrative</td><td/></tr><tr><td>error<a name=\"error\"> </a></td><td>Error</td><td>Some system or workflow process error means that the information is not available</td><td><span title=\"wider\">&gt;</span><a href=\"v3/NullFlavor/index.html#NA\">NA</a></td></tr></table></div>"
  },
  "extension": [
    {
      "url": "http://hl7.org/fhir/StructureDefinition/valueset-oid",
      "valueUri": "urn:oid:2.16.840.1.113883.4.642.2.2"
    }
  ],
  "url": "http://hl7.org/fhir/vs/data-absent-reason",
  "version": "0.4.0",
  "name": "DataAbsentReason",
  "publisher": "HL7 (FHIR Project)",
  "contact": [
    {
      "telecom": [
        {
          "system": "url",
          "value": "http://hl7.org/fhir"
        },
        {
          "system": "email",
          "value": "fhir@lists.hl7.org"
        }
      ]
    }
  ],
  "description": "Used to specify why the normally expected content of the data element is missing",
  "status": "draft",
  "experimental": false,
  "date": "2015-03-23T23:56:59+00:00",
  "define": {
    "extension": [
      {
        "url": "http://hl7.org/fhir/StructureDefinition/valueset-oid",
        "valueUri": "urn:oid:2.16.840.1.113883.4.642.1.2"
      }
    ],
    "system": "http://hl7.org/fhir/data-absent-reason",
    "caseSensitive": true,
    "concept": [
      {
        "code": "unknown",
        "display": "Unknown",
        "definition": "The value is not known"
      },
      {
        "code": "asked",
        "display": "Asked",
        "definition": "The source human does not know the value"
      },
      {
        "code": "temp",
        "display": "Temp",
        "definition": "There is reason to expect (from the workflow) that the value may become known"
      },
      {
        "code": "notasked",
        "display": "Notasked",
        "definition": "The workflow didn't lead to this value being known"
      },
      {
        "code": "masked",
        "display": "Masked",
        "definition": "The information is not available due to security, privacy or related reasons"
      },
      {
        "code": "unsupported",
        "display": "Unsupported",
        "definition": "The source system wasn't capable of supporting this element"
      },
      {
        "code": "astext",
        "display": "Astext",
        "definition": "The content of the data is represented in the resource narrative"
      },
      {
        "code": "error",
        "display": "Error",
        "definition": "Some system or workflow process error means that the information is not available"
      }
    ]
  }
}