{
  "resourceType": "ValueSet",
  "id": "diagnostic-order-status",
  "meta": {
    "lastUpdated": "2015-03-23T23:56:59.139+00:00",
    "profile": [
      "http://hl7.org/fhir/StructureDefinition/valueset-shareable-definition"
    ]
  },
  "text": {
    "status": "generated",
    "div": "<div><p>This value set contains 13 concepts</p><h2>DiagnosticOrderStatus</h2><p>The status of a diagnostic order</p><p>This value set defines its own terms in the system http://hl7.org/fhir/diagnostic-order-status</p><table class=\"codes\"><tr><td><b>Code</b></td><td><b>Display</b></td><td><b>Definition</b></td></tr><tr><td>proposed<a name=\"proposed\"> </a></td><td>Proposed</td><td>The request has been proposed.</td></tr><tr><td>draft<a name=\"draft\"> </a></td><td>Draft</td><td>the request is in preliminary form prior to being sent.</td></tr><tr><td>planned<a name=\"planned\"> </a></td><td>Planned</td><td>The request has been planned.</td></tr><tr><td>requested<a name=\"requested\"> </a></td><td>Requested</td><td>The request has been placed.</td></tr><tr><td>received<a name=\"received\"> </a></td><td>Received</td><td>The receiving system has received the order, but not yet decided whether it will be performed.</td></tr><tr><td>accepted<a name=\"accepted\"> </a></td><td>Accepted</td><td>The receiving system has accepted the order, but work has not yet commenced.</td></tr><tr><td>in-progress<a name=\"in-progress\"> </a></td><td>In-Progress</td><td>The work to fulfill the order is happening.</td></tr><tr><td>review<a name=\"review\"> </a></td><td>Review</td><td>The work is complete, and the outcomes are being reviewed for approval.</td></tr><tr><td>completed<a name=\"completed\"> </a></td><td>Completed</td><td>The work has been complete, the report(s) released, and no further work is planned.</td></tr><tr><td>cancelled<a name=\"cancelled\"> </a></td><td>Cancelled</td><td>the request has been withdrawn.</td></tr><tr><td>suspended<a name=\"suspended\"> </a></td><td>Suspended</td><td>The request has been held by originating system/user request.</td></tr><tr><td>rejected<a name=\"rejected\"> </a></td><td>Rejected</td><td>The receiving system has declined to fulfill the request.</td></tr><tr><td>failed<a name=\"failed\"> </a></td><td>Failed</td><td>The diagnostic investigation was attempted, but due to some procedural error, it could not be completed.</td></tr></table></div>"
  },
  "extension": [
    {
      "url": "http://hl7.org/fhir/StructureDefinition/valueset-oid",
      "valueUri": "urn:oid:2.16.840.1.113883.4.642.2.207"
    }
  ],
  "url": "http://hl7.org/fhir/vs/diagnostic-order-status",
  "version": "0.4.0",
  "name": "DiagnosticOrderStatus",
  "publisher": "HL7 (FHIR Project)",
  "contact": [
    {
      "telecom": [
        {
          "system": "url",
          "value": "http://hl7.org/fhir"
        },
        {
          "system": "email",
          "value": "fhir@lists.hl7.org"
        }
      ]
    }
  ],
  "description": "The status of a diagnostic order",
  "status": "draft",
  "experimental": false,
  "date": "2015-03-23T23:56:59+00:00",
  "define": {
    "extension": [
      {
        "url": "http://hl7.org/fhir/StructureDefinition/valueset-oid",
        "valueUri": "urn:oid:2.16.840.1.113883.4.642.1.207"
      }
    ],
    "system": "http://hl7.org/fhir/diagnostic-order-status",
    "caseSensitive": true,
    "concept": [
      {
        "code": "proposed",
        "display": "Proposed",
        "definition": "The request has been proposed."
      },
      {
        "code": "draft",
        "display": "Draft",
        "definition": "the request is in preliminary form prior to being sent."
      },
      {
        "code": "planned",
        "display": "Planned",
        "definition": "The request has been planned."
      },
      {
        "code": "requested",
        "display": "Requested",
        "definition": "The request has been placed."
      },
      {
        "code": "received",
        "display": "Received",
        "definition": "The receiving system has received the order, but not yet decided whether it will be performed."
      },
      {
        "code": "accepted",
        "display": "Accepted",
        "definition": "The receiving system has accepted the order, but work has not yet commenced."
      },
      {
        "code": "in-progress",
        "display": "In-Progress",
        "definition": "The work to fulfill the order is happening."
      },
      {
        "code": "review",
        "display": "Review",
        "definition": "The work is complete, and the outcomes are being reviewed for approval."
      },
      {
        "code": "completed",
        "display": "Completed",
        "definition": "The work has been complete, the report(s) released, and no further work is planned."
      },
      {
        "code": "cancelled",
        "display": "Cancelled",
        "definition": "the request has been withdrawn."
      },
      {
        "code": "suspended",
        "display": "Suspended",
        "definition": "The request has been held by originating system/user request."
      },
      {
        "code": "rejected",
        "display": "Rejected",
        "definition": "The receiving system has declined to fulfill the request."
      },
      {
        "code": "failed",
        "display": "Failed",
        "definition": "The diagnostic investigation was attempted, but due to some procedural error, it could not be completed."
      }
    ]
  }
}