{
  "resourceType": "ValueSet",
  "id": "digital-media-type",
  "meta": {
    "lastUpdated": "2015-03-23T23:56:59.139+00:00",
    "profile": [
      "http://hl7.org/fhir/StructureDefinition/valueset-shareable-definition"
    ]
  },
  "text": {
    "status": "generated",
    "div": "<div><p>This value set contains 3 concepts</p><h2>DigitalMediaType</h2><p>Whether the Media is a photo, video, or audio</p><p>This value set defines its own terms in the system http://hl7.org/fhir/digital-media-type</p><table class=\"codes\"><tr><td><b>Code</b></td><td><b>Display</b></td><td><b>Definition</b></td></tr><tr><td>photo<a name=\"photo\"> </a></td><td>Photo</td><td>The media consists of one or more unmoving images, including photographs, computer-generated graphs and charts, and scanned documents.</td></tr><tr><td>video<a name=\"video\"> </a></td><td>Video</td><td>The media consists of a series of frames that capture a moving image.</td></tr><tr><td>audio<a name=\"audio\"> </a></td><td>Audio</td><td>The media consists of a sound recording.</td></tr></table></div>"
  },
  "extension": [
    {
      "url": "http://hl7.org/fhir/StructureDefinition/valueset-oid",
      "valueUri": "urn:oid:2.16.840.1.113883.4.642.2.1623"
    }
  ],
  "url": "http://hl7.org/fhir/vs/digital-media-type",
  "version": "0.4.0",
  "name": "DigitalMediaType",
  "publisher": "HL7 (FHIR Project)",
  "contact": [
    {
      "telecom": [
        {
          "system": "url",
          "value": "http://hl7.org/fhir"
        },
        {
          "system": "email",
          "value": "fhir@lists.hl7.org"
        }
      ]
    }
  ],
  "description": "Whether the Media is a photo, video, or audio",
  "status": "draft",
  "experimental": false,
  "date": "2015-03-23T23:56:59+00:00",
  "define": {
    "extension": [
      {
        "url": "http://hl7.org/fhir/StructureDefinition/valueset-oid",
        "valueUri": "urn:oid:2.16.840.1.113883.4.642.1.1623"
      }
    ],
    "system": "http://hl7.org/fhir/digital-media-type",
    "caseSensitive": true,
    "concept": [
      {
        "code": "photo",
        "display": "Photo",
        "definition": "The media consists of one or more unmoving images, including photographs, computer-generated graphs and charts, and scanned documents."
      },
      {
        "code": "video",
        "display": "Video",
        "definition": "The media consists of a series of frames that capture a moving image."
      },
      {
        "code": "audio",
        "display": "Audio",
        "definition": "The media consists of a sound recording."
      }
    ]
  }
}