{
  "resourceType": "ValueSet",
  "id": "document-reference-status",
  "meta": {
    "lastUpdated": "2015-03-23T23:56:59.139+00:00",
    "profile": [
      "http://hl7.org/fhir/StructureDefinition/valueset-shareable-definition"
    ]
  },
  "text": {
    "status": "generated",
    "div": "<div><p>This value set contains 3 concepts</p><h2>DocumentReferenceStatus</h2><p>The status of the document reference</p><p>This value set defines its own terms in the system http://hl7.org/fhir/document-reference-status</p><table class=\"codes\"><tr><td><b>Code</b></td><td><b>Display</b></td><td><b>Definition</b></td><td><b><a href=\"v3/ActStatus/index.html\">v3 Map (ActStatus)</a></b></td></tr><tr><td>current<a name=\"current\"> </a></td><td>Current</td><td>This is the current reference for this document.</td><td><span title=\"equivalent\">~</span><a href=\"v3/ActStatus/index.html#active\">active</a></td></tr><tr><td>superceded<a name=\"superceded\"> </a></td><td>Superceded</td><td>This reference has been superseded by another reference.</td><td><span title=\"equivalent\">~</span><a href=\"v3/ActStatus/index.html#obsolete\">obsolete</a></td></tr><tr><td>entered-in-error<a name=\"entered-in-error\"> </a></td><td>Entered In Error</td><td>This reference was created in error.</td><td><span title=\"equivalent\">~</span><a href=\"v3/ActStatus/index.html#nullified\">nullified</a></td></tr></table></div>"
  },
  "extension": [
    {
      "url": "http://hl7.org/fhir/StructureDefinition/valueset-oid",
      "valueUri": "urn:oid:2.16.840.1.113883.4.642.2.67"
    }
  ],
  "url": "http://hl7.org/fhir/vs/document-reference-status",
  "version": "0.4.0",
  "name": "DocumentReferenceStatus",
  "publisher": "HL7 (FHIR Project)",
  "contact": [
    {
      "telecom": [
        {
          "system": "url",
          "value": "http://hl7.org/fhir"
        },
        {
          "system": "email",
          "value": "fhir@lists.hl7.org"
        }
      ]
    }
  ],
  "description": "The status of the document reference",
  "status": "draft",
  "experimental": false,
  "date": "2015-03-23T23:56:59+00:00",
  "define": {
    "extension": [
      {
        "url": "http://hl7.org/fhir/StructureDefinition/valueset-oid",
        "valueUri": "urn:oid:2.16.840.1.113883.4.642.1.67"
      }
    ],
    "system": "http://hl7.org/fhir/document-reference-status",
    "caseSensitive": true,
    "concept": [
      {
        "code": "current",
        "display": "Current",
        "definition": "This is the current reference for this document."
      },
      {
        "code": "superceded",
        "display": "Superceded",
        "definition": "This reference has been superseded by another reference."
      },
      {
        "code": "entered-in-error",
        "display": "Entered In Error",
        "definition": "This reference was created in error."
      }
    ]
  }
}