{
  "resourceType": "ValueSet",
  "id": "document-mode",
  "meta": {
    "lastUpdated": "2015-03-23T23:56:59.139+00:00",
    "profile": [
      "http://hl7.org/fhir/StructureDefinition/valueset-shareable-definition"
    ]
  },
  "text": {
    "status": "generated",
    "div": "<div><p>This value set contains 2 concepts</p><h2>DocumentMode</h2><p>Whether the application produces or consumes documents</p><p>This value set defines its own terms in the system http://hl7.org/fhir/document-mode</p><table class=\"codes\"><tr><td><b>Code</b></td><td><b>Display</b></td><td><b>Definition</b></td></tr><tr><td>producer<a name=\"producer\"> </a></td><td>Producer</td><td>The application produces documents of the specified type.</td></tr><tr><td>consumer<a name=\"consumer\"> </a></td><td>Consumer</td><td>The application consumes documents of the specified type.</td></tr></table></div>"
  },
  "extension": [
    {
      "url": "http://hl7.org/fhir/StructureDefinition/valueset-oid",
      "valueUri": "urn:oid:2.16.840.1.113883.4.642.2.47"
    }
  ],
  "url": "http://hl7.org/fhir/vs/document-mode",
  "version": "0.4.0",
  "name": "DocumentMode",
  "publisher": "HL7 (FHIR Project)",
  "contact": [
    {
      "telecom": [
        {
          "system": "url",
          "value": "http://hl7.org/fhir"
        },
        {
          "system": "email",
          "value": "fhir@lists.hl7.org"
        }
      ]
    }
  ],
  "description": "Whether the application produces or consumes documents",
  "status": "draft",
  "experimental": false,
  "date": "2015-03-23T23:56:59+00:00",
  "define": {
    "extension": [
      {
        "url": "http://hl7.org/fhir/StructureDefinition/valueset-oid",
        "valueUri": "urn:oid:2.16.840.1.113883.4.642.1.47"
      }
    ],
    "system": "http://hl7.org/fhir/document-mode",
    "caseSensitive": true,
    "concept": [
      {
        "code": "producer",
        "display": "Producer",
        "definition": "The application produces documents of the specified type."
      },
      {
        "code": "consumer",
        "display": "Consumer",
        "definition": "The application consumes documents of the specified type."
      }
    ]
  }
}