{"contact":[{"telecom":[{"system":"url","value":"http://hl7.org/fhir"},{"system":"email","value":"fhir@lists.hl7.org"}]}],"date":"2015-03-23T23:56:59+00:00","description":"v3 Map (ActStatus)","element":[{"code":"current","codeSystem":"http://hl7.org/fhir/document-reference-status","map":[{"code":"active","codeSystem":"http://hl7.org/fhir/v3/ActStatus","equivalence":"equivalent"}]},{"code":"superceded","codeSystem":"http://hl7.org/fhir/document-reference-status","map":[{"code":"obsolete","codeSystem":"http://hl7.org/fhir/v3/ActStatus","equivalence":"equivalent"}]},{"code":"entered-in-error","codeSystem":"http://hl7.org/fhir/document-reference-status","map":[{"code":"nullified","codeSystem":"http://hl7.org/fhir/v3/ActStatus","equivalence":"equivalent"}]}],"id":"v3-document-reference-status","name":"v3 map for DocumentReferenceStatus","publisher":"HL7 (FHIR Project)","resourceType":"ConceptMap","sourceReference":{"reference":"http://hl7.org/fhir/vs/document-reference-status"},"status":"draft","targetReference":{"reference":"http://hl7.org/fhir/v3/vs/ActStatus"},"text":{"div":"<div><h2>v3 map for DocumentReferenceStatus (http://hl7.org/fhir/cm/v3/document-reference-status)</h2><p>Mapping from <a href=\"document-reference-status.html\">http://hl7.org/fhir/vs/document-reference-status</a> to <a href=\"v3/ActStatus/index.html\">http://hl7.org/fhir/v3/vs/ActStatus</a></p><p>DRAFT. Published on Mar 23, 2015 11:56:59 PM by HL7 (FHIR Project) (<a href=\"http://hl7.org/fhir\">http://hl7.org/fhir</a>, <a href=\"mailto:fhir@lists.hl7.org\">fhir@lists.hl7.org</a>; ). </p><p>v3 Map (ActStatus)</p><br/><table class=\"grid\"><tr><td><b>Source Code</b></td><td><b>Equivalence</b></td><td><b>Destination Code</b></td></tr><tr><td>current (Current)</td><td>equivalent</td><td>active (active)</td></tr><tr><td>superceded (Superceded)</td><td>equivalent</td><td>obsolete (obsolete)</td></tr><tr><td>entered-in-error (Entered In Error)</td><td>equivalent</td><td>nullified (nullified)</td></tr></table></div>","status":"generated"},"url":"http://hl7.org/fhir/cm/v3/document-reference-status"}