{
  "resourceType": "ValueSet",
  "id": "document-relationship-type",
  "meta": {
    "lastUpdated": "2015-03-23T23:56:59.139+00:00",
    "profile": [
      "http://hl7.org/fhir/StructureDefinition/valueset-shareable-definition"
    ]
  },
  "text": {
    "status": "generated",
    "div": "<div><p>This value set contains 4 concepts</p><h2>DocumentRelationshipType</h2><p>The type of relationship between documents</p><p>This value set defines its own terms in the system http://hl7.org/fhir/document-relationship-type</p><table class=\"codes\"><tr><td><b>Code</b></td><td><b>Display</b></td><td><b>Definition</b></td></tr><tr><td>replaces<a name=\"replaces\"> </a></td><td>Replaces</td><td>This document logically replaces or supercedes the target document.</td></tr><tr><td>transforms<a name=\"transforms\"> </a></td><td>Transforms</td><td>This document was generated by transforming the target document (e.g. format or language conversion).</td></tr><tr><td>signs<a name=\"signs\"> </a></td><td>Signs</td><td>This document is a signature of the target document.</td></tr><tr><td>appends<a name=\"appends\"> </a></td><td>Appends</td><td>This document adds additional information to the target document.</td></tr></table></div>"
  },
  "extension": [
    {
      "url": "http://hl7.org/fhir/StructureDefinition/valueset-oid",
      "valueUri": "urn:oid:2.16.840.1.113883.4.642.2.328"
    }
  ],
  "url": "http://hl7.org/fhir/vs/document-relationship-type",
  "version": "0.4.0",
  "name": "DocumentRelationshipType",
  "publisher": "HL7 (FHIR Project)",
  "contact": [
    {
      "telecom": [
        {
          "system": "url",
          "value": "http://hl7.org/fhir"
        },
        {
          "system": "email",
          "value": "fhir@lists.hl7.org"
        }
      ]
    }
  ],
  "description": "The type of relationship between documents",
  "status": "draft",
  "experimental": false,
  "date": "2015-03-23T23:56:59+00:00",
  "define": {
    "extension": [
      {
        "url": "http://hl7.org/fhir/StructureDefinition/valueset-oid",
        "valueUri": "urn:oid:2.16.840.1.113883.4.642.1.328"
      }
    ],
    "system": "http://hl7.org/fhir/document-relationship-type",
    "caseSensitive": true,
    "concept": [
      {
        "code": "replaces",
        "display": "Replaces",
        "definition": "This document logically replaces or supercedes the target document."
      },
      {
        "code": "transforms",
        "display": "Transforms",
        "definition": "This document was generated by transforming the target document (e.g. format or language conversion)."
      },
      {
        "code": "signs",
        "display": "Signs",
        "definition": "This document is a signature of the target document."
      },
      {
        "code": "appends",
        "display": "Appends",
        "definition": "This document adds additional information to the target document."
      }
    ]
  }
}