{
  "resourceType": "ValueSet",
  "id": "encounter-class",
  "meta": {
    "lastUpdated": "2015-03-23T23:56:59.139+00:00",
    "profile": [
      "http://hl7.org/fhir/StructureDefinition/valueset-shareable-definition"
    ]
  },
  "text": {
    "status": "generated",
    "div": "<div><p>This value set contains 9 concepts</p><h2>EncounterClass</h2><p>Classification of the encounter</p><p>This value set defines its own terms in the system http://hl7.org/fhir/encounter-class</p><table class=\"codes\"><tr><td><b>Code</b></td><td><b>Display</b></td><td><b>Definition</b></td></tr><tr><td>inpatient<a name=\"inpatient\"> </a></td><td>Inpatient</td><td>An encounter during which the patient is hospitalized and stays overnight.</td></tr><tr><td>outpatient<a name=\"outpatient\"> </a></td><td>Outpatient</td><td>An encounter during which the patient is not hospitalized overnight.</td></tr><tr><td>ambulatory<a name=\"ambulatory\"> </a></td><td>Ambulatory</td><td>An encounter where the patient visits the practitioner in his/her office, e.g. a G.P. visit.</td></tr><tr><td>emergency<a name=\"emergency\"> </a></td><td>Emergency</td><td>An encounter where the patient needs urgent care.</td></tr><tr><td>home<a name=\"home\"> </a></td><td>Home</td><td>An encounter where the practitioner visits the patient at his/her home.</td></tr><tr><td>field<a name=\"field\"> </a></td><td>Field</td><td>An encounter taking place outside the regular environment for giving care.</td></tr><tr><td>daytime<a name=\"daytime\"> </a></td><td>Daytime</td><td>An encounter where the patient needs more prolonged treatment or investigations than outpatients, but who do not need to stay in the hospital overnight.</td></tr><tr><td>virtual<a name=\"virtual\"> </a></td><td>Virtual</td><td>An encounter that takes place where the patient and practitioner do not physically meet but use electronic means for contact.</td></tr><tr><td>other<a name=\"other\"> </a></td><td>Other</td><td>Any other encounter type that is not described by one of the other values. Where this is used it is expected that an implementer will include an extension value to define what the actual other type is.</td></tr></table></div>"
  },
  "extension": [
    {
      "url": "http://hl7.org/fhir/StructureDefinition/valueset-oid",
      "valueUri": "urn:oid:2.16.840.1.113883.4.642.2.182"
    }
  ],
  "url": "http://hl7.org/fhir/vs/encounter-class",
  "version": "0.4.0",
  "name": "EncounterClass",
  "publisher": "HL7 (FHIR Project)",
  "contact": [
    {
      "telecom": [
        {
          "system": "url",
          "value": "http://hl7.org/fhir"
        },
        {
          "system": "email",
          "value": "fhir@lists.hl7.org"
        }
      ]
    }
  ],
  "description": "Classification of the encounter",
  "status": "draft",
  "experimental": false,
  "date": "2015-03-23T23:56:59+00:00",
  "define": {
    "extension": [
      {
        "url": "http://hl7.org/fhir/StructureDefinition/valueset-oid",
        "valueUri": "urn:oid:2.16.840.1.113883.4.642.1.182"
      }
    ],
    "system": "http://hl7.org/fhir/encounter-class",
    "caseSensitive": true,
    "concept": [
      {
        "code": "inpatient",
        "display": "Inpatient",
        "definition": "An encounter during which the patient is hospitalized and stays overnight."
      },
      {
        "code": "outpatient",
        "display": "Outpatient",
        "definition": "An encounter during which the patient is not hospitalized overnight."
      },
      {
        "code": "ambulatory",
        "display": "Ambulatory",
        "definition": "An encounter where the patient visits the practitioner in his/her office, e.g. a G.P. visit."
      },
      {
        "code": "emergency",
        "display": "Emergency",
        "definition": "An encounter where the patient needs urgent care."
      },
      {
        "code": "home",
        "display": "Home",
        "definition": "An encounter where the practitioner visits the patient at his/her home."
      },
      {
        "code": "field",
        "display": "Field",
        "definition": "An encounter taking place outside the regular environment for giving care."
      },
      {
        "code": "daytime",
        "display": "Daytime",
        "definition": "An encounter where the patient needs more prolonged treatment or investigations than outpatients, but who do not need to stay in the hospital overnight."
      },
      {
        "code": "virtual",
        "display": "Virtual",
        "definition": "An encounter that takes place where the patient and practitioner do not physically meet but use electronic means for contact."
      },
      {
        "code": "other",
        "display": "Other",
        "definition": "Any other encounter type that is not described by one of the other values. Where this is used it is expected that an implementer will include an extension value to define what the actual other type is."
      }
    ]
  }
}