{
  "resourceType": "ValueSet",
  "id": "encounter-location-status",
  "meta": {
    "lastUpdated": "2015-03-23T23:56:59.139+00:00",
    "profile": [
      "http://hl7.org/fhir/StructureDefinition/valueset-shareable-definition"
    ]
  },
  "text": {
    "status": "generated",
    "div": "<div><p>This value set contains 3 concepts</p><h2>EncounterLocationStatus</h2><p>The status of the location</p><p>This value set defines its own terms in the system http://hl7.org/fhir/encounter-location-status</p><table class=\"codes\"><tr><td><b>Code</b></td><td><b>Display</b></td><td><b>Definition</b></td></tr><tr><td>planned<a name=\"planned\"> </a></td><td>Planned</td><td>The patient is planned to be moved to this location at some point in the future.</td></tr><tr><td>present<a name=\"present\"> </a></td><td>Present</td><td>The patient is currently at this location, or was between the period specified.</td></tr><tr><td>reserved<a name=\"reserved\"> </a></td><td>Reserved</td><td>This location is held empty for this patient.</td></tr></table></div>"
  },
  "extension": [
    {
      "url": "http://hl7.org/fhir/StructureDefinition/valueset-oid",
      "valueUri": "urn:oid:2.16.840.1.113883.4.642.2.564"
    }
  ],
  "url": "http://hl7.org/fhir/vs/encounter-location-status",
  "version": "0.4.0",
  "name": "EncounterLocationStatus",
  "publisher": "HL7 (FHIR Project)",
  "contact": [
    {
      "telecom": [
        {
          "system": "url",
          "value": "http://hl7.org/fhir"
        },
        {
          "system": "email",
          "value": "fhir@lists.hl7.org"
        }
      ]
    }
  ],
  "description": "The status of the location",
  "status": "draft",
  "experimental": false,
  "date": "2015-03-23T23:56:59+00:00",
  "define": {
    "extension": [
      {
        "url": "http://hl7.org/fhir/StructureDefinition/valueset-oid",
        "valueUri": "urn:oid:2.16.840.1.113883.4.642.1.564"
      }
    ],
    "system": "http://hl7.org/fhir/encounter-location-status",
    "caseSensitive": true,
    "concept": [
      {
        "code": "planned",
        "display": "Planned",
        "definition": "The patient is planned to be moved to this location at some point in the future."
      },
      {
        "code": "present",
        "display": "Present",
        "definition": "The patient is currently at this location, or was between the period specified."
      },
      {
        "code": "reserved",
        "display": "Reserved",
        "definition": "This location is held empty for this patient."
      }
    ]
  }
}