{
  "resourceType": "ValueSet",
  "id": "episode-of-care-status",
  "meta": {
    "lastUpdated": "2015-03-23T23:56:59.139+00:00",
    "profile": [
      "http://hl7.org/fhir/StructureDefinition/valueset-shareable-definition"
    ]
  },
  "text": {
    "status": "generated",
    "div": "<div><p>This value set contains 6 concepts</p><h2>EpisodeOfCareStatus</h2><p>The status of the encounter</p><p>This value set defines its own terms in the system http://hl7.org/fhir/episode-of-care-status</p><table class=\"codes\"><tr><td><b>Code</b></td><td><b>Display</b></td><td><b>Definition</b></td></tr><tr><td>planned<a name=\"planned\"> </a></td><td>Planned</td><td>This episode of care is planned to start at the date specified in the period.start. During this status an organization may perform assessments to determine if they are eligible to receive services, or be organizing to make resources available to provide care services.</td></tr><tr><td>active<a name=\"active\"> </a></td><td>Active</td><td>This episode of care is current.</td></tr><tr><td>onhold<a name=\"onhold\"> </a></td><td>On Hold</td><td>This episode of care is on hold, the organization has limitted responsibility for the patient (such as while on respite).</td></tr><tr><td>finished<a name=\"finished\"> </a></td><td>Finished</td><td>This episode of care is finished at the organization is not expecting to be providing care to the patient.</td></tr><tr><td>withdrawn<a name=\"withdrawn\"> </a></td><td>Withdrawn</td><td>The episode of care was withdrawn from service, often selected during the planned stage as the patient may have gone elsewhere, or the circumstances have changed and the organization is unable to provide the care.</td></tr><tr><td>other<a name=\"other\"> </a></td><td>Other</td><td>The status is outside one of these values, an extension should be used to define what the status reason is.</td></tr></table></div>"
  },
  "extension": [
    {
      "url": "http://hl7.org/fhir/StructureDefinition/valueset-oid",
      "valueUri": "urn:oid:2.16.840.1.113883.4.642.2.582"
    }
  ],
  "url": "http://hl7.org/fhir/vs/episode-of-care-status",
  "version": "0.4.0",
  "name": "EpisodeOfCareStatus",
  "publisher": "HL7 (FHIR Project)",
  "contact": [
    {
      "telecom": [
        {
          "system": "url",
          "value": "http://hl7.org/fhir"
        },
        {
          "system": "email",
          "value": "fhir@lists.hl7.org"
        }
      ]
    }
  ],
  "description": "The status of the encounter",
  "status": "draft",
  "experimental": false,
  "date": "2015-03-23T23:56:59+00:00",
  "define": {
    "extension": [
      {
        "url": "http://hl7.org/fhir/StructureDefinition/valueset-oid",
        "valueUri": "urn:oid:2.16.840.1.113883.4.642.1.582"
      }
    ],
    "system": "http://hl7.org/fhir/episode-of-care-status",
    "caseSensitive": true,
    "concept": [
      {
        "code": "planned",
        "display": "Planned",
        "definition": "This episode of care is planned to start at the date specified in the period.start. During this status an organization may perform assessments to determine if they are eligible to receive services, or be organizing to make resources available to provide care services."
      },
      {
        "code": "active",
        "display": "Active",
        "definition": "This episode of care is current."
      },
      {
        "code": "onhold",
        "display": "On Hold",
        "definition": "This episode of care is on hold, the organization has limitted responsibility for the patient (such as while on respite)."
      },
      {
        "code": "finished",
        "display": "Finished",
        "definition": "This episode of care is finished at the organization is not expecting to be providing care to the patient."
      },
      {
        "code": "withdrawn",
        "display": "Withdrawn",
        "definition": "The episode of care was withdrawn from service, often selected during the planned stage as the patient may have gone elsewhere, or the circumstances have changed and the organization is unable to provide the care."
      },
      {
        "code": "other",
        "display": "Other",
        "definition": "The status is outside one of these values, an extension should be used to define what the status reason is."
      }
    ]
  }
}