{
  "resourceType": "StructureDefinition",
  "id": "valueset-expirationDate",
  "url": "http://hl7.org/fhir/StructureDefinition/valueset-expirationDate",
  "name": "When the value set version should no longer be used",
  "publisher": "HL7",
  "description": "The date when the value set version is no longer expected to be used to create new content. This is the first date-time when the value set version becomes Inactive, so this value MUST present on all Inactive value set versions. The start Date_time is expected to be as of 0001 UTC of the Expiration Date.",
  "status": "draft",
  "date": "2015-03-23T23:56:59+00:00",
  "type": "extension",
  "abstract": false,
  "contextType": "resource",
  "context": [
    "ValueSet"
  ],
  "base": "http://hl7.org/fhir/StructureDefinition/Extension",
  "snapshot": {
    "element": [
      {
        "path": "Extension",
        "short": "When the value set version should no longer be used",
        "definition": "The date when the value set version is no longer expected to be used to create new content. This is the first date-time when the value set version becomes Inactive, so this value MUST present on all Inactive value set versions. The start Date_time is expected to be as of 0001 UTC of the Expiration Date.",
        "min": 0,
        "max": "1",
        "type": [
          {
            "code": "Extension"
          }
        ],
        "isModifier": false
      },
      {
        "path": "Extension.id",
        "representation": [
          "xmlAttr"
        ],
        "short": "xml:id (or equivalent in JSON)",
        "definition": "unique id for the element within a resource (for internal references).",
        "min": 0,
        "max": "1",
        "type": [
          {
            "code": "id"
          }
        ],
        "mapping": [
          {
            "identity": "rim",
            "map": "n/a"
          }
        ]
      },
      {
        "path": "Extension.extension",
        "short": "Additional Content defined by implementations",
        "definition": "May be used to represent additional information that is not part of the basic definition of the element. In order to make the use of extensions safe and manageable, there is a strict set of governance  applied to the definition and use of extensions. Though any implementer is allowed to define an extension, there is a set of requirements that SHALL be met as part of the definition of the extension.",
        "comments": "There can be no stigma associated with the use of extensions by any application, project, or standard - regardless of the institution or jurisdiction that uses or defines the extensions.  The use of extensions is what allows the FHIR specification to retain a core level of simplicity for everyone.",
        "alias": [
          "extensions",
          "user content"
        ],
        "min": 0,
        "max": "*",
        "type": [
          {
            "code": "Extension"
          }
        ],
        "mapping": [
          {
            "identity": "rim",
            "map": "n/a"
          }
        ]
      },
      {
        "path": "Extension.url",
        "representation": [
          "xmlAttr"
        ],
        "short": "identifies the meaning of the extension",
        "definition": "Source of the definition for the extension code - a logical name or a URL.",
        "comments": "The definition may point directly to a computable or human-readable definition of the extensibility codes, or it may be a logical URI as declared in some other specification. The definition should be version specific.  This will ideally be the URI for the Resource Profile defining the extension, with the code for the extension after a #.",
        "min": 1,
        "max": "1",
        "type": [
          {
            "code": "uri"
          }
        ],
        "fixedUri": "http://hl7.org/fhir/StructureDefinition/valueset-expirationDate",
        "mapping": [
          {
            "identity": "rim",
            "map": "N/A"
          }
        ]
      },
      {
        "path": "Extension.valueDate",
        "short": "Value of extension",
        "definition": "Value of extension - may be a resource or one of a constrained set of the data types (see Extensibility in the spec for list).",
        "min": 0,
        "max": "1",
        "type": [
          {
            "code": "date"
          }
        ],
        "mapping": [
          {
            "identity": "rim",
            "map": "N/A"
          }
        ]
      }
    ]
  },
  "differential": {
    "element": [
      {
        "path": "Extension",
        "short": "When the value set version should no longer be used",
        "definition": "The date when the value set version is no longer expected to be used to create new content. This is the first date-time when the value set version becomes Inactive, so this value MUST present on all Inactive value set versions. The start Date_time is expected to be as of 0001 UTC of the Expiration Date.",
        "min": 0,
        "max": "1",
        "type": [
          {
            "code": "Extension"
          }
        ],
        "isModifier": false
      },
      {
        "path": "Extension.url",
        "type": [
          {
            "code": "uri"
          }
        ],
        "fixedUri": "http://hl7.org/fhir/StructureDefinition/valueset-expirationDate"
      },
      {
        "path": "Extension.value[x]",
        "type": [
          {
            "code": "date"
          }
        ]
      }
    ]
  }
}