{
  "resourceType": "ValueSet",
  "id": "eye-codes",
  "meta": {
    "lastUpdated": "2015-03-23T23:56:59.139+00:00",
    "profile": [
      "http://hl7.org/fhir/StructureDefinition/valueset-shareable-definition"
    ]
  },
  "text": {
    "status": "generated",
    "div": "<div><p>This value set contains 2 concepts</p><h2>VisionEyes</h2><p>A coded concept listing the eye codes.</p><p>This value set defines its own terms in the system http://hl7.org/fhir/eye-codes</p><table class=\"codes\"><tr><td><b>Code</b></td><td><b>Display</b></td><td><b>Definition</b></td></tr><tr><td>right<a name=\"right\"> </a></td><td>Right</td><td>right eye.</td></tr><tr><td>left<a name=\"left\"> </a></td><td>Left</td><td>left eye.</td></tr></table></div>"
  },
  "extension": [
    {
      "url": "http://hl7.org/fhir/StructureDefinition/valueset-oid",
      "valueUri": "urn:oid:2.16.840.1.113883.4.642.2.557"
    }
  ],
  "url": "http://hl7.org/fhir/vs/eye-codes",
  "version": "0.4.0",
  "name": "VisionEyes",
  "publisher": "HL7 (FHIR Project)",
  "contact": [
    {
      "telecom": [
        {
          "system": "url",
          "value": "http://hl7.org/fhir"
        },
        {
          "system": "email",
          "value": "fhir@lists.hl7.org"
        }
      ]
    }
  ],
  "description": "A coded concept listing the eye codes.",
  "status": "draft",
  "experimental": false,
  "date": "2015-03-23T23:56:59+00:00",
  "define": {
    "extension": [
      {
        "url": "http://hl7.org/fhir/StructureDefinition/valueset-oid",
        "valueUri": "urn:oid:2.16.840.1.113883.4.642.1.557"
      }
    ],
    "system": "http://hl7.org/fhir/eye-codes",
    "caseSensitive": true,
    "concept": [
      {
        "code": "right",
        "display": "Right",
        "definition": "right eye."
      },
      {
        "code": "left",
        "display": "Left",
        "definition": "left eye."
      }
    ]
  }
}