{
  "resourceType": "ValueSet",
  "id": "filter-operator",
  "meta": {
    "lastUpdated": "2015-03-23T23:56:59.139+00:00",
    "profile": [
      "http://hl7.org/fhir/StructureDefinition/valueset-shareable-definition"
    ]
  },
  "text": {
    "status": "generated",
    "div": "<div><p>This value set contains 6 concepts</p><h2>FilterOperator</h2><p>The kind of operation to perform as a part of a property based filter</p><p>This value set defines its own terms in the system http://hl7.org/fhir/filter-operator</p><table class=\"codes\"><tr><td><b>Code</b></td><td><b>Display</b></td><td><b>Definition</b></td></tr><tr><td>=<a name=\".61\"> </a></td><td> </td><td>The specified property of the code equals the provided value.</td></tr><tr><td>is-a<a name=\"is-a\"> </a></td><td>Is A</td><td>Includes all concept ids that have a transitive is-a relationship with the concept Id provided as the value, including the provided concept itself.</td></tr><tr><td>is-not-a<a name=\"is-not-a\"> </a></td><td>Is Not A</td><td>The specified property of the code does not have an is-a relationship with the provided value.</td></tr><tr><td>regex<a name=\"regex\"> </a></td><td>Regex</td><td>The specified property of the code  matches the regex specified in the provided value.</td></tr><tr><td>in<a name=\"in\"> </a></td><td>In</td><td>The specified property of the code is in the set of codes or concepts specified in the provided value (comma separated list).</td></tr><tr><td>not-in<a name=\"not-in\"> </a></td><td>Not In</td><td>The specified property of the code is not in the set of codes or concepts specified in the provided value (comma separated list).</td></tr></table></div>"
  },
  "extension": [
    {
      "url": "http://hl7.org/fhir/StructureDefinition/valueset-oid",
      "valueUri": "urn:oid:2.16.840.1.113883.4.642.2.177"
    }
  ],
  "url": "http://hl7.org/fhir/vs/filter-operator",
  "version": "0.4.0",
  "name": "FilterOperator",
  "publisher": "HL7 (FHIR Project)",
  "contact": [
    {
      "telecom": [
        {
          "system": "url",
          "value": "http://hl7.org/fhir"
        },
        {
          "system": "email",
          "value": "fhir@lists.hl7.org"
        }
      ]
    }
  ],
  "description": "The kind of operation to perform as a part of a property based filter",
  "status": "draft",
  "experimental": false,
  "date": "2015-03-23T23:56:59+00:00",
  "define": {
    "extension": [
      {
        "url": "http://hl7.org/fhir/StructureDefinition/valueset-oid",
        "valueUri": "urn:oid:2.16.840.1.113883.4.642.1.177"
      }
    ],
    "system": "http://hl7.org/fhir/filter-operator",
    "caseSensitive": true,
    "concept": [
      {
        "code": "=",
        "display": " ",
        "definition": "The specified property of the code equals the provided value."
      },
      {
        "code": "is-a",
        "display": "Is A",
        "definition": "Includes all concept ids that have a transitive is-a relationship with the concept Id provided as the value, including the provided concept itself."
      },
      {
        "code": "is-not-a",
        "display": "Is Not A",
        "definition": "The specified property of the code does not have an is-a relationship with the provided value."
      },
      {
        "code": "regex",
        "display": "Regex",
        "definition": "The specified property of the code  matches the regex specified in the provided value."
      },
      {
        "code": "in",
        "display": "In",
        "definition": "The specified property of the code is in the set of codes or concepts specified in the provided value (comma separated list)."
      },
      {
        "code": "not-in",
        "display": "Not In",
        "definition": "The specified property of the code is not in the set of codes or concepts specified in the provided value (comma separated list)."
      }
    ]
  }
}