{
  "resourceType": "ValueSet",
  "id": "hspc-ReportingPriority",
  "meta": {
    "lastUpdated": "2015-03-23T23:56:59.139+00:00",
    "profile": [
      "http://hl7.org/fhir/StructureDefinition/valueset-shareable-definition"
    ]
  },
  "text": {
    "status": "generated",
    "div": "<div><p>This value set does not contain a fixed number of concepts</p><h2>ReportingPriority</h2><p>HL7 V3: ActPriority* HL7 V3: ActPriority (2.16.840.1.113883.5.7) code system values,  and CKS ECIDS.</p><p><b>Copyright Statement:</b> IHC</p><p>This value set includes codes defined in other code systems, using the following rules:</p><ul><li>Include all codes defined in <a href=\"v3/ActPriority/index.html\">http://hl7.org/fhir/v3/ActPriority</a></li></ul></div>"
  },
  "extension": [
    {
      "url": "http://hl7.org/fhir/StructureDefinition/valueset-oid",
      "valueUri": "urn:oid:2.16.840.1.113883.4.642.2.1285"
    }
  ],
  "url": "http://hl7.org/fhir/vs/hspc-ReportingPriority",
  "version": "0.01",
  "name": "ReportingPriority",
  "publisher": "Intermountain Healthcare",
  "contact": [
    {
      "telecom": [
        {
          "system": "url",
          "value": "http://www.clinicaleleement.com"
        }
      ]
    }
  ],
  "description": "HL7 V3: ActPriority* HL7 V3: ActPriority (2.16.840.1.113883.5.7) code system values,  and CKS ECIDS.",
  "copyright": "IHC",
  "status": "draft",
  "experimental": true,
  "date": "2014-06-25",
  "compose": {
    "include": [
      {
        "system": "http://hl7.org/fhir/v3/ActPriority"
      }
    ]
  }
}