{
  "resourceType": "ValueSet",
  "id": "http-verb",
  "meta": {
    "lastUpdated": "2015-03-23T23:56:59.139+00:00",
    "profile": [
      "http://hl7.org/fhir/StructureDefinition/valueset-shareable-definition"
    ]
  },
  "text": {
    "status": "generated",
    "div": "<div><p>This value set contains 4 concepts</p><h2>HTTPVerb</h2><p>HTTP verbs (in the HTTP command line)</p><p>This value set defines its own terms in the system http://hl7.org/fhir/http-verb</p><table class=\"codes\"><tr><td><b>Code</b></td><td><b>Display</b></td><td><b>Definition</b></td></tr><tr><td>GET<a name=\"GET\"> </a></td><td>GET</td><td>HTTP GET.</td></tr><tr><td>POST<a name=\"POST\"> </a></td><td>POST</td><td>HTTP POST.</td></tr><tr><td>PUT<a name=\"PUT\"> </a></td><td>PUT</td><td>HTTP PUT.</td></tr><tr><td>DELETE<a name=\"DELETE\"> </a></td><td>DELETE</td><td>HTTP DELETE.</td></tr></table></div>"
  },
  "extension": [
    {
      "url": "http://hl7.org/fhir/StructureDefinition/valueset-oid",
      "valueUri": "urn:oid:2.16.840.1.113883.4.642.2.1088"
    }
  ],
  "url": "http://hl7.org/fhir/vs/http-verb",
  "version": "0.4.0",
  "name": "HTTPVerb",
  "publisher": "HL7 (FHIR Project)",
  "contact": [
    {
      "telecom": [
        {
          "system": "url",
          "value": "http://hl7.org/fhir"
        },
        {
          "system": "email",
          "value": "fhir@lists.hl7.org"
        }
      ]
    }
  ],
  "description": "HTTP verbs (in the HTTP command line)",
  "status": "draft",
  "experimental": false,
  "date": "2015-03-23T23:56:59+00:00",
  "define": {
    "extension": [
      {
        "url": "http://hl7.org/fhir/StructureDefinition/valueset-oid",
        "valueUri": "urn:oid:2.16.840.1.113883.4.642.1.1088"
      }
    ],
    "system": "http://hl7.org/fhir/http-verb",
    "caseSensitive": true,
    "concept": [
      {
        "code": "GET",
        "display": "GET",
        "definition": "HTTP GET."
      },
      {
        "code": "POST",
        "display": "POST",
        "definition": "HTTP POST."
      },
      {
        "code": "PUT",
        "display": "PUT",
        "definition": "HTTP PUT."
      },
      {
        "code": "DELETE",
        "display": "DELETE",
        "definition": "HTTP DELETE."
      }
    ]
  }
}