{
  "resourceType": "ValueSet",
  "id": "identifier-use",
  "meta": {
    "lastUpdated": "2015-03-23T23:56:59.139+00:00",
    "profile": [
      "http://hl7.org/fhir/StructureDefinition/valueset-shareable-definition"
    ]
  },
  "text": {
    "status": "generated",
    "div": "<div><p>This value set contains 4 concepts</p><h2>IdentifierUse</h2><p>Identifies the purpose for this identifier, if known</p><p>This value set defines its own terms in the system http://hl7.org/fhir/identifier-use</p><table class=\"codes\"><tr><td><b>Code</b></td><td><b>Display</b></td><td><b>Definition</b></td></tr><tr><td>usual<a name=\"usual\"> </a></td><td>Usual</td><td>the identifier recommended for display and use in real-world interactions.</td></tr><tr><td>official<a name=\"official\"> </a></td><td>Official</td><td>the identifier considered to be most trusted for the identification of this item.</td></tr><tr><td>temp<a name=\"temp\"> </a></td><td>Temp</td><td>A temporary identifier.</td></tr><tr><td>secondary<a name=\"secondary\"> </a></td><td>Secondary</td><td>An identifier that was assigned in secondary use - it serves to identify the object in a relative context, but cannot be consistently assigned to the same object again in a different context.</td></tr></table></div>"
  },
  "extension": [
    {
      "url": "http://hl7.org/fhir/StructureDefinition/valueset-oid",
      "valueUri": "urn:oid:2.16.840.1.113883.4.642.2.13"
    }
  ],
  "url": "http://hl7.org/fhir/vs/identifier-use",
  "version": "0.4.0",
  "name": "IdentifierUse",
  "publisher": "HL7 (FHIR Project)",
  "contact": [
    {
      "telecom": [
        {
          "system": "url",
          "value": "http://hl7.org/fhir"
        },
        {
          "system": "email",
          "value": "fhir@lists.hl7.org"
        }
      ]
    }
  ],
  "description": "Identifies the purpose for this identifier, if known",
  "status": "draft",
  "experimental": false,
  "date": "2015-03-23T23:56:59+00:00",
  "define": {
    "extension": [
      {
        "url": "http://hl7.org/fhir/StructureDefinition/valueset-oid",
        "valueUri": "urn:oid:2.16.840.1.113883.4.642.1.13"
      }
    ],
    "system": "http://hl7.org/fhir/identifier-use",
    "caseSensitive": true,
    "concept": [
      {
        "code": "usual",
        "display": "Usual",
        "definition": "the identifier recommended for display and use in real-world interactions."
      },
      {
        "code": "official",
        "display": "Official",
        "definition": "the identifier considered to be most trusted for the identification of this item."
      },
      {
        "code": "temp",
        "display": "Temp",
        "definition": "A temporary identifier."
      },
      {
        "code": "secondary",
        "display": "Secondary",
        "definition": "An identifier that was assigned in secondary use - it serves to identify the object in a relative context, but cannot be consistently assigned to the same object again in a different context."
      }
    ]
  }
}