{
  "resourceType": "ValueSet",
  "id": "issue-severity",
  "meta": {
    "lastUpdated": "2015-03-23T23:56:59.139+00:00",
    "profile": [
      "http://hl7.org/fhir/StructureDefinition/valueset-shareable-definition"
    ]
  },
  "text": {
    "status": "generated",
    "div": "<div><p>This value set contains 4 concepts</p><h2>IssueSeverity</h2><p>How the issue affects the success of the action</p><p>This value set defines its own terms in the system http://hl7.org/fhir/issue-severity</p><table class=\"codes\"><tr><td><b>Code</b></td><td><b>Display</b></td><td><b>Definition</b></td></tr><tr><td>fatal<a name=\"fatal\"> </a></td><td>Fatal</td><td>The issue caused the action to fail, and no further checking could be performed.</td></tr><tr><td>error<a name=\"error\"> </a></td><td>Error</td><td>The issue is sufficiently important to cause the action to fail.</td></tr><tr><td>warning<a name=\"warning\"> </a></td><td>Warning</td><td>The issue is not important enough to cause the action to fail, but may cause it to be performed suboptimally or in a way that is not as desired.</td></tr><tr><td>information<a name=\"information\"> </a></td><td>Information</td><td>The issue has no relation to the degree of success of the action.</td></tr></table></div>"
  },
  "extension": [
    {
      "url": "http://hl7.org/fhir/StructureDefinition/valueset-oid",
      "valueUri": "urn:oid:2.16.840.1.113883.4.642.2.120"
    }
  ],
  "url": "http://hl7.org/fhir/vs/issue-severity",
  "version": "0.4.0",
  "name": "IssueSeverity",
  "publisher": "HL7 (FHIR Project)",
  "contact": [
    {
      "telecom": [
        {
          "system": "url",
          "value": "http://hl7.org/fhir"
        },
        {
          "system": "email",
          "value": "fhir@lists.hl7.org"
        }
      ]
    }
  ],
  "description": "How the issue affects the success of the action",
  "status": "draft",
  "experimental": false,
  "date": "2015-03-23T23:56:59+00:00",
  "define": {
    "extension": [
      {
        "url": "http://hl7.org/fhir/StructureDefinition/valueset-oid",
        "valueUri": "urn:oid:2.16.840.1.113883.4.642.1.120"
      }
    ],
    "system": "http://hl7.org/fhir/issue-severity",
    "caseSensitive": true,
    "concept": [
      {
        "code": "fatal",
        "display": "Fatal",
        "definition": "The issue caused the action to fail, and no further checking could be performed."
      },
      {
        "code": "error",
        "display": "Error",
        "definition": "The issue is sufficiently important to cause the action to fail."
      },
      {
        "code": "warning",
        "display": "Warning",
        "definition": "The issue is not important enough to cause the action to fail, but may cause it to be performed suboptimally or in a way that is not as desired."
      },
      {
        "code": "information",
        "display": "Information",
        "definition": "The issue has no relation to the degree of success of the action."
      }
    ]
  }
}