{
  "resourceType": "ValueSet",
  "id": "issue-type",
  "meta": {
    "lastUpdated": "2015-03-23T23:56:59.139+00:00",
    "profile": [
      "http://hl7.org/fhir/StructureDefinition/valueset-shareable-definition"
    ]
  },
  "text": {
    "status": "generated",
    "div": "<div><p>This value set contains 29 concepts</p><h2>IssueType</h2><p>A coded expression of the type of issue</p><p>This value set defines its own terms in the system http://hl7.org/fhir/issue-type</p><table class=\"codes\"><tr><td><b>Lvl</b></td><td><b>Code</b></td><td><b>Display</b></td><td><b>Definition</b></td></tr><tr><td>1</td><td>invalid<a name=\"invalid\"> </a></td><td>Invalid Content</td><td>Content invalid against the Specification or a Profile.</td></tr><tr><td>2</td><td>&nbsp;&nbsp;structure<a name=\"structure\"> </a></td><td>Structural Issue</td><td>A structural issue in the content such as wrong namespace, or unable to parse the content completely, or invalid json syntax.</td></tr><tr><td>2</td><td>&nbsp;&nbsp;required<a name=\"required\"> </a></td><td>Required element missing</td><td>A required element is missing.</td></tr><tr><td>2</td><td>&nbsp;&nbsp;value<a name=\"value\"> </a></td><td>Element value invalid</td><td>element value invalid.</td></tr><tr><td>2</td><td>&nbsp;&nbsp;invariant<a name=\"invariant\"> </a></td><td>Validation rule failed</td><td>A content validation rule failed - e.g. a schematron rule.</td></tr><tr><td>1</td><td>security<a name=\"security\"> </a></td><td>Security Problem</td><td>An authentication/authorization/permissions issueof some kind.</td></tr><tr><td>2</td><td>&nbsp;&nbsp;login<a name=\"login\"> </a></td><td>Login Required</td><td>the client needs to initiate an authentication process.</td></tr><tr><td>2</td><td>&nbsp;&nbsp;unknown<a name=\"unknown\"> </a></td><td>Unknown User</td><td>The user or system was not able to be authenticated (either there is no process, or the proferred token is unacceptable).</td></tr><tr><td>2</td><td>&nbsp;&nbsp;expired<a name=\"expired\"> </a></td><td>Session Expired</td><td>User session expired; a login may be required.</td></tr><tr><td>2</td><td>&nbsp;&nbsp;forbidden<a name=\"forbidden\"> </a></td><td>Forbidden</td><td>The user does not have the rights to perform this action.</td></tr><tr><td>2</td><td>&nbsp;&nbsp;suppressed<a name=\"suppressed\"> </a></td><td>Information  Suppressed</td><td>Some information was not or may not have been returned due to business rules, consent or privacy rules, or access permission constraints.  This information may be accessible through alternate processes.</td></tr><tr><td>1</td><td>processing<a name=\"processing\"> </a></td><td>Processing Failure</td><td>Processing issues. These are expected to be final e.g. there is no point resubmitting the same content unchanged.</td></tr><tr><td>2</td><td>&nbsp;&nbsp;not-supported<a name=\"not-supported\"> </a></td><td>Content not supported</td><td>The resource or profile is not supported.</td></tr><tr><td>2</td><td>&nbsp;&nbsp;duplicate<a name=\"duplicate\"> </a></td><td>Duplicate</td><td>An attempt was made to create a duplicate record.</td></tr><tr><td>2</td><td>&nbsp;&nbsp;not-found<a name=\"not-found\"> </a></td><td>Not Found</td><td>The reference provided was not found. In a pure RESTful environment, this would be an HTTP 404 error, but this code may be used where the content is not found further into the application architecture.</td></tr><tr><td>2</td><td>&nbsp;&nbsp;too-long<a name=\"too-long\"> </a></td><td>Content Too Long</td><td>Provided content is too long (typically, this is a denial of service protection type of error).</td></tr><tr><td>2</td><td>&nbsp;&nbsp;code-invalid<a name=\"code-invalid\"> </a></td><td>Invalid Code</td><td>The code or system could not be understood, or it was not valid in the context of a particular ValueSet.</td></tr><tr><td>2</td><td>&nbsp;&nbsp;extension<a name=\"extension\"> </a></td><td>Unacceptable Extension</td><td>An extension was found that was not acceptable, or that could not be resolved, or a modifierExtension that was not recognised.</td></tr><tr><td>2</td><td>&nbsp;&nbsp;too-costly<a name=\"too-costly\"> </a></td><td>Operation Too Costly</td><td>The operation was stopped to protect server resources. E.g. a request for a value set expansion on all of SNOMED CT.</td></tr><tr><td>2</td><td>&nbsp;&nbsp;business-rule<a name=\"business-rule\"> </a></td><td>Business Rule Violation</td><td>The content/operation failed to pass some business rule, and so could not proceed.</td></tr><tr><td>2</td><td>&nbsp;&nbsp;conflict<a name=\"conflict\"> </a></td><td>Edit Version Conflict</td><td>content could not be accepted because of an edit conflict (i.e. version aware updates) (In a pure RESTful environment, this would be an HTTP 404 error, but this code may be used where the conflict is discovered further into the application architecture).</td></tr><tr><td>2</td><td>&nbsp;&nbsp;incomplete<a name=\"incomplete\"> </a></td><td>Incomplete Results</td><td>Not all data sources typically accessed could be reached, or responded in time, so the returned information may not be complete.</td></tr><tr><td>1</td><td>transient<a name=\"transient\"> </a></td><td>Transient Issue</td><td>Transient processing issues. The system receiving the error may be able to resubmit the same content once an underlying issue is resolved.</td></tr><tr><td>2</td><td>&nbsp;&nbsp;lock-error<a name=\"lock-error\"> </a></td><td>Lock Error</td><td>A resource/record locking failure (usually in an underlying database).</td></tr><tr><td>2</td><td>&nbsp;&nbsp;no-store<a name=\"no-store\"> </a></td><td>No Store Available</td><td>The persistent store unavailable. E.g. the database is down for maintenance or similar.</td></tr><tr><td>2</td><td>&nbsp;&nbsp;exception<a name=\"exception\"> </a></td><td>Exception</td><td>An unexpected internal error.</td></tr><tr><td>2</td><td>&nbsp;&nbsp;timeout<a name=\"timeout\"> </a></td><td>Timeout</td><td>An internal timeout occurred.</td></tr><tr><td>2</td><td>&nbsp;&nbsp;throttled<a name=\"throttled\"> </a></td><td>Throttled</td><td>The system is not prepared to handle this request due to load management.</td></tr><tr><td>1</td><td>informational<a name=\"informational\"> </a></td><td>Informational Note</td><td>A message unrelated to the processing success of the completed operation (Examples of the latter include things like reminders of password expiry, system maintenance times, etc.).</td></tr></table></div>"
  },
  "extension": [
    {
      "url": "http://hl7.org/fhir/StructureDefinition/valueset-oid",
      "valueUri": "urn:oid:2.16.840.1.113883.4.642.2.121"
    }
  ],
  "url": "http://hl7.org/fhir/vs/issue-type",
  "version": "0.4.0",
  "name": "IssueType",
  "publisher": "HL7 (FHIR Project)",
  "contact": [
    {
      "telecom": [
        {
          "system": "url",
          "value": "http://hl7.org/fhir"
        },
        {
          "system": "email",
          "value": "fhir@lists.hl7.org"
        }
      ]
    }
  ],
  "description": "A coded expression of the type of issue",
  "status": "draft",
  "experimental": false,
  "date": "2015-03-23T23:56:59+00:00",
  "define": {
    "extension": [
      {
        "url": "http://hl7.org/fhir/StructureDefinition/valueset-oid",
        "valueUri": "urn:oid:2.16.840.1.113883.4.642.1.121"
      }
    ],
    "system": "http://hl7.org/fhir/issue-type",
    "caseSensitive": true,
    "concept": [
      {
        "code": "invalid",
        "display": "Invalid Content",
        "definition": "Content invalid against the Specification or a Profile.",
        "concept": [
          {
            "code": "structure",
            "display": "Structural Issue",
            "definition": "A structural issue in the content such as wrong namespace, or unable to parse the content completely, or invalid json syntax."
          },
          {
            "code": "required",
            "display": "Required element missing",
            "definition": "A required element is missing."
          },
          {
            "code": "value",
            "display": "Element value invalid",
            "definition": "element value invalid."
          },
          {
            "code": "invariant",
            "display": "Validation rule failed",
            "definition": "A content validation rule failed - e.g. a schematron rule."
          }
        ]
      },
      {
        "code": "security",
        "display": "Security Problem",
        "definition": "An authentication/authorization/permissions issueof some kind.",
        "concept": [
          {
            "code": "login",
            "display": "Login Required",
            "definition": "the client needs to initiate an authentication process."
          },
          {
            "code": "unknown",
            "display": "Unknown User",
            "definition": "The user or system was not able to be authenticated (either there is no process, or the proferred token is unacceptable)."
          },
          {
            "code": "expired",
            "display": "Session Expired",
            "definition": "User session expired; a login may be required."
          },
          {
            "code": "forbidden",
            "display": "Forbidden",
            "definition": "The user does not have the rights to perform this action."
          },
          {
            "code": "suppressed",
            "display": "Information  Suppressed",
            "definition": "Some information was not or may not have been returned due to business rules, consent or privacy rules, or access permission constraints.  This information may be accessible through alternate processes."
          }
        ]
      },
      {
        "code": "processing",
        "display": "Processing Failure",
        "definition": "Processing issues. These are expected to be final e.g. there is no point resubmitting the same content unchanged.",
        "concept": [
          {
            "code": "not-supported",
            "display": "Content not supported",
            "definition": "The resource or profile is not supported."
          },
          {
            "code": "duplicate",
            "display": "Duplicate",
            "definition": "An attempt was made to create a duplicate record."
          },
          {
            "code": "not-found",
            "display": "Not Found",
            "definition": "The reference provided was not found. In a pure RESTful environment, this would be an HTTP 404 error, but this code may be used where the content is not found further into the application architecture."
          },
          {
            "code": "too-long",
            "display": "Content Too Long",
            "definition": "Provided content is too long (typically, this is a denial of service protection type of error)."
          },
          {
            "code": "code-invalid",
            "display": "Invalid Code",
            "definition": "The code or system could not be understood, or it was not valid in the context of a particular ValueSet."
          },
          {
            "code": "extension",
            "display": "Unacceptable Extension",
            "definition": "An extension was found that was not acceptable, or that could not be resolved, or a modifierExtension that was not recognised."
          },
          {
            "code": "too-costly",
            "display": "Operation Too Costly",
            "definition": "The operation was stopped to protect server resources. E.g. a request for a value set expansion on all of SNOMED CT."
          },
          {
            "code": "business-rule",
            "display": "Business Rule Violation",
            "definition": "The content/operation failed to pass some business rule, and so could not proceed."
          },
          {
            "code": "conflict",
            "display": "Edit Version Conflict",
            "definition": "content could not be accepted because of an edit conflict (i.e. version aware updates) (In a pure RESTful environment, this would be an HTTP 404 error, but this code may be used where the conflict is discovered further into the application architecture)."
          },
          {
            "code": "incomplete",
            "display": "Incomplete Results",
            "definition": "Not all data sources typically accessed could be reached, or responded in time, so the returned information may not be complete."
          }
        ]
      },
      {
        "code": "transient",
        "display": "Transient Issue",
        "definition": "Transient processing issues. The system receiving the error may be able to resubmit the same content once an underlying issue is resolved.",
        "concept": [
          {
            "code": "lock-error",
            "display": "Lock Error",
            "definition": "A resource/record locking failure (usually in an underlying database)."
          },
          {
            "code": "no-store",
            "display": "No Store Available",
            "definition": "The persistent store unavailable. E.g. the database is down for maintenance or similar."
          },
          {
            "code": "exception",
            "display": "Exception",
            "definition": "An unexpected internal error."
          },
          {
            "code": "timeout",
            "display": "Timeout",
            "definition": "An internal timeout occurred."
          },
          {
            "code": "throttled",
            "display": "Throttled",
            "definition": "The system is not prepared to handle this request due to load management."
          }
        ]
      },
      {
        "code": "informational",
        "display": "Informational Note",
        "definition": "A message unrelated to the processing success of the completed operation (Examples of the latter include things like reminders of password expiry, system maintenance times, etc.)."
      }
    ]
  }
}