{
  "resourceType": "ValueSet",
  "id": "kos-title",
  "meta": {
    "lastUpdated": "2015-03-23T23:56:59.139+00:00",
    "profile": [
      "http://hl7.org/fhir/StructureDefinition/valueset-shareable-definition"
    ]
  },
  "text": {
    "status": "extensions",
    "div": "<div><p>This value set contains 25 concepts</p><h2>KOStitle</h2><p>The document title code of key object selection</p><p><b>Copyright Statement:</b> These codes are excerpted from Digital Imaging and Communications in Medicine (DICOM) Standard, Part 16: Content Mapping Resource, Copyright 2011 by the National Electrical Manufacturers Association</p><p>This value set includes codes defined in other code systems, using the following rules:</p><ul><li>Include these codes as defined in http://nema.org/dicom/dicm<table><tr><td><b>Code</b></td><td><b>Display</b></td><td><b>Definition</b></td></tr><tr><td>113000</td><td>      </td><td>Of Interest.</td></tr><tr><td>113001</td><td>      </td><td>Rejected for Quality Reasons.</td></tr><tr><td>113002</td><td>      </td><td>For Referring Provider.</td></tr><tr><td>113003</td><td>      </td><td>For Surgery.</td></tr><tr><td>113004</td><td>      </td><td>For Teaching.</td></tr><tr><td>113005</td><td>      </td><td>For Conference.</td></tr><tr><td>113006</td><td>      </td><td>For Therapy.</td></tr><tr><td>113007</td><td>      </td><td>For Patient.</td></tr><tr><td>113008</td><td>      </td><td>For Peer Review.</td></tr><tr><td>113009</td><td>      </td><td>For Research.</td></tr><tr><td>113010</td><td>      </td><td>Quality Issue.</td></tr><tr><td>113013</td><td>      </td><td>Best In Set.</td></tr><tr><td>113018</td><td>      </td><td>For Printing.</td></tr><tr><td>113020</td><td>      </td><td>For Report Attachment.</td></tr><tr><td>113021</td><td>      </td><td>For Litigation.</td></tr><tr><td>113030</td><td>      </td><td>Manifest.</td></tr><tr><td>113031</td><td>      </td><td>Signed Manifest.</td></tr><tr><td>113032</td><td>      </td><td>Complete Study Content.</td></tr><tr><td>113033</td><td>      </td><td>Signed Complete Study Content.</td></tr><tr><td>113034</td><td>      </td><td>Complete Acquisition Content.</td></tr><tr><td>113035</td><td>      </td><td>Signed Complete Acquisition Content.</td></tr><tr><td>113036</td><td>      </td><td>Group of Frames for Display.</td></tr><tr><td>113037</td><td>      </td><td>Rejected for Patient Safety Reasons.</td></tr><tr><td>113038</td><td>      </td><td>Incorrect Modality Worklist Entry.</td></tr><tr><td>113039</td><td>      </td><td>Data Retention Policy Expired.</td></tr></table></li></ul></div>"
  },
  "extension": [
    {
      "url": "http://hl7.org/fhir/StructureDefinition/valueset-oid",
      "valueUri": "urn:oid:1.2.840.10008.6.1.7010"
    }
  ],
  "url": "http://hl7.org/fhir/vs/kos-title",
  "version": "0.4.0",
  "name": "KOStitle",
  "publisher": "HL7 (FHIR Project)",
  "contact": [
    {
      "telecom": [
        {
          "system": "url",
          "value": "http://hl7.org/fhir"
        },
        {
          "system": "email",
          "value": "fhir@lists.hl7.org"
        }
      ]
    }
  ],
  "description": "The document title code of key object selection",
  "copyright": "These codes are excerpted from Digital Imaging and Communications in Medicine (DICOM) Standard, Part 16: Content Mapping Resource, Copyright 2011 by the National Electrical Manufacturers Association",
  "status": "draft",
  "experimental": false,
  "date": "2015-03-23T23:56:59+00:00",
  "compose": {
    "include": [
      {
        "system": "http://nema.org/dicom/dicm",
        "concept": [
          {
            "extension": [
              {
                "url": "http://hl7.org/fhir/StructureDefinition/valueset-definition",
                "valueString": "Of Interest."
              }
            ],
            "code": "113000",
            "display": "      "
          },
          {
            "extension": [
              {
                "url": "http://hl7.org/fhir/StructureDefinition/valueset-definition",
                "valueString": "Rejected for Quality Reasons."
              }
            ],
            "code": "113001",
            "display": "      "
          },
          {
            "extension": [
              {
                "url": "http://hl7.org/fhir/StructureDefinition/valueset-definition",
                "valueString": "For Referring Provider."
              }
            ],
            "code": "113002",
            "display": "      "
          },
          {
            "extension": [
              {
                "url": "http://hl7.org/fhir/StructureDefinition/valueset-definition",
                "valueString": "For Surgery."
              }
            ],
            "code": "113003",
            "display": "      "
          },
          {
            "extension": [
              {
                "url": "http://hl7.org/fhir/StructureDefinition/valueset-definition",
                "valueString": "For Teaching."
              }
            ],
            "code": "113004",
            "display": "      "
          },
          {
            "extension": [
              {
                "url": "http://hl7.org/fhir/StructureDefinition/valueset-definition",
                "valueString": "For Conference."
              }
            ],
            "code": "113005",
            "display": "      "
          },
          {
            "extension": [
              {
                "url": "http://hl7.org/fhir/StructureDefinition/valueset-definition",
                "valueString": "For Therapy."
              }
            ],
            "code": "113006",
            "display": "      "
          },
          {
            "extension": [
              {
                "url": "http://hl7.org/fhir/StructureDefinition/valueset-definition",
                "valueString": "For Patient."
              }
            ],
            "code": "113007",
            "display": "      "
          },
          {
            "extension": [
              {
                "url": "http://hl7.org/fhir/StructureDefinition/valueset-definition",
                "valueString": "For Peer Review."
              }
            ],
            "code": "113008",
            "display": "      "
          },
          {
            "extension": [
              {
                "url": "http://hl7.org/fhir/StructureDefinition/valueset-definition",
                "valueString": "For Research."
              }
            ],
            "code": "113009",
            "display": "      "
          },
          {
            "extension": [
              {
                "url": "http://hl7.org/fhir/StructureDefinition/valueset-definition",
                "valueString": "Quality Issue."
              }
            ],
            "code": "113010",
            "display": "      "
          },
          {
            "extension": [
              {
                "url": "http://hl7.org/fhir/StructureDefinition/valueset-definition",
                "valueString": "Best In Set."
              }
            ],
            "code": "113013",
            "display": "      "
          },
          {
            "extension": [
              {
                "url": "http://hl7.org/fhir/StructureDefinition/valueset-definition",
                "valueString": "For Printing."
              }
            ],
            "code": "113018",
            "display": "      "
          },
          {
            "extension": [
              {
                "url": "http://hl7.org/fhir/StructureDefinition/valueset-definition",
                "valueString": "For Report Attachment."
              }
            ],
            "code": "113020",
            "display": "      "
          },
          {
            "extension": [
              {
                "url": "http://hl7.org/fhir/StructureDefinition/valueset-definition",
                "valueString": "For Litigation."
              }
            ],
            "code": "113021",
            "display": "      "
          },
          {
            "extension": [
              {
                "url": "http://hl7.org/fhir/StructureDefinition/valueset-definition",
                "valueString": "Manifest."
              }
            ],
            "code": "113030",
            "display": "      "
          },
          {
            "extension": [
              {
                "url": "http://hl7.org/fhir/StructureDefinition/valueset-definition",
                "valueString": "Signed Manifest."
              }
            ],
            "code": "113031",
            "display": "      "
          },
          {
            "extension": [
              {
                "url": "http://hl7.org/fhir/StructureDefinition/valueset-definition",
                "valueString": "Complete Study Content."
              }
            ],
            "code": "113032",
            "display": "      "
          },
          {
            "extension": [
              {
                "url": "http://hl7.org/fhir/StructureDefinition/valueset-definition",
                "valueString": "Signed Complete Study Content."
              }
            ],
            "code": "113033",
            "display": "      "
          },
          {
            "extension": [
              {
                "url": "http://hl7.org/fhir/StructureDefinition/valueset-definition",
                "valueString": "Complete Acquisition Content."
              }
            ],
            "code": "113034",
            "display": "      "
          },
          {
            "extension": [
              {
                "url": "http://hl7.org/fhir/StructureDefinition/valueset-definition",
                "valueString": "Signed Complete Acquisition Content."
              }
            ],
            "code": "113035",
            "display": "      "
          },
          {
            "extension": [
              {
                "url": "http://hl7.org/fhir/StructureDefinition/valueset-definition",
                "valueString": "Group of Frames for Display."
              }
            ],
            "code": "113036",
            "display": "      "
          },
          {
            "extension": [
              {
                "url": "http://hl7.org/fhir/StructureDefinition/valueset-definition",
                "valueString": "Rejected for Patient Safety Reasons."
              }
            ],
            "code": "113037",
            "display": "      "
          },
          {
            "extension": [
              {
                "url": "http://hl7.org/fhir/StructureDefinition/valueset-definition",
                "valueString": "Incorrect Modality Worklist Entry."
              }
            ],
            "code": "113038",
            "display": "      "
          },
          {
            "extension": [
              {
                "url": "http://hl7.org/fhir/StructureDefinition/valueset-definition",
                "valueString": "Data Retention Policy Expired."
              }
            ],
            "code": "113039",
            "display": "      "
          }
        ]
      }
    ]
  }
}