{
  "resourceType": "ValueSet",
  "id": "lipid-ldl-codes",
  "meta": {
    "lastUpdated": "2015-03-23T23:56:59.139+00:00",
    "profile": [
      "http://hl7.org/fhir/StructureDefinition/valueset-shareable-definition"
    ]
  },
  "text": {
    "status": "generated",
    "div": "<div><p>This value set contains 2 concepts</p><h2>LDLCodes</h2><p>LDL Cholesterol codes - measured or calculated</p><p><b>Copyright Statement:</b> This content from LOINC??LOINC?? is copyright ?? 1995 Regenstrief Institute, Inc. and the LOINC Committee, and available at no cost under the license at http://loinc.org/terms-of-use</p><p>This value set includes codes defined in other code systems, using the following rules:</p><ul><li>Include these codes as defined in http://loinc.org<table><tr><td><b>Code</b></td><td><b>Display</b></td></tr><tr><td>18262-6</td><td>LDL Cholesterol (Calc)</td><td/></tr><tr><td>13457-7</td><td>LDL Cholesterol (Assay)</td><td/></tr></table></li></ul></div>"
  },
  "extension": [
    {
      "url": "http://hl7.org/fhir/StructureDefinition/valueset-oid",
      "valueUri": "urn:oid:2.16.840.1.113883.4.642.2.444"
    }
  ],
  "url": "http://hl7.org/fhir/vs/lipid-ldl-codes",
  "version": "0.4.0",
  "name": "LDLCodes",
  "publisher": "HL7 (FHIR Project)",
  "contact": [
    {
      "telecom": [
        {
          "system": "url",
          "value": "http://hl7.org/fhir"
        },
        {
          "system": "email",
          "value": "fhir@lists.hl7.org"
        }
      ]
    }
  ],
  "description": "LDL Cholesterol codes - measured or calculated",
  "copyright": "This content from LOINC??LOINC?? is copyright ?? 1995 Regenstrief Institute, Inc. and the LOINC Committee, and available at no cost under the license at http://loinc.org/terms-of-use",
  "status": "draft",
  "experimental": false,
  "date": "2015-03-23T23:56:59+00:00",
  "compose": {
    "include": [
      {
        "system": "http://loinc.org",
        "concept": [
          {
            "code": "18262-6",
            "display": "LDL Cholesterol (Calc)"
          },
          {
            "code": "13457-7",
            "display": "LDL Cholesterol (Assay)"
          }
        ]
      }
    ]
  }
}