{
  "resourceType": "ValueSet",
  "id": "list-mode",
  "meta": {
    "lastUpdated": "2015-03-23T23:56:59.139+00:00",
    "profile": [
      "http://hl7.org/fhir/StructureDefinition/valueset-shareable-definition"
    ]
  },
  "text": {
    "status": "generated",
    "div": "<div><p>This value set contains 3 concepts</p><h2>ListMode</h2><p>The processing mode that applies to this list</p><p>This value set defines its own terms in the system http://hl7.org/fhir/list-mode</p><table class=\"codes\"><tr><td><b>Code</b></td><td><b>Display</b></td><td><b>Definition</b></td></tr><tr><td>working<a name=\"working\"> </a></td><td>Working</td><td>This list is the master list, maintained in an ongoing fashion with regular updates as the real world list it is tracking changes.</td></tr><tr><td>snapshot<a name=\"snapshot\"> </a></td><td>Snapshot</td><td>This list was prepared as a snapshot. It should not be assumed to be current.</td></tr><tr><td>changes<a name=\"changes\"> </a></td><td>Changes</td><td>The list is prepared as a statement of changes that have been made or recommended.</td></tr></table></div>"
  },
  "extension": [
    {
      "url": "http://hl7.org/fhir/StructureDefinition/valueset-oid",
      "valueUri": "urn:oid:2.16.840.1.113883.4.642.2.88"
    }
  ],
  "url": "http://hl7.org/fhir/vs/list-mode",
  "version": "0.4.0",
  "name": "ListMode",
  "publisher": "HL7 (FHIR Project)",
  "contact": [
    {
      "telecom": [
        {
          "system": "url",
          "value": "http://hl7.org/fhir"
        },
        {
          "system": "email",
          "value": "fhir@lists.hl7.org"
        }
      ]
    }
  ],
  "description": "The processing mode that applies to this list",
  "status": "draft",
  "experimental": false,
  "date": "2015-03-23T23:56:59+00:00",
  "define": {
    "extension": [
      {
        "url": "http://hl7.org/fhir/StructureDefinition/valueset-oid",
        "valueUri": "urn:oid:2.16.840.1.113883.4.642.1.88"
      }
    ],
    "system": "http://hl7.org/fhir/list-mode",
    "caseSensitive": true,
    "concept": [
      {
        "code": "working",
        "display": "Working",
        "definition": "This list is the master list, maintained in an ongoing fashion with regular updates as the real world list it is tracking changes."
      },
      {
        "code": "snapshot",
        "display": "Snapshot",
        "definition": "This list was prepared as a snapshot. It should not be assumed to be current."
      },
      {
        "code": "changes",
        "display": "Changes",
        "definition": "The list is prepared as a statement of changes that have been made or recommended."
      }
    ]
  }
}