{
  "resourceType": "ValueSet",
  "id": "location-status",
  "meta": {
    "lastUpdated": "2015-03-23T23:56:59.139+00:00",
    "profile": [
      "http://hl7.org/fhir/StructureDefinition/valueset-shareable-definition"
    ]
  },
  "text": {
    "status": "generated",
    "div": "<div><p>This value set contains 3 concepts</p><h2>LocationStatus</h2><p>Indicates whether the location is still in use</p><p>This value set defines its own terms in the system http://hl7.org/fhir/location-status</p><table class=\"codes\"><tr><td><b>Code</b></td><td><b>Display</b></td><td><b>Definition</b></td></tr><tr><td>active<a name=\"active\"> </a></td><td>Active</td><td>The location is operational.</td></tr><tr><td>suspended<a name=\"suspended\"> </a></td><td>Suspended</td><td>The location is temporarily closed.</td></tr><tr><td>inactive<a name=\"inactive\"> </a></td><td>Inactive</td><td>The location is no longer used.</td></tr></table></div>"
  },
  "extension": [
    {
      "url": "http://hl7.org/fhir/StructureDefinition/valueset-oid",
      "valueUri": "urn:oid:2.16.840.1.113883.4.642.2.343"
    }
  ],
  "url": "http://hl7.org/fhir/vs/location-status",
  "version": "0.4.0",
  "name": "LocationStatus",
  "publisher": "HL7 (FHIR Project)",
  "contact": [
    {
      "telecom": [
        {
          "system": "url",
          "value": "http://hl7.org/fhir"
        },
        {
          "system": "email",
          "value": "fhir@lists.hl7.org"
        }
      ]
    }
  ],
  "description": "Indicates whether the location is still in use",
  "status": "draft",
  "experimental": false,
  "date": "2015-03-23T23:56:59+00:00",
  "define": {
    "extension": [
      {
        "url": "http://hl7.org/fhir/StructureDefinition/valueset-oid",
        "valueUri": "urn:oid:2.16.840.1.113883.4.642.1.343"
      }
    ],
    "system": "http://hl7.org/fhir/location-status",
    "caseSensitive": true,
    "concept": [
      {
        "code": "active",
        "display": "Active",
        "definition": "The location is operational."
      },
      {
        "code": "suspended",
        "display": "Suspended",
        "definition": "The location is temporarily closed."
      },
      {
        "code": "inactive",
        "display": "Inactive",
        "definition": "The location is no longer used."
      }
    ]
  }
}