{
  "resourceType": "ValueSet",
  "id": "location-mode",
  "meta": {
    "lastUpdated": "2015-03-23T23:56:59.139+00:00",
    "profile": [
      "http://hl7.org/fhir/StructureDefinition/valueset-shareable-definition"
    ]
  },
  "text": {
    "status": "generated",
    "div": "<div><p>This value set contains 2 concepts</p><h2>LocationMode</h2><p>Indicates whether a resource instance represents a specific location or a class of locations</p><p>This value set defines its own terms in the system http://hl7.org/fhir/location-mode</p><table class=\"codes\"><tr><td><b>Code</b></td><td><b>Display</b></td><td><b>Definition</b></td></tr><tr><td>instance<a name=\"instance\"> </a></td><td>Instance</td><td>The Location resource represents a specific instance of a Location.</td></tr><tr><td>kind<a name=\"kind\"> </a></td><td>Kind</td><td>The Location represents a class of Locations.</td></tr></table></div>"
  },
  "extension": [
    {
      "url": "http://hl7.org/fhir/StructureDefinition/valueset-oid",
      "valueUri": "urn:oid:2.16.840.1.113883.4.642.2.337"
    }
  ],
  "url": "http://hl7.org/fhir/vs/location-mode",
  "version": "0.4.0",
  "name": "LocationMode",
  "publisher": "HL7 (FHIR Project)",
  "contact": [
    {
      "telecom": [
        {
          "system": "url",
          "value": "http://hl7.org/fhir"
        },
        {
          "system": "email",
          "value": "fhir@lists.hl7.org"
        }
      ]
    }
  ],
  "description": "Indicates whether a resource instance represents a specific location or a class of locations",
  "status": "draft",
  "experimental": false,
  "date": "2015-03-23T23:56:59+00:00",
  "define": {
    "extension": [
      {
        "url": "http://hl7.org/fhir/StructureDefinition/valueset-oid",
        "valueUri": "urn:oid:2.16.840.1.113883.4.642.1.337"
      }
    ],
    "system": "http://hl7.org/fhir/location-mode",
    "caseSensitive": true,
    "concept": [
      {
        "code": "instance",
        "display": "Instance",
        "definition": "The Location resource represents a specific instance of a Location."
      },
      {
        "code": "kind",
        "display": "Kind",
        "definition": "The Location represents a class of Locations."
      }
    ]
  }
}