{
  "resourceType": "ValueSet",
  "id": "medication-prescription-status",
  "meta": {
    "lastUpdated": "2015-03-23T23:56:59.139+00:00",
    "profile": [
      "http://hl7.org/fhir/StructureDefinition/valueset-shareable-definition"
    ]
  },
  "text": {
    "status": "generated",
    "div": "<div><p>This value set contains 7 concepts</p><h2>MedicationPrescriptionStatus</h2><p>A code specifying the state of the prescribing event. Describes the lifecycle of the prescription.</p><p>This value set defines its own terms in the system http://hl7.org/fhir/medication-prescription-status</p><table class=\"codes\"><tr><td><b>Code</b></td><td><b>Display</b></td><td><b>Definition</b></td><td><b><a href=\"v3/ActStatus/index.html\">v3 Map (ActStatus)</a></b></td></tr><tr><td>active<a name=\"active\"> </a></td><td>Active</td><td>The prescription is 'actionable', but not all actions that are implied by it have occurred yet.</td><td><span title=\"equal\">=</span><a href=\"v3/ActStatus/index.html#active\">active</a></td></tr><tr><td>on-hold<a name=\"on-hold\"> </a></td><td>On Hold</td><td>Actions implied by the prescription have been temporarily halted, but are expected to continue later.  May also be called &quot;suspended&quot;.</td><td><span title=\"equal\">=</span><a href=\"v3/ActStatus/index.html#suspended\">suspended</a></td></tr><tr><td>completed<a name=\"completed\"> </a></td><td>Completed</td><td>All actions that are implied by the prescription have occurred (this will rarely be made explicit).</td><td><span title=\"equal\">=</span><a href=\"v3/ActStatus/index.html#completed\">completed</a></td></tr><tr><td>entered-in-error<a name=\"entered-in-error\"> </a></td><td>Entered In Error</td><td>The prescription was entered in error and therefore nullified.</td><td><span title=\"equal\">=</span><a href=\"v3/ActStatus/index.html#nullified\">nullified</a></td></tr><tr><td>stopped<a name=\"stopped\"> </a></td><td>Stopped</td><td>Actions implied by the prescription have been permanently halted, before all of them occurred.</td><td><span title=\"equal\">=</span><a href=\"v3/ActStatus/index.html#aborted\">aborted</a></td></tr><tr><td>superceded<a name=\"superceded\"> </a></td><td>Superceded</td><td>The prescription was replaced by a newer one, which encompasses all the information in the previous one.</td><td><span title=\"equal\">=</span><a href=\"v3/ActStatus/index.html#obsolete\">obsolete</a></td></tr><tr><td>draft<a name=\"draft\"> </a></td><td>Draft</td><td>The prescription is not yet 'actionable', i.e. it is a work in progress, required sign-off, need to be run through decision support.</td><td><span title=\"equal\">=</span><a href=\"v3/ActStatus/index.html#new\">new</a></td></tr></table></div>"
  },
  "extension": [
    {
      "url": "http://hl7.org/fhir/StructureDefinition/valueset-oid",
      "valueUri": "urn:oid:2.16.840.1.113883.4.642.2.107"
    }
  ],
  "url": "http://hl7.org/fhir/vs/medication-prescription-status",
  "version": "0.4.0",
  "name": "MedicationPrescriptionStatus",
  "publisher": "HL7 (FHIR Project)",
  "contact": [
    {
      "telecom": [
        {
          "system": "url",
          "value": "http://hl7.org/fhir"
        },
        {
          "system": "email",
          "value": "fhir@lists.hl7.org"
        }
      ]
    }
  ],
  "description": "A code specifying the state of the prescribing event. Describes the lifecycle of the prescription.",
  "status": "draft",
  "experimental": false,
  "date": "2015-03-23T23:56:59+00:00",
  "define": {
    "extension": [
      {
        "url": "http://hl7.org/fhir/StructureDefinition/valueset-oid",
        "valueUri": "urn:oid:2.16.840.1.113883.4.642.1.107"
      }
    ],
    "system": "http://hl7.org/fhir/medication-prescription-status",
    "caseSensitive": true,
    "concept": [
      {
        "code": "active",
        "display": "Active",
        "definition": "The prescription is 'actionable', but not all actions that are implied by it have occurred yet."
      },
      {
        "code": "on-hold",
        "display": "On Hold",
        "definition": "Actions implied by the prescription have been temporarily halted, but are expected to continue later.  May also be called \"suspended\"."
      },
      {
        "code": "completed",
        "display": "Completed",
        "definition": "All actions that are implied by the prescription have occurred (this will rarely be made explicit)."
      },
      {
        "code": "entered-in-error",
        "display": "Entered In Error",
        "definition": "The prescription was entered in error and therefore nullified."
      },
      {
        "code": "stopped",
        "display": "Stopped",
        "definition": "Actions implied by the prescription have been permanently halted, before all of them occurred."
      },
      {
        "code": "superceded",
        "display": "Superceded",
        "definition": "The prescription was replaced by a newer one, which encompasses all the information in the previous one."
      },
      {
        "code": "draft",
        "display": "Draft",
        "definition": "The prescription is not yet 'actionable', i.e. it is a work in progress, required sign-off, need to be run through decision support."
      }
    ]
  }
}