{"contact":[{"telecom":[{"system":"url","value":"http://hl7.org/fhir"},{"system":"email","value":"fhir@lists.hl7.org"}]}],"date":"2015-03-23T23:56:59+00:00","description":"v3 Map (ActStatus)","element":[{"code":"active","codeSystem":"http://hl7.org/fhir/medication-prescription-status","map":[{"code":"active","codeSystem":"http://hl7.org/fhir/v3/ActStatus","equivalence":"equal"}]},{"code":"on-hold","codeSystem":"http://hl7.org/fhir/medication-prescription-status","map":[{"code":"suspended","codeSystem":"http://hl7.org/fhir/v3/ActStatus","equivalence":"equal"}]},{"code":"completed","codeSystem":"http://hl7.org/fhir/medication-prescription-status","map":[{"code":"completed","codeSystem":"http://hl7.org/fhir/v3/ActStatus","equivalence":"equal"}]},{"code":"entered-in-error","codeSystem":"http://hl7.org/fhir/medication-prescription-status","map":[{"code":"nullified","codeSystem":"http://hl7.org/fhir/v3/ActStatus","equivalence":"equal"}]},{"code":"stopped","codeSystem":"http://hl7.org/fhir/medication-prescription-status","map":[{"code":"aborted","codeSystem":"http://hl7.org/fhir/v3/ActStatus","equivalence":"equal"}]},{"code":"superceded","codeSystem":"http://hl7.org/fhir/medication-prescription-status","map":[{"code":"obsolete","codeSystem":"http://hl7.org/fhir/v3/ActStatus","equivalence":"equal"}]},{"code":"draft","codeSystem":"http://hl7.org/fhir/medication-prescription-status","map":[{"code":"new","codeSystem":"http://hl7.org/fhir/v3/ActStatus","equivalence":"equal"}]}],"id":"v3-medication-prescription-status","name":"v3 map for MedicationPrescriptionStatus","publisher":"HL7 (FHIR Project)","resourceType":"ConceptMap","sourceReference":{"reference":"http://hl7.org/fhir/vs/medication-prescription-status"},"status":"draft","targetReference":{"reference":"http://hl7.org/fhir/v3/vs/ActStatus"},"text":{"div":"<div><h2>v3 map for MedicationPrescriptionStatus (http://hl7.org/fhir/cm/v3/medication-prescription-status)</h2><p>Mapping from <a href=\"medication-prescription-status.html\">http://hl7.org/fhir/vs/medication-prescription-status</a> to <a href=\"v3/ActStatus/index.html\">http://hl7.org/fhir/v3/vs/ActStatus</a></p><p>DRAFT. Published on Mar 23, 2015 11:56:59 PM by HL7 (FHIR Project) (<a href=\"http://hl7.org/fhir\">http://hl7.org/fhir</a>, <a href=\"mailto:fhir@lists.hl7.org\">fhir@lists.hl7.org</a>; ). </p><p>v3 Map (ActStatus)</p><br/><table class=\"grid\"><tr><td><b>Source Code</b></td><td><b>Equivalence</b></td><td><b>Destination Code</b></td></tr><tr><td>active (Active)</td><td>equal</td><td>active (active)</td></tr><tr><td>on-hold (On Hold)</td><td>equal</td><td>suspended (suspended)</td></tr><tr><td>completed (Completed)</td><td>equal</td><td>completed (completed)</td></tr><tr><td>entered-in-error (Entered In Error)</td><td>equal</td><td>nullified (nullified)</td></tr><tr><td>stopped (Stopped)</td><td>equal</td><td>aborted (aborted)</td></tr><tr><td>superceded (Superceded)</td><td>equal</td><td>obsolete (obsolete)</td></tr><tr><td>draft (Draft)</td><td>equal</td><td>new (new)</td></tr></table></div>","status":"generated"},"url":"http://hl7.org/fhir/cm/v3/medication-prescription-status"}