{
  "resourceType": "ValueSet",
  "id": "medication-statement-status",
  "meta": {
    "lastUpdated": "2015-03-23T23:56:59.139+00:00",
    "profile": [
      "http://hl7.org/fhir/StructureDefinition/valueset-shareable-definition"
    ]
  },
  "text": {
    "status": "generated",
    "div": "<div><p>This value set contains 3 concepts</p><h2>MedicationStatementStatus</h2><p>A set of codes indicating the current status of a MedicationStatement</p><p>This value set defines its own terms in the system http://hl7.org/fhir/medication-statement-status</p><table class=\"codes\"><tr><td><b>Code</b></td><td><b>Display</b></td><td><b>Definition</b></td><td><b><a href=\"v3/ActStatus/index.html\">v3 Map (ActStatus)</a></b></td></tr><tr><td>in-progress<a name=\"in-progress\"> </a></td><td>In Progress</td><td>The medication is still being taken.</td><td><span title=\"equal\">=</span><a href=\"v3/ActStatus/index.html#active\">active</a></td></tr><tr><td>completed<a name=\"completed\"> </a></td><td>Completed</td><td>All actions that are implied by the statement have occurred.</td><td><span title=\"equal\">=</span><a href=\"v3/ActStatus/index.html#completed\">completed</a></td></tr><tr><td>entered-in-error<a name=\"entered-in-error\"> </a></td><td>Entered In Error</td><td>The statement was entered in error and therefore nullified.</td><td><span title=\"equal\">=</span><a href=\"v3/ActStatus/index.html#nullified\">nullified</a></td></tr></table></div>"
  },
  "extension": [
    {
      "url": "http://hl7.org/fhir/StructureDefinition/valueset-oid",
      "valueUri": "urn:oid:2.16.840.1.113883.4.642.2.967"
    }
  ],
  "url": "http://hl7.org/fhir/vs/medication-statement-status",
  "version": "0.4.0",
  "name": "MedicationStatementStatus",
  "publisher": "HL7 (FHIR Project)",
  "contact": [
    {
      "telecom": [
        {
          "system": "url",
          "value": "http://hl7.org/fhir"
        },
        {
          "system": "email",
          "value": "fhir@lists.hl7.org"
        }
      ]
    }
  ],
  "description": "A set of codes indicating the current status of a MedicationStatement",
  "status": "draft",
  "experimental": false,
  "date": "2015-03-23T23:56:59+00:00",
  "define": {
    "extension": [
      {
        "url": "http://hl7.org/fhir/StructureDefinition/valueset-oid",
        "valueUri": "urn:oid:2.16.840.1.113883.4.642.1.967"
      }
    ],
    "system": "http://hl7.org/fhir/medication-statement-status",
    "caseSensitive": true,
    "concept": [
      {
        "code": "in-progress",
        "display": "In Progress",
        "definition": "The medication is still being taken."
      },
      {
        "code": "completed",
        "display": "Completed",
        "definition": "All actions that are implied by the statement have occurred."
      },
      {
        "code": "entered-in-error",
        "display": "Entered In Error",
        "definition": "The statement was entered in error and therefore nullified."
      }
    ]
  }
}