{"contact":[{"telecom":[{"system":"url","value":"http://hl7.org/fhir"},{"system":"email","value":"fhir@lists.hl7.org"}]}],"date":"2015-03-23T23:56:59+00:00","description":"v3 Map (ActStatus)","element":[{"code":"in-progress","codeSystem":"http://hl7.org/fhir/medication-statement-status","map":[{"code":"active","codeSystem":"http://hl7.org/fhir/v3/ActStatus","equivalence":"equal"}]},{"code":"completed","codeSystem":"http://hl7.org/fhir/medication-statement-status","map":[{"code":"completed","codeSystem":"http://hl7.org/fhir/v3/ActStatus","equivalence":"equal"}]},{"code":"entered-in-error","codeSystem":"http://hl7.org/fhir/medication-statement-status","map":[{"code":"nullified","codeSystem":"http://hl7.org/fhir/v3/ActStatus","equivalence":"equal"}]}],"id":"v3-medication-statement-status","name":"v3 map for MedicationStatementStatus","publisher":"HL7 (FHIR Project)","resourceType":"ConceptMap","sourceReference":{"reference":"http://hl7.org/fhir/vs/medication-statement-status"},"status":"draft","targetReference":{"reference":"http://hl7.org/fhir/v3/vs/ActStatus"},"text":{"div":"<div><h2>v3 map for MedicationStatementStatus (http://hl7.org/fhir/cm/v3/medication-statement-status)</h2><p>Mapping from <a href=\"medication-statement-status.html\">http://hl7.org/fhir/vs/medication-statement-status</a> to <a href=\"v3/ActStatus/index.html\">http://hl7.org/fhir/v3/vs/ActStatus</a></p><p>DRAFT. Published on Mar 23, 2015 11:56:59 PM by HL7 (FHIR Project) (<a href=\"http://hl7.org/fhir\">http://hl7.org/fhir</a>, <a href=\"mailto:fhir@lists.hl7.org\">fhir@lists.hl7.org</a>; ). </p><p>v3 Map (ActStatus)</p><br/><table class=\"grid\"><tr><td><b>Source Code</b></td><td><b>Equivalence</b></td><td><b>Destination Code</b></td></tr><tr><td>in-progress (In Progress)</td><td>equal</td><td>active (active)</td></tr><tr><td>completed (Completed)</td><td>equal</td><td>completed (completed)</td></tr><tr><td>entered-in-error (Entered In Error)</td><td>equal</td><td>nullified (nullified)</td></tr></table></div>","status":"generated"},"url":"http://hl7.org/fhir/cm/v3/medication-statement-status"}