{
  "resourceType": "ValueSet",
  "id": "medication-kind",
  "meta": {
    "lastUpdated": "2015-03-23T23:56:59.139+00:00",
    "profile": [
      "http://hl7.org/fhir/StructureDefinition/valueset-shareable-definition"
    ]
  },
  "text": {
    "status": "generated",
    "div": "<div><p>This value set contains 2 concepts</p><h2>MedicationKind</h2><p>Whether the medication is a product or a package</p><p>This value set defines its own terms in the system http://hl7.org/fhir/medication-kind</p><table class=\"codes\"><tr><td><b>Code</b></td><td><b>Display</b></td><td><b>Definition</b></td></tr><tr><td>product<a name=\"product\"> </a></td><td>Product</td><td>The medication is a product.</td></tr><tr><td>package<a name=\"package\"> </a></td><td>Package</td><td>The medication is a package - a contained group of one of more products.</td></tr></table></div>"
  },
  "extension": [
    {
      "url": "http://hl7.org/fhir/StructureDefinition/valueset-oid",
      "valueUri": "urn:oid:2.16.840.1.113883.4.642.2.110"
    }
  ],
  "url": "http://hl7.org/fhir/vs/medication-kind",
  "version": "0.4.0",
  "name": "MedicationKind",
  "publisher": "HL7 (FHIR Project)",
  "contact": [
    {
      "telecom": [
        {
          "system": "url",
          "value": "http://hl7.org/fhir"
        },
        {
          "system": "email",
          "value": "fhir@lists.hl7.org"
        }
      ]
    }
  ],
  "description": "Whether the medication is a product or a package",
  "status": "draft",
  "experimental": false,
  "date": "2015-03-23T23:56:59+00:00",
  "define": {
    "extension": [
      {
        "url": "http://hl7.org/fhir/StructureDefinition/valueset-oid",
        "valueUri": "urn:oid:2.16.840.1.113883.4.642.1.110"
      }
    ],
    "system": "http://hl7.org/fhir/medication-kind",
    "caseSensitive": true,
    "concept": [
      {
        "code": "product",
        "display": "Product",
        "definition": "The medication is a product."
      },
      {
        "code": "package",
        "display": "Package",
        "definition": "The medication is a package - a contained group of one of more products."
      }
    ]
  }
}