{
  "resourceType": "ConceptMap",
  "id": "v3-medication-admin-status",
  "text": {
    "status": "generated",
    "div": "<div><h2>v3 map for MedicationAdministrationStatus (http://hl7.org/fhir/cm/v3/medication-admin-status)</h2><p>Mapping from <a href=\"medication-admin-status.html\">http://hl7.org/fhir/vs/medication-admin-status</a> to <a href=\"v3/ActStatus/index.html\">http://hl7.org/fhir/v3/vs/ActStatus</a></p><p>DRAFT. Published on Mar 23, 2015 11:56:59 PM by HL7 (FHIR Project) (<a href=\"http://hl7.org/fhir\">http://hl7.org/fhir</a>, <a href=\"mailto:fhir@lists.hl7.org\">fhir@lists.hl7.org</a>; ). </p><p>v3 Map (ActStatus)</p><br/><table class=\"grid\"><tr><td><b>Source Code</b></td><td><b>Equivalence</b></td><td><b>Destination Code</b></td></tr><tr><td>in-progress (In Progress)</td><td>equal</td><td>active (active)</td></tr><tr><td>on-hold (On Hold)</td><td>equal</td><td>suspended (suspended)</td></tr><tr><td>completed (Completed)</td><td>equal</td><td>completed (completed)</td></tr><tr><td>entered-in-error (Entered In Error)</td><td>equal</td><td>nullified (nullified)</td></tr><tr><td>stopped (Stopped)</td><td>equal</td><td>aborted (aborted)</td></tr></table></div>"
  },
  "url": "http://hl7.org/fhir/cm/v3/medication-admin-status",
  "name": "v3 map for MedicationAdministrationStatus",
  "publisher": "HL7 (FHIR Project)",
  "contact": [
    {
      "telecom": [
        {
          "system": "url",
          "value": "http://hl7.org/fhir"
        },
        {
          "system": "email",
          "value": "fhir@lists.hl7.org"
        }
      ]
    }
  ],
  "description": "v3 Map (ActStatus)",
  "status": "draft",
  "date": "2015-03-23T23:56:59+00:00",
  "sourceReference": {
    "reference": "http://hl7.org/fhir/vs/medication-admin-status"
  },
  "targetReference": {
    "reference": "http://hl7.org/fhir/v3/vs/ActStatus"
  },
  "element": [
    {
      "codeSystem": "http://hl7.org/fhir/medication-admin-status",
      "code": "in-progress",
      "map": [
        {
          "codeSystem": "http://hl7.org/fhir/v3/ActStatus",
          "code": "active",
          "equivalence": "equal"
        }
      ]
    },
    {
      "codeSystem": "http://hl7.org/fhir/medication-admin-status",
      "code": "on-hold",
      "map": [
        {
          "codeSystem": "http://hl7.org/fhir/v3/ActStatus",
          "code": "suspended",
          "equivalence": "equal"
        }
      ]
    },
    {
      "codeSystem": "http://hl7.org/fhir/medication-admin-status",
      "code": "completed",
      "map": [
        {
          "codeSystem": "http://hl7.org/fhir/v3/ActStatus",
          "code": "completed",
          "equivalence": "equal"
        }
      ]
    },
    {
      "codeSystem": "http://hl7.org/fhir/medication-admin-status",
      "code": "entered-in-error",
      "map": [
        {
          "codeSystem": "http://hl7.org/fhir/v3/ActStatus",
          "code": "nullified",
          "equivalence": "equal"
        }
      ]
    },
    {
      "codeSystem": "http://hl7.org/fhir/medication-admin-status",
      "code": "stopped",
      "map": [
        {
          "codeSystem": "http://hl7.org/fhir/v3/ActStatus",
          "code": "aborted",
          "equivalence": "equal"
        }
      ]
    }
  ]
}