{
  "resourceType": "ValueSet",
  "id": "message-transport",
  "meta": {
    "lastUpdated": "2015-03-23T23:56:59.139+00:00",
    "profile": [
      "http://hl7.org/fhir/StructureDefinition/valueset-shareable-definition"
    ]
  },
  "text": {
    "status": "generated",
    "div": "<div><p>This value set contains 3 concepts</p><h2>MessageTransport</h2><p>The protocol used for message transport</p><p>This value set defines its own terms in the system http://hl7.org/fhir/message-transport</p><table class=\"codes\"><tr><td><b>Code</b></td><td><b>Display</b></td><td><b>Definition</b></td></tr><tr><td>http<a name=\"http\"> </a></td><td>Http</td><td>The application sends or receives messages using HTTP POST (may be over http or https).</td></tr><tr><td>ftp<a name=\"ftp\"> </a></td><td>Ftp</td><td>The application sends or receives messages using File Transfer Protocol.</td></tr><tr><td>mllp<a name=\"mllp\"> </a></td><td>Mllp</td><td>The application sends or receivers messages using HL7's Minimal Lower Level Protocol.</td></tr></table></div>"
  },
  "extension": [
    {
      "url": "http://hl7.org/fhir/StructureDefinition/valueset-oid",
      "valueUri": "urn:oid:2.16.840.1.113883.4.642.2.46"
    }
  ],
  "url": "http://hl7.org/fhir/vs/message-transport",
  "version": "0.4.0",
  "name": "MessageTransport",
  "publisher": "HL7 (FHIR Project)",
  "contact": [
    {
      "telecom": [
        {
          "system": "url",
          "value": "http://hl7.org/fhir"
        },
        {
          "system": "email",
          "value": "fhir@lists.hl7.org"
        }
      ]
    }
  ],
  "description": "The protocol used for message transport",
  "status": "draft",
  "experimental": false,
  "date": "2015-03-23T23:56:59+00:00",
  "define": {
    "extension": [
      {
        "url": "http://hl7.org/fhir/StructureDefinition/valueset-oid",
        "valueUri": "urn:oid:2.16.840.1.113883.4.642.1.46"
      }
    ],
    "system": "http://hl7.org/fhir/message-transport",
    "caseSensitive": true,
    "concept": [
      {
        "code": "http",
        "display": "Http",
        "definition": "The application sends or receives messages using HTTP POST (may be over http or https)."
      },
      {
        "code": "ftp",
        "display": "Ftp",
        "definition": "The application sends or receives messages using File Transfer Protocol."
      },
      {
        "code": "mllp",
        "display": "Mllp",
        "definition": "The application sends or receivers messages using HL7's Minimal Lower Level Protocol."
      }
    ]
  }
}