{
  "resourceType": "ValueSet",
  "id": "message-significance-category",
  "meta": {
    "lastUpdated": "2015-03-23T23:56:59.139+00:00",
    "profile": [
      "http://hl7.org/fhir/StructureDefinition/valueset-shareable-definition"
    ]
  },
  "text": {
    "status": "generated",
    "div": "<div><p>This value set contains 3 concepts</p><h2>MessageSignificanceCategory</h2><p>The impact of the content of a message</p><p>This value set defines its own terms in the system http://hl7.org/fhir/message-significance-category</p><table class=\"codes\"><tr><td><b>Code</b></td><td><b>Display</b></td><td><b>Definition</b></td></tr><tr><td>Consequence<a name=\"Consequence\"> </a></td><td>Consequence</td><td>The message represents/requests a change that should not be processed more than once. E.g. Making a booking for an appointment.</td></tr><tr><td>Currency<a name=\"Currency\"> </a></td><td>Currency</td><td>The message represents a response to query for current information. Retrospective processing is wrong and/or wasteful.</td></tr><tr><td>Notification<a name=\"Notification\"> </a></td><td>Notification</td><td>The content is not necessarily intended to be current, and it can be reprocessed, though there may be version issues created by processing old notifications.</td></tr></table></div>"
  },
  "extension": [
    {
      "url": "http://hl7.org/fhir/StructureDefinition/valueset-oid",
      "valueUri": "urn:oid:2.16.840.1.113883.4.642.2.342"
    }
  ],
  "url": "http://hl7.org/fhir/vs/message-significance-category",
  "version": "0.4.0",
  "name": "MessageSignificanceCategory",
  "publisher": "HL7 (FHIR Project)",
  "contact": [
    {
      "telecom": [
        {
          "system": "url",
          "value": "http://hl7.org/fhir"
        },
        {
          "system": "email",
          "value": "fhir@lists.hl7.org"
        }
      ]
    }
  ],
  "description": "The impact of the content of a message",
  "status": "draft",
  "experimental": false,
  "date": "2015-03-23T23:56:59+00:00",
  "define": {
    "extension": [
      {
        "url": "http://hl7.org/fhir/StructureDefinition/valueset-oid",
        "valueUri": "urn:oid:2.16.840.1.113883.4.642.1.342"
      }
    ],
    "system": "http://hl7.org/fhir/message-significance-category",
    "caseSensitive": true,
    "concept": [
      {
        "code": "Consequence",
        "display": "Consequence",
        "definition": "The message represents/requests a change that should not be processed more than once. E.g. Making a booking for an appointment."
      },
      {
        "code": "Currency",
        "display": "Currency",
        "definition": "The message represents a response to query for current information. Retrospective processing is wrong and/or wasteful."
      },
      {
        "code": "Notification",
        "display": "Notification",
        "definition": "The content is not necessarily intended to be current, and it can be reprocessed, though there may be version issues created by processing old notifications."
      }
    ]
  }
}