{
  "resourceType": "ValueSet",
  "id": "message-conformance-event-mode",
  "meta": {
    "lastUpdated": "2015-03-23T23:56:59.139+00:00",
    "profile": [
      "http://hl7.org/fhir/StructureDefinition/valueset-shareable-definition"
    ]
  },
  "text": {
    "status": "generated",
    "div": "<div><p>This value set contains 2 concepts</p><h2>ConformanceEventMode</h2><p>The mode of a message conformance statement</p><p>This value set defines its own terms in the system http://hl7.org/fhir/message-conformance-event-mode</p><table class=\"codes\"><tr><td><b>Code</b></td><td><b>Display</b></td><td><b>Definition</b></td></tr><tr><td>sender<a name=\"sender\"> </a></td><td>Sender</td><td>The application sends requests and receives responses.</td></tr><tr><td>receiver<a name=\"receiver\"> </a></td><td>Receiver</td><td>The application receives requests and sends responses.</td></tr></table></div>"
  },
  "extension": [
    {
      "url": "http://hl7.org/fhir/StructureDefinition/valueset-oid",
      "valueUri": "urn:oid:2.16.840.1.113883.4.642.2.45"
    }
  ],
  "url": "http://hl7.org/fhir/vs/message-conformance-event-mode",
  "version": "0.4.0",
  "name": "ConformanceEventMode",
  "publisher": "HL7 (FHIR Project)",
  "contact": [
    {
      "telecom": [
        {
          "system": "url",
          "value": "http://hl7.org/fhir"
        },
        {
          "system": "email",
          "value": "fhir@lists.hl7.org"
        }
      ]
    }
  ],
  "description": "The mode of a message conformance statement",
  "status": "draft",
  "experimental": false,
  "date": "2015-03-23T23:56:59+00:00",
  "define": {
    "extension": [
      {
        "url": "http://hl7.org/fhir/StructureDefinition/valueset-oid",
        "valueUri": "urn:oid:2.16.840.1.113883.4.642.1.45"
      }
    ],
    "system": "http://hl7.org/fhir/message-conformance-event-mode",
    "caseSensitive": true,
    "concept": [
      {
        "code": "sender",
        "display": "Sender",
        "definition": "The application sends requests and receives responses."
      },
      {
        "code": "receiver",
        "display": "Receiver",
        "definition": "The application receives requests and sends responses."
      }
    ]
  }
}