{
  "resourceType": "ValueSet",
  "id": "metric-color",
  "meta": {
    "lastUpdated": "2015-03-23T23:56:59.139+00:00",
    "profile": [
      "http://hl7.org/fhir/StructureDefinition/valueset-shareable-definition"
    ]
  },
  "text": {
    "status": "generated",
    "div": "<div><p>This value set contains 8 concepts</p><h2>DeviceMetricColor</h2><p>Describes the typical color of representation</p><p>This value set defines its own terms in the system http://hl7.org/fhir/metric-color</p><table class=\"codes\"><tr><td><b>Code</b></td><td><b>Display</b></td><td><b>Definition</b></td></tr><tr><td>black<a name=\"black\"> </a></td><td>col-black</td><td>Color for representation - black.</td></tr><tr><td>red<a name=\"red\"> </a></td><td>col-red</td><td>Color for representation - red.</td></tr><tr><td>green<a name=\"green\"> </a></td><td>col-green</td><td>Color for representation - green.</td></tr><tr><td>yellow<a name=\"yellow\"> </a></td><td>col-yellow</td><td>Color for representation - yellow.</td></tr><tr><td>blue<a name=\"blue\"> </a></td><td>col-blue</td><td>Color for representation - blue.</td></tr><tr><td>magenta<a name=\"magenta\"> </a></td><td>col-magenta</td><td>Color for representation - magenta.</td></tr><tr><td>cyan<a name=\"cyan\"> </a></td><td>col-cyan</td><td>Color for representation - cyan.</td></tr><tr><td>white<a name=\"white\"> </a></td><td>col-white</td><td>Color for representation - white.</td></tr></table></div>"
  },
  "extension": [
    {
      "url": "http://hl7.org/fhir/StructureDefinition/valueset-oid",
      "valueUri": "urn:oid:2.16.840.1.113883.4.642.2.1491"
    }
  ],
  "url": "http://hl7.org/fhir/vs/metric-color",
  "version": "0.4.0",
  "name": "DeviceMetricColor",
  "publisher": "HL7 (FHIR Project)",
  "contact": [
    {
      "telecom": [
        {
          "system": "url",
          "value": "http://hl7.org/fhir"
        },
        {
          "system": "email",
          "value": "fhir@lists.hl7.org"
        }
      ]
    }
  ],
  "description": "Describes the typical color of representation",
  "status": "draft",
  "experimental": false,
  "date": "2015-03-23T23:56:59+00:00",
  "define": {
    "extension": [
      {
        "url": "http://hl7.org/fhir/StructureDefinition/valueset-oid",
        "valueUri": "urn:oid:2.16.840.1.113883.4.642.1.1491"
      }
    ],
    "system": "http://hl7.org/fhir/metric-color",
    "caseSensitive": true,
    "concept": [
      {
        "code": "black",
        "display": "col-black",
        "definition": "Color for representation - black."
      },
      {
        "code": "red",
        "display": "col-red",
        "definition": "Color for representation - red."
      },
      {
        "code": "green",
        "display": "col-green",
        "definition": "Color for representation - green."
      },
      {
        "code": "yellow",
        "display": "col-yellow",
        "definition": "Color for representation - yellow."
      },
      {
        "code": "blue",
        "display": "col-blue",
        "definition": "Color for representation - blue."
      },
      {
        "code": "magenta",
        "display": "col-magenta",
        "definition": "Color for representation - magenta."
      },
      {
        "code": "cyan",
        "display": "col-cyan",
        "definition": "Color for representation - cyan."
      },
      {
        "code": "white",
        "display": "col-white",
        "definition": "Color for representation - white."
      }
    ]
  }
}