{
  "resourceType": "ValueSet",
  "id": "metric-operational-status",
  "meta": {
    "lastUpdated": "2015-03-23T23:56:59.139+00:00",
    "profile": [
      "http://hl7.org/fhir/StructureDefinition/valueset-shareable-definition"
    ]
  },
  "text": {
    "status": "generated",
    "div": "<div><p>This value set contains 3 concepts</p><h2>DeviceMetricOperationalStatus</h2><p>Describes the operational status of the DeviceMetric</p><p>This value set defines its own terms in the system http://hl7.org/fhir/metric-operational-status</p><table class=\"codes\"><tr><td><b>Code</b></td><td><b>Display</b></td><td><b>Definition</b></td></tr><tr><td>on<a name=\"on\"> </a></td><td>On</td><td>The DeviceMetric is operating and will generate DeviceObservations.</td></tr><tr><td>off<a name=\"off\"> </a></td><td>Off</td><td>The DeviceMetric is not operating.</td></tr><tr><td>standby<a name=\"standby\"> </a></td><td>Standby</td><td>The DeviceMetric is operating, but will not generate any DeviceObservations.</td></tr></table></div>"
  },
  "extension": [
    {
      "url": "http://hl7.org/fhir/StructureDefinition/valueset-oid",
      "valueUri": "urn:oid:2.16.840.1.113883.4.642.2.1417"
    }
  ],
  "url": "http://hl7.org/fhir/vs/metric-operational-status",
  "version": "0.4.0",
  "name": "DeviceMetricOperationalStatus",
  "publisher": "HL7 (FHIR Project)",
  "contact": [
    {
      "telecom": [
        {
          "system": "url",
          "value": "http://hl7.org/fhir"
        },
        {
          "system": "email",
          "value": "fhir@lists.hl7.org"
        }
      ]
    }
  ],
  "description": "Describes the operational status of the DeviceMetric",
  "status": "draft",
  "experimental": false,
  "date": "2015-03-23T23:56:59+00:00",
  "define": {
    "extension": [
      {
        "url": "http://hl7.org/fhir/StructureDefinition/valueset-oid",
        "valueUri": "urn:oid:2.16.840.1.113883.4.642.1.1417"
      }
    ],
    "system": "http://hl7.org/fhir/metric-operational-status",
    "caseSensitive": true,
    "concept": [
      {
        "code": "on",
        "display": "On",
        "definition": "The DeviceMetric is operating and will generate DeviceObservations."
      },
      {
        "code": "off",
        "display": "Off",
        "definition": "The DeviceMetric is not operating."
      },
      {
        "code": "standby",
        "display": "Standby",
        "definition": "The DeviceMetric is operating, but will not generate any DeviceObservations."
      }
    ]
  }
}