{
  "resourceType": "ValueSet",
  "id": "metric-calibration-type",
  "meta": {
    "lastUpdated": "2015-03-23T23:56:59.139+00:00",
    "profile": [
      "http://hl7.org/fhir/StructureDefinition/valueset-shareable-definition"
    ]
  },
  "text": {
    "status": "generated",
    "div": "<div><p>This value set contains 4 concepts</p><h2>DeviceMetricCalibrationType</h2><p>Describes the type of a metric calibration</p><p>This value set defines its own terms in the system http://hl7.org/fhir/metric-calibration-type</p><table class=\"codes\"><tr><td><b>Code</b></td><td><b>Display</b></td><td><b>Definition</b></td></tr><tr><td>unspecified<a name=\"unspecified\"> </a></td><td>Unspecified</td><td>TODO.</td></tr><tr><td>offset<a name=\"offset\"> </a></td><td>Offset</td><td>TODO.</td></tr><tr><td>gain<a name=\"gain\"> </a></td><td>Gain</td><td>TODO.</td></tr><tr><td>two-point<a name=\"two-point\"> </a></td><td>Two Point</td><td>TODO.</td></tr></table></div>"
  },
  "extension": [
    {
      "url": "http://hl7.org/fhir/StructureDefinition/valueset-oid",
      "valueUri": "urn:oid:2.16.840.1.113883.4.642.2.536"
    }
  ],
  "url": "http://hl7.org/fhir/vs/metric-calibration-type",
  "version": "0.4.0",
  "name": "DeviceMetricCalibrationType",
  "publisher": "HL7 (FHIR Project)",
  "contact": [
    {
      "telecom": [
        {
          "system": "url",
          "value": "http://hl7.org/fhir"
        },
        {
          "system": "email",
          "value": "fhir@lists.hl7.org"
        }
      ]
    }
  ],
  "description": "Describes the type of a metric calibration",
  "status": "draft",
  "experimental": false,
  "date": "2015-03-23T23:56:59+00:00",
  "define": {
    "extension": [
      {
        "url": "http://hl7.org/fhir/StructureDefinition/valueset-oid",
        "valueUri": "urn:oid:2.16.840.1.113883.4.642.1.536"
      }
    ],
    "system": "http://hl7.org/fhir/metric-calibration-type",
    "caseSensitive": true,
    "concept": [
      {
        "code": "unspecified",
        "display": "Unspecified",
        "definition": "TODO."
      },
      {
        "code": "offset",
        "display": "Offset",
        "definition": "TODO."
      },
      {
        "code": "gain",
        "display": "Gain",
        "definition": "TODO."
      },
      {
        "code": "two-point",
        "display": "Two Point",
        "definition": "TODO."
      }
    ]
  }
}