{"contact":[{"telecom":[{"system":"url","value":"http://hl7.org/fhir"},{"system":"email","value":"fhir@lists.hl7.org"}]}],"date":"2015-03-23T23:56:59+00:00","description":"v3 Map (EntityNameUseR2)","element":[{"code":"usual","codeSystem":"http://hl7.org/fhir/name-use","map":[{"code":"C","codeSystem":"http://hl7.org/fhir/v3/EntityNameUseR2","equivalence":"equal"}]},{"code":"official","codeSystem":"http://hl7.org/fhir/name-use","map":[{"code":"OR","codeSystem":"http://hl7.org/fhir/v3/EntityNameUseR2","equivalence":"equal"}]},{"code":"temp","codeSystem":"http://hl7.org/fhir/name-use","map":[{"code":"T","codeSystem":"http://hl7.org/fhir/v3/EntityNameUseR2","equivalence":"equal"}]},{"code":"nickname","codeSystem":"http://hl7.org/fhir/name-use","map":[{"code":"P","codeSystem":"http://hl7.org/fhir/v3/EntityNameUseR2","equivalence":"equivalent"}]},{"code":"anonymous","codeSystem":"http://hl7.org/fhir/name-use","map":[{"code":"ANON","codeSystem":"http://hl7.org/fhir/v3/EntityNameUseR2","equivalence":"equivalent"}]},{"code":"old","codeSystem":"http://hl7.org/fhir/name-use","map":[{"code":"OLD","codeSystem":"http://hl7.org/fhir/v3/EntityNameUseR2","equivalence":"equivalent"}]},{"code":"maiden","codeSystem":"http://hl7.org/fhir/name-use","map":[{"code":"M","codeSystem":"http://hl7.org/fhir/v3/EntityNameUseR2","equivalence":"equal"}]}],"id":"v3-name-use","name":"v3 map for NameUse","publisher":"HL7 (FHIR Project)","resourceType":"ConceptMap","sourceReference":{"reference":"http://hl7.org/fhir/vs/name-use"},"status":"draft","targetReference":{"reference":"http://hl7.org/fhir/v3/vs/EntityNameUseR2"},"text":{"div":"<div><h2>v3 map for NameUse (http://hl7.org/fhir/cm/v3/name-use)</h2><p>Mapping from <a href=\"name-use.html\">http://hl7.org/fhir/vs/name-use</a> to <a href=\"v3/EntityNameUseR2/index.html\">http://hl7.org/fhir/v3/vs/EntityNameUseR2</a></p><p>DRAFT. Published on Mar 23, 2015 11:56:59 PM by HL7 (FHIR Project) (<a href=\"http://hl7.org/fhir\">http://hl7.org/fhir</a>, <a href=\"mailto:fhir@lists.hl7.org\">fhir@lists.hl7.org</a>; ). </p><p>v3 Map (EntityNameUseR2)</p><br/><table class=\"grid\"><tr><td><b>Source Code</b></td><td><b>Equivalence</b></td><td><b>Destination Code</b></td></tr><tr><td>usual (Usual)</td><td>equal</td><td>C (customary)</td></tr><tr><td>official (Official)</td><td>equal</td><td>OR (official registry name)</td></tr><tr><td>temp (Temp)</td><td>equal</td><td>T (temporary)</td></tr><tr><td>nickname (Nickname)</td><td>equivalent</td><td>P (Other/Pseudonym/Alias)</td></tr><tr><td>anonymous (Anonymous)</td><td>equivalent</td><td>ANON (Anonymous)</td></tr><tr><td>old (Old)</td><td>equivalent</td><td>OLD (no longer in use)</td></tr><tr><td>maiden (Maiden)</td><td>equal</td><td>M (maiden name)</td></tr></table></div>","status":"generated"},"url":"http://hl7.org/fhir/cm/v3/name-use"}