{"contact":[{"telecom":[{"system":"url","value":"http://hl7.org/fhir"},{"system":"email","value":"fhir@lists.hl7.org"}]}],"date":"2015-03-23T23:56:59+00:00","description":"v2 Map (0200)","element":[{"code":"usual","codeSystem":"http://hl7.org/fhir/name-use","map":[{"code":"D","codeSystem":"http://hl7.org/fhir/v2/0200","equivalence":"equivalent"}]},{"code":"official","codeSystem":"http://hl7.org/fhir/name-use","map":[{"code":"L","codeSystem":"http://hl7.org/fhir/v2/0200","equivalence":"equivalent"}]},{"code":"temp","codeSystem":"http://hl7.org/fhir/name-use","map":[{"code":"TEMP","codeSystem":"http://hl7.org/fhir/v2/0200","equivalence":"equivalent"}]},{"code":"nickname","codeSystem":"http://hl7.org/fhir/name-use","map":[{"code":"N","codeSystem":"http://hl7.org/fhir/v2/0200","equivalence":"equivalent"}]},{"code":"anonymous","codeSystem":"http://hl7.org/fhir/name-use","map":[{"code":"S","codeSystem":"http://hl7.org/fhir/v2/0200","equivalence":"equivalent"}]},{"code":"old","codeSystem":"http://hl7.org/fhir/name-use","map":[{"code":"NOUSE","codeSystem":"http://hl7.org/fhir/v2/0200","equivalence":"wider"}]},{"code":"old","codeSystem":"http://hl7.org/fhir/name-use","map":[{"code":"BAD","codeSystem":"http://hl7.org/fhir/v2/0200","equivalence":"wider"}]},{"code":"maiden","codeSystem":"http://hl7.org/fhir/name-use","map":[{"code":"M","codeSystem":"http://hl7.org/fhir/v2/0200","equivalence":"equivalent"}]}],"id":"v2-name-use","name":"v2 map for NameUse","publisher":"HL7 (FHIR Project)","resourceType":"ConceptMap","sourceReference":{"reference":"http://hl7.org/fhir/vs/name-use"},"status":"draft","targetReference":{"reference":"http://hl7.org/fhir/v2/vs/0200"},"text":{"div":"<div><h2>v2 map for NameUse (http://hl7.org/fhir/cm/v2/name-use)</h2><p>Mapping from <a href=\"name-use.html\">http://hl7.org/fhir/vs/name-use</a> to <a href=\"v2/0200/index.html\">http://hl7.org/fhir/v2/vs/0200</a></p><p>DRAFT. Published on Mar 23, 2015 11:56:59 PM by HL7 (FHIR Project) (<a href=\"http://hl7.org/fhir\">http://hl7.org/fhir</a>, <a href=\"mailto:fhir@lists.hl7.org\">fhir@lists.hl7.org</a>; ). </p><p>v2 Map (0200)</p><br/><table class=\"grid\"><tr><td><b>Source Code</b></td><td><b>Equivalence</b></td><td><b>Destination Code</b></td></tr><tr><td>usual (Usual)</td><td>equivalent</td><td>D (Customary Name)</td></tr><tr><td>official (Official)</td><td>equivalent</td><td>L (Official Registry Name)</td></tr><tr><td>temp (Temp)</td><td>equivalent</td><td>TEMP (Temporary Name)</td></tr><tr><td>nickname (Nickname)</td><td>equivalent</td><td>N (Nickname)</td></tr><tr><td>anonymous (Anonymous)</td><td>equivalent</td><td>S (Pseudonym)</td></tr><tr><td>old (Old)</td><td>wider</td><td>NOUSE (No Longer To Be Used)</td></tr><tr><td>old (Old)</td><td>wider</td><td>BAD (Bad Name)</td></tr><tr><td>maiden (Maiden)</td><td>equivalent</td><td>M (Maiden Name)</td></tr></table></div>","status":"generated"},"url":"http://hl7.org/fhir/cm/v2/name-use"}