{
  "resourceType": "ConceptMap",
  "id": "v2-name-use",
  "text": {
    "status": "generated",
    "div": "<div><h2>v2 map for NameUse (http://hl7.org/fhir/cm/v2/name-use)</h2><p>Mapping from <a href=\"name-use.html\">http://hl7.org/fhir/vs/name-use</a> to <a href=\"v2/0200/index.html\">http://hl7.org/fhir/v2/vs/0200</a></p><p>DRAFT. Published on Mar 23, 2015 11:56:59 PM by HL7 (FHIR Project) (<a href=\"http://hl7.org/fhir\">http://hl7.org/fhir</a>, <a href=\"mailto:fhir@lists.hl7.org\">fhir@lists.hl7.org</a>; ). </p><p>v2 Map (0200)</p><br/><table class=\"grid\"><tr><td><b>Source Code</b></td><td><b>Equivalence</b></td><td><b>Destination Code</b></td></tr><tr><td>usual (Usual)</td><td>equivalent</td><td>D (Customary Name)</td></tr><tr><td>official (Official)</td><td>equivalent</td><td>L (Official Registry Name)</td></tr><tr><td>temp (Temp)</td><td>equivalent</td><td>TEMP (Temporary Name)</td></tr><tr><td>nickname (Nickname)</td><td>equivalent</td><td>N (Nickname)</td></tr><tr><td>anonymous (Anonymous)</td><td>equivalent</td><td>S (Pseudonym)</td></tr><tr><td>old (Old)</td><td>wider</td><td>NOUSE (No Longer To Be Used)</td></tr><tr><td>old (Old)</td><td>wider</td><td>BAD (Bad Name)</td></tr><tr><td>maiden (Maiden)</td><td>equivalent</td><td>M (Maiden Name)</td></tr></table></div>"
  },
  "url": "http://hl7.org/fhir/cm/v2/name-use",
  "name": "v2 map for NameUse",
  "publisher": "HL7 (FHIR Project)",
  "contact": [
    {
      "telecom": [
        {
          "system": "url",
          "value": "http://hl7.org/fhir"
        },
        {
          "system": "email",
          "value": "fhir@lists.hl7.org"
        }
      ]
    }
  ],
  "description": "v2 Map (0200)",
  "status": "draft",
  "date": "2015-03-23T23:56:59+00:00",
  "sourceReference": {
    "reference": "http://hl7.org/fhir/vs/name-use"
  },
  "targetReference": {
    "reference": "http://hl7.org/fhir/v2/vs/0200"
  },
  "element": [
    {
      "codeSystem": "http://hl7.org/fhir/name-use",
      "code": "usual",
      "map": [
        {
          "codeSystem": "http://hl7.org/fhir/v2/0200",
          "code": "D",
          "equivalence": "equivalent"
        }
      ]
    },
    {
      "codeSystem": "http://hl7.org/fhir/name-use",
      "code": "official",
      "map": [
        {
          "codeSystem": "http://hl7.org/fhir/v2/0200",
          "code": "L",
          "equivalence": "equivalent"
        }
      ]
    },
    {
      "codeSystem": "http://hl7.org/fhir/name-use",
      "code": "temp",
      "map": [
        {
          "codeSystem": "http://hl7.org/fhir/v2/0200",
          "code": "TEMP",
          "equivalence": "equivalent"
        }
      ]
    },
    {
      "codeSystem": "http://hl7.org/fhir/name-use",
      "code": "nickname",
      "map": [
        {
          "codeSystem": "http://hl7.org/fhir/v2/0200",
          "code": "N",
          "equivalence": "equivalent"
        }
      ]
    },
    {
      "codeSystem": "http://hl7.org/fhir/name-use",
      "code": "anonymous",
      "map": [
        {
          "codeSystem": "http://hl7.org/fhir/v2/0200",
          "code": "S",
          "equivalence": "equivalent"
        }
      ]
    },
    {
      "codeSystem": "http://hl7.org/fhir/name-use",
      "code": "old",
      "map": [
        {
          "codeSystem": "http://hl7.org/fhir/v2/0200",
          "code": "NOUSE",
          "equivalence": "wider"
        }
      ]
    },
    {
      "codeSystem": "http://hl7.org/fhir/name-use",
      "code": "old",
      "map": [
        {
          "codeSystem": "http://hl7.org/fhir/v2/0200",
          "code": "BAD",
          "equivalence": "wider"
        }
      ]
    },
    {
      "codeSystem": "http://hl7.org/fhir/name-use",
      "code": "maiden",
      "map": [
        {
          "codeSystem": "http://hl7.org/fhir/v2/0200",
          "code": "M",
          "equivalence": "equivalent"
        }
      ]
    }
  ]
}