{
  "resourceType": "ConceptMap",
  "id": "v3-name-use",
  "text": {
    "status": "generated",
    "div": "<div><h2>v3 map for NameUse (http://hl7.org/fhir/cm/v3/name-use)</h2><p>Mapping from <a href=\"name-use.html\">http://hl7.org/fhir/vs/name-use</a> to <a href=\"v3/EntityNameUseR2/index.html\">http://hl7.org/fhir/v3/vs/EntityNameUseR2</a></p><p>DRAFT. Published on Mar 23, 2015 11:56:59 PM by HL7 (FHIR Project) (<a href=\"http://hl7.org/fhir\">http://hl7.org/fhir</a>, <a href=\"mailto:fhir@lists.hl7.org\">fhir@lists.hl7.org</a>; ). </p><p>v3 Map (EntityNameUseR2)</p><br/><table class=\"grid\"><tr><td><b>Source Code</b></td><td><b>Equivalence</b></td><td><b>Destination Code</b></td></tr><tr><td>usual (Usual)</td><td>equal</td><td>C (customary)</td></tr><tr><td>official (Official)</td><td>equal</td><td>OR (official registry name)</td></tr><tr><td>temp (Temp)</td><td>equal</td><td>T (temporary)</td></tr><tr><td>nickname (Nickname)</td><td>equivalent</td><td>P (Other/Pseudonym/Alias)</td></tr><tr><td>anonymous (Anonymous)</td><td>equivalent</td><td>ANON (Anonymous)</td></tr><tr><td>old (Old)</td><td>equivalent</td><td>OLD (no longer in use)</td></tr><tr><td>maiden (Maiden)</td><td>equal</td><td>M (maiden name)</td></tr></table></div>"
  },
  "url": "http://hl7.org/fhir/cm/v3/name-use",
  "name": "v3 map for NameUse",
  "publisher": "HL7 (FHIR Project)",
  "contact": [
    {
      "telecom": [
        {
          "system": "url",
          "value": "http://hl7.org/fhir"
        },
        {
          "system": "email",
          "value": "fhir@lists.hl7.org"
        }
      ]
    }
  ],
  "description": "v3 Map (EntityNameUseR2)",
  "status": "draft",
  "date": "2015-03-23T23:56:59+00:00",
  "sourceReference": {
    "reference": "http://hl7.org/fhir/vs/name-use"
  },
  "targetReference": {
    "reference": "http://hl7.org/fhir/v3/vs/EntityNameUseR2"
  },
  "element": [
    {
      "codeSystem": "http://hl7.org/fhir/name-use",
      "code": "usual",
      "map": [
        {
          "codeSystem": "http://hl7.org/fhir/v3/EntityNameUseR2",
          "code": "C",
          "equivalence": "equal"
        }
      ]
    },
    {
      "codeSystem": "http://hl7.org/fhir/name-use",
      "code": "official",
      "map": [
        {
          "codeSystem": "http://hl7.org/fhir/v3/EntityNameUseR2",
          "code": "OR",
          "equivalence": "equal"
        }
      ]
    },
    {
      "codeSystem": "http://hl7.org/fhir/name-use",
      "code": "temp",
      "map": [
        {
          "codeSystem": "http://hl7.org/fhir/v3/EntityNameUseR2",
          "code": "T",
          "equivalence": "equal"
        }
      ]
    },
    {
      "codeSystem": "http://hl7.org/fhir/name-use",
      "code": "nickname",
      "map": [
        {
          "codeSystem": "http://hl7.org/fhir/v3/EntityNameUseR2",
          "code": "P",
          "equivalence": "equivalent"
        }
      ]
    },
    {
      "codeSystem": "http://hl7.org/fhir/name-use",
      "code": "anonymous",
      "map": [
        {
          "codeSystem": "http://hl7.org/fhir/v3/EntityNameUseR2",
          "code": "ANON",
          "equivalence": "equivalent"
        }
      ]
    },
    {
      "codeSystem": "http://hl7.org/fhir/name-use",
      "code": "old",
      "map": [
        {
          "codeSystem": "http://hl7.org/fhir/v3/EntityNameUseR2",
          "code": "OLD",
          "equivalence": "equivalent"
        }
      ]
    },
    {
      "codeSystem": "http://hl7.org/fhir/name-use",
      "code": "maiden",
      "map": [
        {
          "codeSystem": "http://hl7.org/fhir/v3/EntityNameUseR2",
          "code": "M",
          "equivalence": "equal"
        }
      ]
    }
  ]
}