{
  "resourceType": "ValueSet",
  "id": "namingsystem-type",
  "meta": {
    "lastUpdated": "2015-03-23T23:56:59.139+00:00",
    "profile": [
      "http://hl7.org/fhir/StructureDefinition/valueset-shareable-definition"
    ]
  },
  "text": {
    "status": "generated",
    "div": "<div><p>This value set contains 3 concepts</p><h2>NamingSystemType</h2><p>Identifies the purpose of the namingsystem</p><p>This value set defines its own terms in the system http://hl7.org/fhir/namingsystem-type</p><table class=\"codes\"><tr><td><b>Code</b></td><td><b>Display</b></td><td><b>Definition</b></td></tr><tr><td>codesystem<a name=\"codesystem\"> </a></td><td>Codesystem</td><td>The namingsystem is used to define concepts and symbols to represent those concepts.  E.g. UCUM, LOINC, NDC code, local lab codes, etc.</td></tr><tr><td>identifier<a name=\"identifier\"> </a></td><td>Identifier</td><td>The namingsystem is used to manage identifiers (e.g. license numbers, order numbers, etc.).</td></tr><tr><td>root<a name=\"root\"> </a></td><td>Root</td><td>The namingsystem is used as the root for other identifiers and namingsystems.</td></tr></table></div>"
  },
  "extension": [
    {
      "url": "http://hl7.org/fhir/StructureDefinition/valueset-oid",
      "valueUri": "urn:oid:2.16.840.1.113883.4.642.2.474"
    }
  ],
  "url": "http://hl7.org/fhir/vs/namingsystem-type",
  "version": "0.4.0",
  "name": "NamingSystemType",
  "publisher": "HL7 (FHIR Project)",
  "contact": [
    {
      "telecom": [
        {
          "system": "url",
          "value": "http://hl7.org/fhir"
        },
        {
          "system": "email",
          "value": "fhir@lists.hl7.org"
        }
      ]
    }
  ],
  "description": "Identifies the purpose of the namingsystem",
  "status": "draft",
  "experimental": false,
  "date": "2015-03-23T23:56:59+00:00",
  "define": {
    "extension": [
      {
        "url": "http://hl7.org/fhir/StructureDefinition/valueset-oid",
        "valueUri": "urn:oid:2.16.840.1.113883.4.642.1.474"
      }
    ],
    "system": "http://hl7.org/fhir/namingsystem-type",
    "caseSensitive": true,
    "concept": [
      {
        "code": "codesystem",
        "display": "Codesystem",
        "definition": "The namingsystem is used to define concepts and symbols to represent those concepts.  E.g. UCUM, LOINC, NDC code, local lab codes, etc."
      },
      {
        "code": "identifier",
        "display": "Identifier",
        "definition": "The namingsystem is used to manage identifiers (e.g. license numbers, order numbers, etc.)."
      },
      {
        "code": "root",
        "display": "Root",
        "definition": "The namingsystem is used as the root for other identifiers and namingsystems."
      }
    ]
  }
}