{
  "resourceType": "ValueSet",
  "id": "narrative-status",
  "meta": {
    "lastUpdated": "2015-03-23T23:56:59.139+00:00",
    "profile": [
      "http://hl7.org/fhir/StructureDefinition/valueset-shareable-definition"
    ]
  },
  "text": {
    "status": "generated",
    "div": "<div><p>This value set contains 4 concepts</p><h2>NarrativeStatus</h2><p>The status of a resource narrative</p><p>This value set defines its own terms in the system http://hl7.org/fhir/narrative-status</p><table class=\"codes\"><tr><td><b>Code</b></td><td><b>Display</b></td><td><b>Definition</b></td></tr><tr><td>generated<a name=\"generated\"> </a></td><td>Generated</td><td>The contents of the narrative are entirely generated from the structured data in the resource.</td></tr><tr><td>extensions<a name=\"extensions\"> </a></td><td>Extensions</td><td>The contents of the narrative are entirely generated from the structured data in the resource and some of the content is generated from extensions.</td></tr><tr><td>additional<a name=\"additional\"> </a></td><td>Additional</td><td>The contents of the narrative contain additional information not found in the structured data.</td></tr><tr><td>empty<a name=\"empty\"> </a></td><td>Empty</td><td>the contents of the narrative are some equivalent of &quot;No human-readable text provided for this resource&quot;.</td></tr></table></div>"
  },
  "extension": [
    {
      "url": "http://hl7.org/fhir/StructureDefinition/valueset-oid",
      "valueUri": "urn:oid:2.16.840.1.113883.4.642.2.28"
    }
  ],
  "url": "http://hl7.org/fhir/vs/narrative-status",
  "version": "0.4.0",
  "name": "NarrativeStatus",
  "publisher": "HL7 (FHIR Project)",
  "contact": [
    {
      "telecom": [
        {
          "system": "url",
          "value": "http://hl7.org/fhir"
        },
        {
          "system": "email",
          "value": "fhir@lists.hl7.org"
        }
      ]
    }
  ],
  "description": "The status of a resource narrative",
  "status": "draft",
  "experimental": false,
  "date": "2015-03-23T23:56:59+00:00",
  "define": {
    "extension": [
      {
        "url": "http://hl7.org/fhir/StructureDefinition/valueset-oid",
        "valueUri": "urn:oid:2.16.840.1.113883.4.642.1.28"
      }
    ],
    "system": "http://hl7.org/fhir/narrative-status",
    "caseSensitive": true,
    "concept": [
      {
        "code": "generated",
        "display": "Generated",
        "definition": "The contents of the narrative are entirely generated from the structured data in the resource."
      },
      {
        "code": "extensions",
        "display": "Extensions",
        "definition": "The contents of the narrative are entirely generated from the structured data in the resource and some of the content is generated from extensions."
      },
      {
        "code": "additional",
        "display": "Additional",
        "definition": "The contents of the narrative contain additional information not found in the structured data."
      },
      {
        "code": "empty",
        "display": "Empty",
        "definition": "the contents of the narrative are some equivalent of \"No human-readable text provided for this resource\"."
      }
    ]
  }
}