{
  "resourceType": "ValueSet",
  "id": "NT-link",
  "meta": {
    "lastUpdated": "2015-03-23T23:56:59.139+00:00",
    "profile": [
      "http://hl7.org/fhir/StructureDefinition/valueset-shareable-definition"
    ]
  },
  "text": {
    "status": "generated",
    "div": "<div><p>This value set contains 3 concepts</p><h2>NoteType</h2><p>The presentation types of notes</p><p>This value set defines its own terms in the system http://hl7.org/fhir/NT-link</p><table class=\"codes\"><tr><td><b>Code</b></td><td><b>Display</b></td><td><b>Definition</b></td></tr><tr><td>display<a name=\"display\"> </a></td><td>Display</td><td>Display the note.</td></tr><tr><td>print<a name=\"print\"> </a></td><td>Print</td><td>Print the note on the form.</td></tr><tr><td>printoper<a name=\"printoper\"> </a></td><td>Printoper</td><td>Print the note for the operator.</td></tr></table></div>"
  },
  "extension": [
    {
      "url": "http://hl7.org/fhir/StructureDefinition/valueset-oid",
      "valueUri": "urn:oid:2.16.840.1.113883.4.642.2.472"
    }
  ],
  "url": "http://hl7.org/fhir/vs/NT-link",
  "version": "0.4.0",
  "name": "NoteType",
  "publisher": "HL7 (FHIR Project)",
  "contact": [
    {
      "telecom": [
        {
          "system": "url",
          "value": "http://hl7.org/fhir"
        },
        {
          "system": "email",
          "value": "fhir@lists.hl7.org"
        }
      ]
    }
  ],
  "description": "The presentation types of notes",
  "status": "draft",
  "experimental": false,
  "date": "2015-03-23T23:56:59+00:00",
  "define": {
    "extension": [
      {
        "url": "http://hl7.org/fhir/StructureDefinition/valueset-oid",
        "valueUri": "urn:oid:2.16.840.1.113883.4.642.1.472"
      }
    ],
    "system": "http://hl7.org/fhir/NT-link",
    "caseSensitive": true,
    "concept": [
      {
        "code": "display",
        "display": "Display",
        "definition": "Display the note."
      },
      {
        "code": "print",
        "display": "Print",
        "definition": "Print the note on the form."
      },
      {
        "code": "printoper",
        "display": "Printoper",
        "definition": "Print the note for the operator."
      }
    ]
  }
}