{
  "resourceType": "ValueSet",
  "id": "nutrition-order-status",
  "meta": {
    "lastUpdated": "2015-03-23T23:56:59.139+00:00",
    "profile": [
      "http://hl7.org/fhir/StructureDefinition/valueset-shareable-definition"
    ]
  },
  "text": {
    "status": "generated",
    "div": "<div><p>This value set contains 8 concepts</p><h2>NutritionOrderStatus</h2><p>Codes specifying the state of the request. Describes the lifecycle of the nutrition order.</p><p>This value set defines its own terms in the system http://hl7.org/fhir/nutrition-order-status</p><table class=\"codes\"><tr><td><b>Code</b></td><td><b>Display</b></td><td><b>Definition</b></td></tr><tr><td>proposed<a name=\"proposed\"> </a></td><td>Proposed</td><td>The request has been proposed.</td></tr><tr><td>draft<a name=\"draft\"> </a></td><td>Draft</td><td>The request is in preliminary form prior to being sent.</td></tr><tr><td>planned<a name=\"planned\"> </a></td><td>Planned</td><td>The request has been planned.</td></tr><tr><td>requested<a name=\"requested\"> </a></td><td>Requested</td><td>The request has been placed.</td></tr><tr><td>active<a name=\"active\"> </a></td><td>Active</td><td>The request is 'actionable', but not all actions that are implied by it have occurred yet.</td></tr><tr><td>on-hold<a name=\"on-hold\"> </a></td><td>On-Hold</td><td>Actions implied by the request have been temporarily halted, but are expected to continue later. May also be called &quot;suspended&quot;.</td></tr><tr><td>completed<a name=\"completed\"> </a></td><td>Completed</td><td>All actions that are implied by the order have occurred and no continuation is planned (this will rarely be made explicit).</td></tr><tr><td>cancelled<a name=\"cancelled\"> </a></td><td>Cancelled</td><td>The request has been withdrawn and is no longer actionable.</td></tr></table></div>"
  },
  "extension": [
    {
      "url": "http://hl7.org/fhir/StructureDefinition/valueset-oid",
      "valueUri": "urn:oid:2.16.840.1.113883.4.642.2.415"
    }
  ],
  "url": "http://hl7.org/fhir/vs/nutrition-order-status",
  "version": "0.4.0",
  "name": "NutritionOrderStatus",
  "publisher": "HL7 (FHIR Project)",
  "contact": [
    {
      "telecom": [
        {
          "system": "url",
          "value": "http://hl7.org/fhir"
        },
        {
          "system": "email",
          "value": "fhir@lists.hl7.org"
        }
      ]
    }
  ],
  "description": "Codes specifying the state of the request. Describes the lifecycle of the nutrition order.",
  "status": "draft",
  "experimental": false,
  "date": "2015-03-23T23:56:59+00:00",
  "define": {
    "extension": [
      {
        "url": "http://hl7.org/fhir/StructureDefinition/valueset-oid",
        "valueUri": "urn:oid:2.16.840.1.113883.4.642.1.415"
      }
    ],
    "system": "http://hl7.org/fhir/nutrition-order-status",
    "caseSensitive": true,
    "concept": [
      {
        "code": "proposed",
        "display": "Proposed",
        "definition": "The request has been proposed."
      },
      {
        "code": "draft",
        "display": "Draft",
        "definition": "The request is in preliminary form prior to being sent."
      },
      {
        "code": "planned",
        "display": "Planned",
        "definition": "The request has been planned."
      },
      {
        "code": "requested",
        "display": "Requested",
        "definition": "The request has been placed."
      },
      {
        "code": "active",
        "display": "Active",
        "definition": "The request is 'actionable', but not all actions that are implied by it have occurred yet."
      },
      {
        "code": "on-hold",
        "display": "On-Hold",
        "definition": "Actions implied by the request have been temporarily halted, but are expected to continue later. May also be called \"suspended\"."
      },
      {
        "code": "completed",
        "display": "Completed",
        "definition": "All actions that are implied by the order have occurred and no continuation is planned (this will rarely be made explicit)."
      },
      {
        "code": "cancelled",
        "display": "Cancelled",
        "definition": "The request has been withdrawn and is no longer actionable."
      }
    ]
  }
}