{
  "resourceType": "ValueSet",
  "id": "object-type",
  "meta": {
    "lastUpdated": "2015-03-23T23:56:59.139+00:00",
    "profile": [
      "http://hl7.org/fhir/StructureDefinition/valueset-shareable-definition"
    ]
  },
  "text": {
    "status": "generated",
    "div": "<div><p>This value set contains 4 concepts</p><h2>AuditEventObjectType</h2><p>Code for the participant object type being audited</p><p>This value set defines its own terms in the system http://hl7.org/fhir/object-type</p><table class=\"codes\"><tr><td><b>Code</b></td><td><b>Display</b></td><td><b>Definition</b></td></tr><tr><td>1<a name=\"1\"> </a></td><td> </td><td>Person.</td></tr><tr><td>2<a name=\"2\"> </a></td><td> </td><td>System Object.</td></tr><tr><td>3<a name=\"3\"> </a></td><td> </td><td>Organization.</td></tr><tr><td>4<a name=\"4\"> </a></td><td> </td><td>Other.</td></tr></table></div>"
  },
  "extension": [
    {
      "url": "http://hl7.org/fhir/StructureDefinition/valueset-oid",
      "valueUri": "urn:oid:2.16.840.1.113883.4.642.2.1479"
    }
  ],
  "url": "http://hl7.org/fhir/vs/object-type",
  "version": "0.4.0",
  "name": "AuditEventObjectType",
  "publisher": "HL7 (FHIR Project)",
  "contact": [
    {
      "telecom": [
        {
          "system": "url",
          "value": "http://hl7.org/fhir"
        },
        {
          "system": "email",
          "value": "fhir@lists.hl7.org"
        }
      ]
    }
  ],
  "description": "Code for the participant object type being audited",
  "status": "draft",
  "experimental": false,
  "date": "2015-03-23T23:56:59+00:00",
  "define": {
    "extension": [
      {
        "url": "http://hl7.org/fhir/StructureDefinition/valueset-oid",
        "valueUri": "urn:oid:2.16.840.1.113883.4.642.1.1479"
      }
    ],
    "system": "http://hl7.org/fhir/object-type",
    "caseSensitive": true,
    "concept": [
      {
        "code": "1",
        "display": " ",
        "definition": "Person."
      },
      {
        "code": "2",
        "display": " ",
        "definition": "System Object."
      },
      {
        "code": "3",
        "display": " ",
        "definition": "Organization."
      },
      {
        "code": "4",
        "display": " ",
        "definition": "Other."
      }
    ]
  }
}