{
  "resourceType": "ConceptMap",
  "id": "v3-observation-relationshiptypes",
  "text": {
    "status": "generated",
    "div": "<div><h2>v3 map for ObservationRelationshipType (http://hl7.org/fhir/cm/v3/observation-relationshiptypes)</h2><p>Mapping from <a href=\"observation-relationshiptypes.html\">http://hl7.org/fhir/vs/observation-relationshiptypes</a> to <a href=\"v3/ActRelationshipType/index.html\">http://hl7.org/fhir/v3/vs/ActRelationshipType</a></p><p>DRAFT. Published on Mar 23, 2015 11:56:59 PM by HL7 (FHIR Project) (<a href=\"http://hl7.org/fhir\">http://hl7.org/fhir</a>, <a href=\"mailto:fhir@lists.hl7.org\">fhir@lists.hl7.org</a>; ). </p><p>v3 Map (ActRrelationshipType)</p><br/><table class=\"grid\"><tr><td><b>Source Code</b></td><td><b>Equivalence</b></td><td><b>Destination Code</b></td></tr><tr><td>has-component (Has Component)</td><td>equal</td><td>COMP</td></tr><tr><td>has-member (Has Member)</td><td>equal</td><td>MBR</td></tr><tr><td>derived-from (Derived From)</td><td>equal</td><td>DRIV</td></tr><tr><td>sequel-to (Sequel To)</td><td>equal</td><td>SEQL</td></tr><tr><td>replaces (Replaces)</td><td>equal</td><td>RPLC</td></tr><tr><td>qualified-by (Qualified By)</td><td>equal</td><td>QUALF</td></tr><tr><td>interfered-by (Interfered By)</td><td>equal</td><td>INTF</td></tr></table></div>"
  },
  "url": "http://hl7.org/fhir/cm/v3/observation-relationshiptypes",
  "name": "v3 map for ObservationRelationshipType",
  "publisher": "HL7 (FHIR Project)",
  "contact": [
    {
      "telecom": [
        {
          "system": "url",
          "value": "http://hl7.org/fhir"
        },
        {
          "system": "email",
          "value": "fhir@lists.hl7.org"
        }
      ]
    }
  ],
  "description": "v3 Map (ActRrelationshipType)",
  "status": "draft",
  "date": "2015-03-23T23:56:59+00:00",
  "sourceReference": {
    "reference": "http://hl7.org/fhir/vs/observation-relationshiptypes"
  },
  "targetReference": {
    "reference": "http://hl7.org/fhir/v3/vs/ActRelationshipType"
  },
  "element": [
    {
      "codeSystem": "http://hl7.org/fhir/observation-relationshiptypes",
      "code": "has-component",
      "map": [
        {
          "codeSystem": "http://hl7.org/fhir/v3/ActRrelationshipType",
          "code": "COMP",
          "equivalence": "equal"
        }
      ]
    },
    {
      "codeSystem": "http://hl7.org/fhir/observation-relationshiptypes",
      "code": "has-member",
      "map": [
        {
          "codeSystem": "http://hl7.org/fhir/v3/ActRrelationshipType",
          "code": "MBR",
          "equivalence": "equal"
        }
      ]
    },
    {
      "codeSystem": "http://hl7.org/fhir/observation-relationshiptypes",
      "code": "derived-from",
      "map": [
        {
          "codeSystem": "http://hl7.org/fhir/v3/ActRrelationshipType",
          "code": "DRIV",
          "equivalence": "equal"
        }
      ]
    },
    {
      "codeSystem": "http://hl7.org/fhir/observation-relationshiptypes",
      "code": "sequel-to",
      "map": [
        {
          "codeSystem": "http://hl7.org/fhir/v3/ActRrelationshipType",
          "code": "SEQL",
          "equivalence": "equal"
        }
      ]
    },
    {
      "codeSystem": "http://hl7.org/fhir/observation-relationshiptypes",
      "code": "replaces",
      "map": [
        {
          "codeSystem": "http://hl7.org/fhir/v3/ActRrelationshipType",
          "code": "RPLC",
          "equivalence": "equal"
        }
      ]
    },
    {
      "codeSystem": "http://hl7.org/fhir/observation-relationshiptypes",
      "code": "qualified-by",
      "map": [
        {
          "codeSystem": "http://hl7.org/fhir/v3/ActRrelationshipType",
          "code": "QUALF",
          "equivalence": "equal"
        }
      ]
    },
    {
      "codeSystem": "http://hl7.org/fhir/observation-relationshiptypes",
      "code": "interfered-by",
      "map": [
        {
          "codeSystem": "http://hl7.org/fhir/v3/ActRrelationshipType",
          "code": "INTF",
          "equivalence": "equal"
        }
      ]
    }
  ]
}