{
  "resourceType": "ValueSet",
  "id": "observation-relationshiptypes",
  "meta": {
    "lastUpdated": "2015-03-23T23:56:59.139+00:00",
    "profile": [
      "http://hl7.org/fhir/StructureDefinition/valueset-shareable-definition"
    ]
  },
  "text": {
    "status": "generated",
    "div": "<div><p>This value set contains 7 concepts</p><h2>ObservationRelationshipType</h2><p>Codes specifying how two observations are related</p><p>This value set defines its own terms in the system http://hl7.org/fhir/observation-relationshiptypes</p><table class=\"codes\"><tr><td><b>Code</b></td><td><b>Display</b></td><td><b>Definition</b></td><td><b><a href=\"v3/ActRelationshipType/index.html\">v3 Map (ActRrelationshipType)</a></b></td></tr><tr><td>has-component<a name=\"has-component\"> </a></td><td>Has Component</td><td>The target observation is a component of this observation (e.g. Systolic and Diastolic Blood Pressure).</td><td><span title=\"equal\">=</span><a href=\"v3/ActRelationshipType/index.html#COMP\">COMP</a></td></tr><tr><td>has-member<a name=\"has-member\"> </a></td><td>Has Member</td><td>This observation is a group observation (e.g. a battery, a panel of tests, a set of vital sign measurements) that includes the target as a member of the group.</td><td><span title=\"equal\">=</span><a href=\"v3/ActRelationshipType/index.html#MBR\">MBR</a></td></tr><tr><td>derived-from<a name=\"derived-from\"> </a></td><td>Derived From</td><td>The target observation is part of the information from which this observation value is derived (e.g. calculated anion gap, Apgar score).</td><td><span title=\"equal\">=</span><a href=\"v3/ActRelationshipType/index.html#DRIV\">DRIV</a></td></tr><tr><td>sequel-to<a name=\"sequel-to\"> </a></td><td>Sequel To</td><td>This observation follows the target observation (e.g. timed tests such as Glucose Tolerance Test).</td><td><span title=\"equal\">=</span><a href=\"v3/ActRelationshipType/index.html#SEQL\">SEQL</a></td></tr><tr><td>replaces<a name=\"replaces\"> </a></td><td>Replaces</td><td>This observation replaces a previous observation (i.e. a revised value). The target observation is now obsolete.</td><td><span title=\"equal\">=</span><a href=\"v3/ActRelationshipType/index.html#RPLC\">RPLC</a></td></tr><tr><td>qualified-by<a name=\"qualified-by\"> </a></td><td>Qualified By</td><td>The value of the target observation qualifies (refines) the semantics of the source observation (e.g. a lipaemia measure target from a plasma measure).</td><td><span title=\"equal\">=</span><a href=\"v3/ActRelationshipType/index.html#QUALF\">QUALF</a></td></tr><tr><td>interfered-by<a name=\"interfered-by\"> </a></td><td>Interfered By</td><td>The value of the target observation interferes (degardes quality, or prevents valid observation) with the semantics of the source observation (e.g. a hemolysis measure target from a plasma potassium measure which has no value).</td><td><span title=\"equal\">=</span><a href=\"v3/ActRelationshipType/index.html#INTF\">INTF</a></td></tr></table></div>"
  },
  "extension": [
    {
      "url": "http://hl7.org/fhir/StructureDefinition/valueset-oid",
      "valueUri": "urn:oid:2.16.840.1.113883.4.642.2.371"
    }
  ],
  "url": "http://hl7.org/fhir/vs/observation-relationshiptypes",
  "version": "0.4.0",
  "name": "ObservationRelationshipType",
  "publisher": "HL7 (FHIR Project)",
  "contact": [
    {
      "telecom": [
        {
          "system": "url",
          "value": "http://hl7.org/fhir"
        },
        {
          "system": "email",
          "value": "fhir@lists.hl7.org"
        }
      ]
    }
  ],
  "description": "Codes specifying how two observations are related",
  "status": "draft",
  "experimental": false,
  "date": "2015-03-23T23:56:59+00:00",
  "define": {
    "extension": [
      {
        "url": "http://hl7.org/fhir/StructureDefinition/valueset-oid",
        "valueUri": "urn:oid:2.16.840.1.113883.4.642.1.371"
      }
    ],
    "system": "http://hl7.org/fhir/observation-relationshiptypes",
    "caseSensitive": true,
    "concept": [
      {
        "code": "has-component",
        "display": "Has Component",
        "definition": "The target observation is a component of this observation (e.g. Systolic and Diastolic Blood Pressure)."
      },
      {
        "code": "has-member",
        "display": "Has Member",
        "definition": "This observation is a group observation (e.g. a battery, a panel of tests, a set of vital sign measurements) that includes the target as a member of the group."
      },
      {
        "code": "derived-from",
        "display": "Derived From",
        "definition": "The target observation is part of the information from which this observation value is derived (e.g. calculated anion gap, Apgar score)."
      },
      {
        "code": "sequel-to",
        "display": "Sequel To",
        "definition": "This observation follows the target observation (e.g. timed tests such as Glucose Tolerance Test)."
      },
      {
        "code": "replaces",
        "display": "Replaces",
        "definition": "This observation replaces a previous observation (i.e. a revised value). The target observation is now obsolete."
      },
      {
        "code": "qualified-by",
        "display": "Qualified By",
        "definition": "The value of the target observation qualifies (refines) the semantics of the source observation (e.g. a lipaemia measure target from a plasma measure)."
      },
      {
        "code": "interfered-by",
        "display": "Interfered By",
        "definition": "The value of the target observation interferes (degardes quality, or prevents valid observation) with the semantics of the source observation (e.g. a hemolysis measure target from a plasma potassium measure which has no value)."
      }
    ]
  }
}