{
  "resourceType": "ValueSet",
  "id": "observation-status",
  "meta": {
    "lastUpdated": "2015-03-23T23:56:59.139+00:00",
    "profile": [
      "http://hl7.org/fhir/StructureDefinition/valueset-shareable-definition"
    ]
  },
  "text": {
    "status": "generated",
    "div": "<div><p>This value set contains 7 concepts</p><h2>ObservationStatus</h2><p>Codes providing the status of an observation</p><p>This value set defines its own terms in the system http://hl7.org/fhir/observation-status</p><table class=\"codes\"><tr><td><b>Code</b></td><td><b>Display</b></td><td><b>Definition</b></td></tr><tr><td>registered<a name=\"registered\"> </a></td><td>Registered</td><td>The existence of the observation is registered, but there is no result yet available.</td></tr><tr><td>preliminary<a name=\"preliminary\"> </a></td><td>Preliminary</td><td>This is an initial or interim observation: data may be incomplete or unverified.</td></tr><tr><td>final<a name=\"final\"> </a></td><td>Final</td><td>The observation is complete and verified by an authorized person.</td></tr><tr><td>amended<a name=\"amended\"> </a></td><td>Amended</td><td>The observation has been modified subsequent to being Final, and is complete and verified by an authorized person.</td></tr><tr><td>cancelled<a name=\"cancelled\"> </a></td><td>Cancelled</td><td>The observation is unavailable because the measurement was not started or not completed (also sometimes called &quot;aborted&quot;).</td></tr><tr><td>entered-in-error<a name=\"entered-in-error\"> </a></td><td>Entered In Error</td><td>The observation has been withdrawn following previous Final release.</td></tr><tr><td>unknown<a name=\"unknown\"> </a></td><td>Unknown</td><td>The observation status is unknown.  Note that &quot;unknown&quot; is a value of last resort and every attempt should be made to provide a meaningful value other than &quot;unknown&quot;.</td></tr></table></div>"
  },
  "extension": [
    {
      "url": "http://hl7.org/fhir/StructureDefinition/valueset-oid",
      "valueUri": "urn:oid:2.16.840.1.113883.4.642.2.7"
    }
  ],
  "url": "http://hl7.org/fhir/vs/observation-status",
  "version": "0.4.0",
  "name": "ObservationStatus",
  "publisher": "HL7 (FHIR Project)",
  "contact": [
    {
      "telecom": [
        {
          "system": "url",
          "value": "http://hl7.org/fhir"
        },
        {
          "system": "email",
          "value": "fhir@lists.hl7.org"
        }
      ]
    }
  ],
  "description": "Codes providing the status of an observation",
  "status": "draft",
  "experimental": false,
  "date": "2015-03-23T23:56:59+00:00",
  "define": {
    "extension": [
      {
        "url": "http://hl7.org/fhir/StructureDefinition/valueset-oid",
        "valueUri": "urn:oid:2.16.840.1.113883.4.642.1.7"
      }
    ],
    "system": "http://hl7.org/fhir/observation-status",
    "caseSensitive": true,
    "concept": [
      {
        "code": "registered",
        "display": "Registered",
        "definition": "The existence of the observation is registered, but there is no result yet available."
      },
      {
        "code": "preliminary",
        "display": "Preliminary",
        "definition": "This is an initial or interim observation: data may be incomplete or unverified."
      },
      {
        "code": "final",
        "display": "Final",
        "definition": "The observation is complete and verified by an authorized person."
      },
      {
        "code": "amended",
        "display": "Amended",
        "definition": "The observation has been modified subsequent to being Final, and is complete and verified by an authorized person."
      },
      {
        "code": "cancelled",
        "display": "Cancelled",
        "definition": "The observation is unavailable because the measurement was not started or not completed (also sometimes called \"aborted\")."
      },
      {
        "code": "entered-in-error",
        "display": "Entered In Error",
        "definition": "The observation has been withdrawn following previous Final release."
      },
      {
        "code": "unknown",
        "display": "Unknown",
        "definition": "The observation status is unknown.  Note that \"unknown\" is a value of last resort and every attempt should be made to provide a meaningful value other than \"unknown\"."
      }
    ]
  }
}