{
  "resourceType": "ValueSet",
  "id": "operation-definition-parameter-type",
  "meta": {
    "lastUpdated": "2015-03-23T23:56:59.139+00:00",
    "profile": [
      "http://hl7.org/fhir/StructureDefinition/valueset-shareable-definition"
    ]
  },
  "text": {
    "status": "generated",
    "div": "<div><p>This value set contains 0 concepts</p><h2>Parameter Types used in Operation Definitions</h2><p>Parameter Types used in Operation Definitions</p><p><b>Copyright Statement:</b> Copyright HL7 Inc</p><p>This value set includes codes defined in other code systems, using the following rules:</p><ul><li>Import all the codes that are part of <a href=\"search-param-type.html\">http://hl7.org/fhir/vs/search-param-type</a></li><li>Import all the codes that are part of <a href=\"defined-types.html\">http://hl7.org/fhir/vs/defined-types</a></li></ul></div>"
  },
  "extension": [
    {
      "url": "http://hl7.org/fhir/StructureDefinition/valueset-oid",
      "valueUri": "urn:oid:2.16.840.1.113883.4.642.2.410"
    }
  ],
  "url": "http://hl7.org/fhir/vs/operation-definition-parameter-type",
  "version": "0.4.0",
  "name": "Parameter Types used in Operation Definitions",
  "publisher": "HL7, Inc. FHIR project",
  "description": "Parameter Types used in Operation Definitions",
  "copyright": "Copyright HL7 Inc",
  "status": "draft",
  "experimental": false,
  "extensible": false,
  "date": "2014-07-22",
  "compose": {
    "import": [
      "http://hl7.org/fhir/vs/search-param-type",
      "http://hl7.org/fhir/vs/defined-types"
    ]
  }
}