{
  "resourceType": "ValueSet",
  "id": "operation-kind",
  "meta": {
    "lastUpdated": "2015-03-23T23:56:59.139+00:00",
    "profile": [
      "http://hl7.org/fhir/StructureDefinition/valueset-shareable-definition"
    ]
  },
  "text": {
    "status": "generated",
    "div": "<div><p>This value set contains 2 concepts</p><h2>OperationKind</h2><p>Whether an operation is a normal operation or a query</p><p>This value set defines its own terms in the system http://hl7.org/fhir/operation-kind</p><table class=\"codes\"><tr><td><b>Code</b></td><td><b>Display</b></td><td><b>Definition</b></td></tr><tr><td>operation<a name=\"operation\"> </a></td><td>Operation</td><td>This operation is invoked as an operation.</td></tr><tr><td>query<a name=\"query\"> </a></td><td>Query</td><td>This operation is a named query, invoked using the search mechanism.</td></tr></table></div>"
  },
  "extension": [
    {
      "url": "http://hl7.org/fhir/StructureDefinition/valueset-oid",
      "valueUri": "urn:oid:2.16.840.1.113883.4.642.2.408"
    }
  ],
  "url": "http://hl7.org/fhir/vs/operation-kind",
  "version": "0.4.0",
  "name": "OperationKind",
  "publisher": "HL7 (FHIR Project)",
  "contact": [
    {
      "telecom": [
        {
          "system": "url",
          "value": "http://hl7.org/fhir"
        },
        {
          "system": "email",
          "value": "fhir@lists.hl7.org"
        }
      ]
    }
  ],
  "description": "Whether an operation is a normal operation or a query",
  "status": "draft",
  "experimental": false,
  "date": "2015-03-23T23:56:59+00:00",
  "define": {
    "extension": [
      {
        "url": "http://hl7.org/fhir/StructureDefinition/valueset-oid",
        "valueUri": "urn:oid:2.16.840.1.113883.4.642.1.408"
      }
    ],
    "system": "http://hl7.org/fhir/operation-kind",
    "caseSensitive": true,
    "concept": [
      {
        "code": "operation",
        "display": "Operation",
        "definition": "This operation is invoked as an operation."
      },
      {
        "code": "query",
        "display": "Query",
        "definition": "This operation is a named query, invoked using the search mechanism."
      }
    ]
  }
}