{
  "resourceType": "ValueSet",
  "id": "participationstatus",
  "meta": {
    "lastUpdated": "2015-03-23T23:56:59.139+00:00",
    "profile": [
      "http://hl7.org/fhir/StructureDefinition/valueset-shareable-definition"
    ]
  },
  "text": {
    "status": "generated",
    "div": "<div><p>This value set contains 4 concepts</p><h2>ParticipationStatus</h2><p>The Participation status of an appointment</p><p>This value set defines its own terms in the system http://hl7.org/fhir/participationstatus</p><table class=\"codes\"><tr><td><b>Code</b></td><td><b>Display</b></td><td><b>Definition</b></td></tr><tr><td>accepted<a name=\"accepted\"> </a></td><td>Accepted</td><td>The participant has accepted the appointment.</td></tr><tr><td>declined<a name=\"declined\"> </a></td><td>Declined</td><td>The participant has declined the appointment and will not participate in the appointment.</td></tr><tr><td>tentative<a name=\"tentative\"> </a></td><td>Tentative</td><td>The participant has  tentatively accepted the appointment. This could be automatically created by a system and requires further processing before it can be accepted. There is no commitment that attendance will occur.</td></tr><tr><td>needs-action<a name=\"needs-action\"> </a></td><td>Needs Action</td><td>The participant needs to indicate if they accept the appointment by changing this status to one of the other statuses.</td></tr></table></div>"
  },
  "extension": [
    {
      "url": "http://hl7.org/fhir/StructureDefinition/valueset-oid",
      "valueUri": "urn:oid:2.16.840.1.113883.4.642.2.361"
    }
  ],
  "url": "http://hl7.org/fhir/vs/participationstatus",
  "version": "0.4.0",
  "name": "ParticipationStatus",
  "publisher": "HL7 (FHIR Project)",
  "contact": [
    {
      "telecom": [
        {
          "system": "url",
          "value": "http://hl7.org/fhir"
        },
        {
          "system": "email",
          "value": "fhir@lists.hl7.org"
        }
      ]
    }
  ],
  "description": "The Participation status of an appointment",
  "status": "draft",
  "experimental": false,
  "date": "2015-03-23T23:56:59+00:00",
  "define": {
    "extension": [
      {
        "url": "http://hl7.org/fhir/StructureDefinition/valueset-oid",
        "valueUri": "urn:oid:2.16.840.1.113883.4.642.1.361"
      }
    ],
    "system": "http://hl7.org/fhir/participationstatus",
    "caseSensitive": true,
    "concept": [
      {
        "code": "accepted",
        "display": "Accepted",
        "definition": "The participant has accepted the appointment."
      },
      {
        "code": "declined",
        "display": "Declined",
        "definition": "The participant has declined the appointment and will not participate in the appointment."
      },
      {
        "code": "tentative",
        "display": "Tentative",
        "definition": "The participant has  tentatively accepted the appointment. This could be automatically created by a system and requires further processing before it can be accepted. There is no commitment that attendance will occur."
      },
      {
        "code": "needs-action",
        "display": "Needs Action",
        "definition": "The participant needs to indicate if they accept the appointment by changing this status to one of the other statuses."
      }
    ]
  }
}