{
  "resourceType": "ValueSet",
  "id": "participantrequired",
  "meta": {
    "lastUpdated": "2015-03-23T23:56:59.139+00:00",
    "profile": [
      "http://hl7.org/fhir/StructureDefinition/valueset-shareable-definition"
    ]
  },
  "text": {
    "status": "generated",
    "div": "<div><p>This value set contains 3 concepts</p><h2>ParticipantRequired</h2><p>Is the Participant required to attend the appointment</p><p>This value set defines its own terms in the system http://hl7.org/fhir/participantrequired</p><table class=\"codes\"><tr><td><b>Code</b></td><td><b>Display</b></td><td><b>Definition</b></td></tr><tr><td>required<a name=\"required\"> </a></td><td>Required</td><td>The participant is required to attend the appointment.</td></tr><tr><td>optional<a name=\"optional\"> </a></td><td>Optional</td><td>The participant may optionally attend the appointment.</td></tr><tr><td>information-only<a name=\"information-only\"> </a></td><td>Information Only</td><td>The participant is excluded from the appointment, and may not be informed of the appointment taking place. (appointment is about them, not for them - such as 2 doctors discussing results about a patient's test).</td></tr></table></div>"
  },
  "extension": [
    {
      "url": "http://hl7.org/fhir/StructureDefinition/valueset-oid",
      "valueUri": "urn:oid:2.16.840.1.113883.4.642.2.362"
    }
  ],
  "url": "http://hl7.org/fhir/vs/participantrequired",
  "version": "0.4.0",
  "name": "ParticipantRequired",
  "publisher": "HL7 (FHIR Project)",
  "contact": [
    {
      "telecom": [
        {
          "system": "url",
          "value": "http://hl7.org/fhir"
        },
        {
          "system": "email",
          "value": "fhir@lists.hl7.org"
        }
      ]
    }
  ],
  "description": "Is the Participant required to attend the appointment",
  "status": "draft",
  "experimental": false,
  "date": "2015-03-23T23:56:59+00:00",
  "define": {
    "extension": [
      {
        "url": "http://hl7.org/fhir/StructureDefinition/valueset-oid",
        "valueUri": "urn:oid:2.16.840.1.113883.4.642.1.362"
      }
    ],
    "system": "http://hl7.org/fhir/participantrequired",
    "caseSensitive": true,
    "concept": [
      {
        "code": "required",
        "display": "Required",
        "definition": "The participant is required to attend the appointment."
      },
      {
        "code": "optional",
        "display": "Optional",
        "definition": "The participant may optionally attend the appointment."
      },
      {
        "code": "information-only",
        "display": "Information Only",
        "definition": "The participant is excluded from the appointment, and may not be informed of the appointment taking place. (appointment is about them, not for them - such as 2 doctors discussing results about a patient's test)."
      }
    ]
  }
}