{
  "resourceType": "ValueSet",
  "id": "procedure-relationship-type",
  "meta": {
    "lastUpdated": "2015-03-23T23:56:59.139+00:00",
    "profile": [
      "http://hl7.org/fhir/StructureDefinition/valueset-shareable-definition"
    ]
  },
  "text": {
    "status": "generated",
    "div": "<div><p>This value set contains 2 concepts</p><h2>ProcedureRelationshipType</h2><p>The nature of the relationship with this procedure</p><p>This value set defines its own terms in the system http://hl7.org/fhir/procedure-relationship-type</p><table class=\"codes\"><tr><td><b>Code</b></td><td><b>Display</b></td><td><b>Definition</b></td></tr><tr><td>caused-by<a name=\"caused-by\"> </a></td><td>Caused By</td><td>This procedure had to be performed because of the related one.</td></tr><tr><td>because-of<a name=\"because-of\"> </a></td><td>Because Of</td><td>This procedure caused the related one to be performed.</td></tr></table></div>"
  },
  "extension": [
    {
      "url": "http://hl7.org/fhir/StructureDefinition/valueset-oid",
      "valueUri": "urn:oid:2.16.840.1.113883.4.642.2.136"
    }
  ],
  "url": "http://hl7.org/fhir/vs/procedure-relationship-type",
  "version": "0.4.0",
  "name": "ProcedureRelationshipType",
  "publisher": "HL7 (FHIR Project)",
  "contact": [
    {
      "telecom": [
        {
          "system": "url",
          "value": "http://hl7.org/fhir"
        },
        {
          "system": "email",
          "value": "fhir@lists.hl7.org"
        }
      ]
    }
  ],
  "description": "The nature of the relationship with this procedure",
  "status": "draft",
  "experimental": false,
  "date": "2015-03-23T23:56:59+00:00",
  "define": {
    "extension": [
      {
        "url": "http://hl7.org/fhir/StructureDefinition/valueset-oid",
        "valueUri": "urn:oid:2.16.840.1.113883.4.642.1.136"
      }
    ],
    "system": "http://hl7.org/fhir/procedure-relationship-type",
    "caseSensitive": true,
    "concept": [
      {
        "code": "caused-by",
        "display": "Caused By",
        "definition": "This procedure had to be performed because of the related one."
      },
      {
        "code": "because-of",
        "display": "Because Of",
        "definition": "This procedure caused the related one to be performed."
      }
    ]
  }
}