{
  "resourceType": "ValueSet",
  "id": "property-representation",
  "meta": {
    "lastUpdated": "2015-03-23T23:56:59.139+00:00",
    "profile": [
      "http://hl7.org/fhir/StructureDefinition/valueset-shareable-definition"
    ]
  },
  "text": {
    "status": "generated",
    "div": "<div><p>This value set contains 1 concepts</p><h2>PropertyRepresentation</h2><p>How a property is represented on the wire</p><p>This value set defines its own terms in the system http://hl7.org/fhir/property-representation</p><table class=\"codes\"><tr><td><b>Code</b></td><td><b>Display</b></td><td><b>Definition</b></td></tr><tr><td>xmlAttr<a name=\"xmlAttr\"> </a></td><td>Xml Attr</td><td>In XML, this property is represented as an attribute not an element.</td></tr></table></div>"
  },
  "extension": [
    {
      "url": "http://hl7.org/fhir/StructureDefinition/valueset-oid",
      "valueUri": "urn:oid:2.16.840.1.113883.4.642.2.339"
    }
  ],
  "url": "http://hl7.org/fhir/vs/property-representation",
  "version": "0.4.0",
  "name": "PropertyRepresentation",
  "publisher": "HL7 (FHIR Project)",
  "contact": [
    {
      "telecom": [
        {
          "system": "url",
          "value": "http://hl7.org/fhir"
        },
        {
          "system": "email",
          "value": "fhir@lists.hl7.org"
        }
      ]
    }
  ],
  "description": "How a property is represented on the wire",
  "status": "draft",
  "experimental": false,
  "date": "2015-03-23T23:56:59+00:00",
  "define": {
    "extension": [
      {
        "url": "http://hl7.org/fhir/StructureDefinition/valueset-oid",
        "valueUri": "urn:oid:2.16.840.1.113883.4.642.1.339"
      }
    ],
    "system": "http://hl7.org/fhir/property-representation",
    "caseSensitive": true,
    "concept": [
      {
        "code": "xmlAttr",
        "display": "Xml Attr",
        "definition": "In XML, this property is represented as an attribute not an element."
      }
    ]
  }
}