{
  "resourceType": "ValueSet",
  "id": "quantity-comparator",
  "meta": {
    "lastUpdated": "2015-03-23T23:56:59.139+00:00",
    "profile": [
      "http://hl7.org/fhir/StructureDefinition/valueset-shareable-definition"
    ]
  },
  "text": {
    "status": "generated",
    "div": "<div><p>This value set contains 4 concepts</p><h2>QuantityComparator</h2><p>How the Quantity should be understood and represented</p><p>This value set defines its own terms in the system http://hl7.org/fhir/quantity-comparator</p><table class=\"codes\"><tr><td><b>Code</b></td><td><b>Display</b></td><td><b>Definition</b></td></tr><tr><td>&lt;<a name=\".60\"> </a></td><td> </td><td>The actual value is less than the given value.</td></tr><tr><td>&lt;=<a name=\".60.61\"> </a></td><td>  </td><td>The actual value is less than or equal to the given value.</td></tr><tr><td>&gt;=<a name=\".62.61\"> </a></td><td>  </td><td>The actual value is greater than or equal to the given value.</td></tr><tr><td>&gt;<a name=\".62\"> </a></td><td> </td><td>The actual value is greater than the given value.</td></tr></table></div>"
  },
  "extension": [
    {
      "url": "http://hl7.org/fhir/StructureDefinition/valueset-oid",
      "valueUri": "urn:oid:2.16.840.1.113883.4.642.2.445"
    }
  ],
  "url": "http://hl7.org/fhir/vs/quantity-comparator",
  "version": "0.4.0",
  "name": "QuantityComparator",
  "publisher": "HL7 (FHIR Project)",
  "contact": [
    {
      "telecom": [
        {
          "system": "url",
          "value": "http://hl7.org/fhir"
        },
        {
          "system": "email",
          "value": "fhir@lists.hl7.org"
        }
      ]
    }
  ],
  "description": "How the Quantity should be understood and represented",
  "status": "draft",
  "experimental": false,
  "date": "2015-03-23T23:56:59+00:00",
  "define": {
    "extension": [
      {
        "url": "http://hl7.org/fhir/StructureDefinition/valueset-oid",
        "valueUri": "urn:oid:2.16.840.1.113883.4.642.1.445"
      }
    ],
    "system": "http://hl7.org/fhir/quantity-comparator",
    "caseSensitive": true,
    "concept": [
      {
        "code": "<",
        "display": " ",
        "definition": "The actual value is less than the given value."
      },
      {
        "code": "<=",
        "display": "  ",
        "definition": "The actual value is less than or equal to the given value."
      },
      {
        "code": ">=",
        "display": "  ",
        "definition": "The actual value is greater than or equal to the given value."
      },
      {
        "code": ">",
        "display": " ",
        "definition": "The actual value is greater than the given value."
      }
    ]
  }
}