{
  "resourceType": "ValueSet",
  "id": "reaction-event-certainty",
  "meta": {
    "lastUpdated": "2015-03-23T23:56:59.139+00:00",
    "profile": [
      "http://hl7.org/fhir/StructureDefinition/valueset-shareable-definition"
    ]
  },
  "text": {
    "status": "generated",
    "div": "<div><p>This value set contains 3 concepts</p><h2>AllergyIntoleranceCertainty</h2><p>Statement about the degree of clinical certainty that a Specific Substance was the cause of the Manifestation in an reaction event</p><p>This value set defines its own terms in the system http://hl7.org/fhir/reaction-event-certainty</p><table class=\"codes\"><tr><td><b>Code</b></td><td><b>Display</b></td><td><b>Definition</b></td></tr><tr><td>unlikely<a name=\"unlikely\"> </a></td><td>Unlikely</td><td>There is a low level of clinical certainty that the reaction was caused by the identified Substance.</td></tr><tr><td>likely<a name=\"likely\"> </a></td><td>Likely</td><td>There is a high level of clinical certainty that the reaction was caused by the identified Substance.</td></tr><tr><td>confirmed<a name=\"confirmed\"> </a></td><td>Confirmed</td><td>There is a very high level of clinical certainty that the reaction was due to the identified Substance, which may include clinical evidence by testing or rechallenge.</td></tr></table></div>"
  },
  "extension": [
    {
      "url": "http://hl7.org/fhir/StructureDefinition/valueset-oid",
      "valueUri": "urn:oid:2.16.840.1.113883.4.642.2.482"
    }
  ],
  "url": "http://hl7.org/fhir/vs/reaction-event-certainty",
  "version": "0.4.0",
  "name": "AllergyIntoleranceCertainty",
  "publisher": "HL7 (FHIR Project)",
  "contact": [
    {
      "telecom": [
        {
          "system": "url",
          "value": "http://hl7.org/fhir"
        },
        {
          "system": "email",
          "value": "fhir@lists.hl7.org"
        }
      ]
    }
  ],
  "description": "Statement about the degree of clinical certainty that a Specific Substance was the cause of the Manifestation in an reaction event",
  "status": "draft",
  "experimental": false,
  "date": "2015-03-23T23:56:59+00:00",
  "define": {
    "extension": [
      {
        "url": "http://hl7.org/fhir/StructureDefinition/valueset-oid",
        "valueUri": "urn:oid:2.16.840.1.113883.4.642.1.482"
      }
    ],
    "system": "http://hl7.org/fhir/reaction-event-certainty",
    "caseSensitive": true,
    "concept": [
      {
        "code": "unlikely",
        "display": "Unlikely",
        "definition": "There is a low level of clinical certainty that the reaction was caused by the identified Substance."
      },
      {
        "code": "likely",
        "display": "Likely",
        "definition": "There is a high level of clinical certainty that the reaction was caused by the identified Substance."
      },
      {
        "code": "confirmed",
        "display": "Confirmed",
        "definition": "There is a very high level of clinical certainty that the reaction was due to the identified Substance, which may include clinical evidence by testing or rechallenge."
      }
    ]
  }
}