{
  "resourceType": "ValueSet",
  "id": "resource-aggregation-mode",
  "meta": {
    "lastUpdated": "2015-03-23T23:56:59.139+00:00",
    "profile": [
      "http://hl7.org/fhir/StructureDefinition/valueset-shareable-definition"
    ]
  },
  "text": {
    "status": "generated",
    "div": "<div><p>This value set contains 3 concepts</p><h2>AggregationMode</h2><p>How resource references can be aggregated</p><p>This value set defines its own terms in the system http://hl7.org/fhir/resource-aggregation-mode</p><table class=\"codes\"><tr><td><b>Lvl</b></td><td><b>Code</b></td><td><b>Display</b></td><td><b>Definition</b></td></tr><tr><td>1</td><td>contained<a name=\"contained\"> </a></td><td>Contained</td><td>The reference is a local reference to a contained resource.</td></tr><tr><td>1</td><td>referenced<a name=\"referenced\"> </a></td><td>Referenced</td><td>The reference to a resource that has to be resolved externally to the resource that includes the reference.</td></tr><tr><td>2</td><td>&nbsp;&nbsp;bundled<a name=\"bundled\"> </a></td><td>Bundled</td><td>The resource the reference points to will be found in the same bundle as the resource that includes the reference.</td></tr></table></div>"
  },
  "extension": [
    {
      "url": "http://hl7.org/fhir/StructureDefinition/valueset-oid",
      "valueUri": "urn:oid:2.16.840.1.113883.4.642.2.310"
    }
  ],
  "url": "http://hl7.org/fhir/vs/resource-aggregation-mode",
  "version": "0.4.0",
  "name": "AggregationMode",
  "publisher": "HL7 (FHIR Project)",
  "contact": [
    {
      "telecom": [
        {
          "system": "url",
          "value": "http://hl7.org/fhir"
        },
        {
          "system": "email",
          "value": "fhir@lists.hl7.org"
        }
      ]
    }
  ],
  "description": "How resource references can be aggregated",
  "status": "draft",
  "experimental": false,
  "date": "2015-03-23T23:56:59+00:00",
  "define": {
    "extension": [
      {
        "url": "http://hl7.org/fhir/StructureDefinition/valueset-oid",
        "valueUri": "urn:oid:2.16.840.1.113883.4.642.1.310"
      }
    ],
    "system": "http://hl7.org/fhir/resource-aggregation-mode",
    "caseSensitive": true,
    "concept": [
      {
        "code": "contained",
        "display": "Contained",
        "definition": "The reference is a local reference to a contained resource."
      },
      {
        "code": "referenced",
        "display": "Referenced",
        "definition": "The reference to a resource that has to be resolved externally to the resource that includes the reference.",
        "concept": [
          {
            "code": "bundled",
            "display": "Bundled",
            "definition": "The resource the reference points to will be found in the same bundle as the resource that includes the reference."
          }
        ]
      }
    ]
  }
}