{
  "resourceType": "ValueSet",
  "id": "resource-slicing-rules",
  "meta": {
    "lastUpdated": "2015-03-23T23:56:59.139+00:00",
    "profile": [
      "http://hl7.org/fhir/StructureDefinition/valueset-shareable-definition"
    ]
  },
  "text": {
    "status": "generated",
    "div": "<div><p>This value set contains 3 concepts</p><h2>SlicingRules</h2><p>How slices are interpreted when evaluating an instance</p><p>This value set defines its own terms in the system http://hl7.org/fhir/resource-slicing-rules</p><table class=\"codes\"><tr><td><b>Code</b></td><td><b>Display</b></td><td><b>Definition</b></td></tr><tr><td>closed<a name=\"closed\"> </a></td><td>Closed</td><td>No additional content is allowed other than that described by the slices in this profile.</td></tr><tr><td>open<a name=\"open\"> </a></td><td>Open</td><td>Additional content is allowed anywhere in the list.</td></tr><tr><td>openAtEnd<a name=\"openAtEnd\"> </a></td><td>Open At End</td><td>Additional content is allowed, but only at the end of the list. Note that using this requires that the slices be ordered, which makes it hard to share uses. This should only be done where absolutely required.</td></tr></table></div>"
  },
  "extension": [
    {
      "url": "http://hl7.org/fhir/StructureDefinition/valueset-oid",
      "valueUri": "urn:oid:2.16.840.1.113883.4.642.2.265"
    }
  ],
  "url": "http://hl7.org/fhir/vs/resource-slicing-rules",
  "version": "0.4.0",
  "name": "SlicingRules",
  "publisher": "HL7 (FHIR Project)",
  "contact": [
    {
      "telecom": [
        {
          "system": "url",
          "value": "http://hl7.org/fhir"
        },
        {
          "system": "email",
          "value": "fhir@lists.hl7.org"
        }
      ]
    }
  ],
  "description": "How slices are interpreted when evaluating an instance",
  "status": "draft",
  "experimental": false,
  "date": "2015-03-23T23:56:59+00:00",
  "define": {
    "extension": [
      {
        "url": "http://hl7.org/fhir/StructureDefinition/valueset-oid",
        "valueUri": "urn:oid:2.16.840.1.113883.4.642.1.265"
      }
    ],
    "system": "http://hl7.org/fhir/resource-slicing-rules",
    "caseSensitive": true,
    "concept": [
      {
        "code": "closed",
        "display": "Closed",
        "definition": "No additional content is allowed other than that described by the slices in this profile."
      },
      {
        "code": "open",
        "display": "Open",
        "definition": "Additional content is allowed anywhere in the list."
      },
      {
        "code": "openAtEnd",
        "display": "Open At End",
        "definition": "Additional content is allowed, but only at the end of the list. Note that using this requires that the slices be ordered, which makes it hard to share uses. This should only be done where absolutely required."
      }
    ]
  }
}