{
  "resourceType": "ValueSet",
  "id": "resource-types",
  "meta": {
    "lastUpdated": "2015-03-23T23:56:59.139+00:00",
    "profile": [
      "http://hl7.org/fhir/StructureDefinition/valueset-shareable-definition"
    ]
  },
  "text": {
    "status": "generated",
    "div": "<div><p>This value set contains 92 concepts</p><h2>ResourceType</h2><p>One of the resource types defined as part of FHIR</p><p>This value set defines its own terms in the system http://hl7.org/fhir/resource-types</p><table class=\"codes\"><tr><td><b>Code</b></td><td><b>Definition</b></td></tr><tr><td>Alert<a name=\"Alert\"> </a></td><td>Prospective warnings of potential issues when providing care to the patient.</td></tr><tr><td>AllergyIntolerance<a name=\"AllergyIntolerance\"> </a></td><td>Risk of harmful or undesirable, physiological response which is unique to an individual and associated with exposure to a substance.</td></tr><tr><td>Appointment<a name=\"Appointment\"> </a></td><td>A booking of a healthcare event among patient(s), practitioner(s), related person(s) and/or device(s) for a specific date/time. This may result in one or more Encounter(s).</td></tr><tr><td>AppointmentResponse<a name=\"AppointmentResponse\"> </a></td><td>A reply to an appointment request for a patient and/or practitioner(s), such as a confirmation or rejection.</td></tr><tr><td>AuditEvent<a name=\"AuditEvent\"> </a></td><td>A record of an event made for purposes of maintaining a security log. Typical uses include detection of intrusion attempts and monitoring for inappropriate usage.</td></tr><tr><td>Basic<a name=\"Basic\"> </a></td><td>Basic is used for handling concepts not yet defined in FHIR, narrative-only resources that don't map to an existing resource, and custom resources not appropriate for inclusion in the FHIR specification.</td></tr><tr><td>Binary<a name=\"Binary\"> </a></td><td>A binary resource can contain any content, whether text, image, pdf, zip archive, etc.</td></tr><tr><td>BodySite<a name=\"BodySite\"> </a></td><td>Record details about the anatomical location of a specimen or body part, including precise localisation information.  This resource may be used when a coded concept does not provide the necessary detail needed for the use case.</td></tr><tr><td>Bundle<a name=\"Bundle\"> </a></td><td>A container for a collection of resources.</td></tr><tr><td>CarePlan<a name=\"CarePlan\"> </a></td><td>Describes the intention of how one or more practitioners intend to deliver care for a particular patient for a period of time, possibly limited to care for a specific condition or set of conditions.</td></tr><tr><td>CarePlan2<a name=\"CarePlan2\"> </a></td><td>Describes the intention of how one or more practitioners intend to deliver care for a particular patient for a period of time, possibly limited to care for a specific condition or set of conditions.</td></tr><tr><td>Claim<a name=\"Claim\"> </a></td><td>A provider issued list of services and products provided, or to be provided, to a patient which is provided to an insurer for payment recovery.</td></tr><tr><td>ClaimResponse<a name=\"ClaimResponse\"> </a></td><td>This resource provides the adjudication details from the processing of a Claim resource.</td></tr><tr><td>ClinicalImpression<a name=\"ClinicalImpression\"> </a></td><td>A record of a clinical assessment performed to determine what problem(s) may affect the patient and before planning the treatments or management strategies that are best to manage a patient's condition. Assessments are often 1:1 with a clinical consultation / encounter,  but this varies greatly depending on the clinical workflow. This resource is called &quot;ClinicalImpression&quot; rather than &quot;ClinicalAssessment&quot; to avoid confusion with the recording of assessment tools such as Apgar score.</td></tr><tr><td>Communication<a name=\"Communication\"> </a></td><td>An occurrence of information being transmitted. E.g., an alert that was sent to a responsible provider, a public health agency was notified about a reportable condition.</td></tr><tr><td>CommunicationRequest<a name=\"CommunicationRequest\"> </a></td><td>A request to convey information. E.g., the CDS system proposes that an alert be sent to a responsible provider, the CDS system proposes that the public health agency be notified about a reportable condition.</td></tr><tr><td>Composition<a name=\"Composition\"> </a></td><td>A set of healthcare-related information that is assembled together into a single logical document that provides a single coherent statement of meaning, establishes its own context and that has clinical attestation with regard to who is making the statement.</td></tr><tr><td>ConceptMap<a name=\"ConceptMap\"> </a></td><td>A statement of relationships from one set of concepts to one or more other concepts - either code systems or data elements, or classes in class models.</td></tr><tr><td>Condition<a name=\"Condition\"> </a></td><td>Use to record detailed information about conditions, problems or diagnoses recognized by a clinician. There are many uses including: recording a Diagnosis during an Encounter; populating a problem List or a Summary Statement, such as a Discharge Summary.</td></tr><tr><td>Conformance<a name=\"Conformance\"> </a></td><td>A conformance statement is a set of requirements for a desired implementation or a description of how a target application fulfills those requirements in a particular implementation.</td></tr><tr><td>Contract<a name=\"Contract\"> </a></td><td>A formal agreement between parties regarding the conduct of business, exchange of information or other matters.</td></tr><tr><td>Contraindication<a name=\"Contraindication\"> </a></td><td>Indicates an actual or potential clinical issue with or between one or more active or proposed clinical actions for a patient.  E.g. Drug-drug interaction, Ineffective treatment frequency, Procedure-condition conflict, etc.</td></tr><tr><td>Coverage<a name=\"Coverage\"> </a></td><td>Financial instrument which may be used to pay for or reimburse for health care products and services.</td></tr><tr><td>DataElement<a name=\"DataElement\"> </a></td><td>The formal description of a single piece of information that can be gathered and reported.</td></tr><tr><td>Device<a name=\"Device\"> </a></td><td>This resource identifies an instance of a manufactured thing that is used in the provision of healthcare without being substantially changed through that activity. The device may be a machine, an insert, a computer, an application, etc. This includes durable (reusable) medical equipment as well as disposable equipment used for diagnostic, treatment, and research for healthcare and public health.</td></tr><tr><td>DeviceComponent<a name=\"DeviceComponent\"> </a></td><td>Describes the characteristics, operational status and capabilities of a medical-related component of a medical device.</td></tr><tr><td>DeviceMetric<a name=\"DeviceMetric\"> </a></td><td>Describes a measurement, calculation or setting capability of a medical device.</td></tr><tr><td>DeviceUseRequest<a name=\"DeviceUseRequest\"> </a></td><td>Represents a request for a patient to employ a medical device. The device may be an implantable device, or an external assistive device, such as a walker.</td></tr><tr><td>DeviceUseStatement<a name=\"DeviceUseStatement\"> </a></td><td>A record of a device being used by a patient where the record is the result of a report from the patient or another clinician.</td></tr><tr><td>DiagnosticOrder<a name=\"DiagnosticOrder\"> </a></td><td>A record of a request for a diagnostic investigation service to be performed.</td></tr><tr><td>DiagnosticReport<a name=\"DiagnosticReport\"> </a></td><td>The findings and interpretation of diagnostic  tests performed on patients, groups of patients, devices, and locations, and/or specimens derived from these. The report includes clinical context such as requesting and provider information, and some mix of atomic results, images, textual and coded interpretation, and formatted representation of diagnostic reports.</td></tr><tr><td>DocumentManifest<a name=\"DocumentManifest\"> </a></td><td>A manifest that defines a set of documents.</td></tr><tr><td>DocumentReference<a name=\"DocumentReference\"> </a></td><td>A reference to a document.</td></tr><tr><td>EligibilityRequest<a name=\"EligibilityRequest\"> </a></td><td>This resource provides the insurance eligibility details from the insurer regarding a specified coverage and optionally some class of service.</td></tr><tr><td>EligibilityResponse<a name=\"EligibilityResponse\"> </a></td><td>This resource provides eligibility and plan details from the processing of an Eligibility resource.</td></tr><tr><td>Encounter<a name=\"Encounter\"> </a></td><td>An interaction between a patient and healthcare provider(s) for the purpose of providing healthcare service(s) or assessing the health status of a patient.</td></tr><tr><td>EnrollmentRequest<a name=\"EnrollmentRequest\"> </a></td><td>This resource provides the insurance Enrollment details to the insurer regarding a specified coverage.</td></tr><tr><td>EnrollmentResponse<a name=\"EnrollmentResponse\"> </a></td><td>This resource provides Enrollment and plan details from the processing of an Enrollment resource.</td></tr><tr><td>EpisodeOfCare<a name=\"EpisodeOfCare\"> </a></td><td>An association between a patient and an organization / healthcare provider(s) during which time encounters may occur. The managing organization assumes a level of responsibility for the patient during this time.</td></tr><tr><td>ExplanationOfBenefit<a name=\"ExplanationOfBenefit\"> </a></td><td>This resource provides: the claim details; adjudication details from the processing of a Claim; and optionally account balance information, for informing the subscriber of the benefits provided.</td></tr><tr><td>FamilyHistory<a name=\"FamilyHistory\"> </a></td><td>Significant health events and conditions for people related to the subject relevant in the context of care for the subject.</td></tr><tr><td>Goal<a name=\"Goal\"> </a></td><td>Describes the intended objective(s) of patient care, for example, weight loss, restoring an activity of daily living, etc.</td></tr><tr><td>Group<a name=\"Group\"> </a></td><td>Represents a defined collection of entities that may be discussed or acted upon collectively but which are not expected to act collectively and are not formally or legally recognized.  I.e. A collection of entities that isn't an Organization.</td></tr><tr><td>HealthcareService<a name=\"HealthcareService\"> </a></td><td>The details of a Healthcare Service available at a location.</td></tr><tr><td>ImagingObjectSelection<a name=\"ImagingObjectSelection\"> </a></td><td>A set of DICOM SOP Instances of a patient, selected for some application purpose, e.g., quality assurance, teaching, conference, consulting, etc.  Objects selected can be from different studies, but must be of the same patient.</td></tr><tr><td>ImagingStudy<a name=\"ImagingStudy\"> </a></td><td>Representation of the content produced in a DICOM imaging study. A study comprises a set of Series, each of which includes a set of Service-Object Pair Instances (SOP Instances - images or other data) acquired or produced in a common context.  A Series is of only one modality (e.g., X-ray, CT, MR, ultrasound), but a Study may have multiple Series of different modalities.</td></tr><tr><td>Immunization<a name=\"Immunization\"> </a></td><td>Immunization event information.</td></tr><tr><td>ImmunizationRecommendation<a name=\"ImmunizationRecommendation\"> </a></td><td>A patient's point-of-time immunization status and recommendation with optional supporting justification.</td></tr><tr><td>List<a name=\"List\"> </a></td><td>A set of information summarized from a list of other resources.</td></tr><tr><td>Location<a name=\"Location\"> </a></td><td>Details and position information for a physical place where services are provided  and resources and participants may be stored, found, contained or accommodated.</td></tr><tr><td>Media<a name=\"Media\"> </a></td><td>A photo, video, or audio recording acquired or used in healthcare. The actual content may be inline or provided by direct reference.</td></tr><tr><td>Medication<a name=\"Medication\"> </a></td><td>Primarily used for identification and definition of Medication, but also covers ingredients and packaging.</td></tr><tr><td>MedicationAdministration<a name=\"MedicationAdministration\"> </a></td><td>Describes the event of a patient consuming or otherwise being administered a medication.  This may be as simple as swallowing a tablet or it may be a long running infusion.\r\rRelated resources tie this event to the authorizing prescription, and the specific encounter between patient and health care practitioner.</td></tr><tr><td>MedicationDispense<a name=\"MedicationDispense\"> </a></td><td>Dispensing a medication to a named patient.  This includes a description of the supply provided and the instructions for administering the medication.</td></tr><tr><td>MedicationPrescription<a name=\"MedicationPrescription\"> </a></td><td>An order for both supply of the medication and the instructions for administration of the medicine to a patient.</td></tr><tr><td>MedicationStatement<a name=\"MedicationStatement\"> </a></td><td>A record of medication being taken by a patient, or that the medication has been given to a patient where the record is the result of a report from the patient or another clinician.</td></tr><tr><td>MessageHeader<a name=\"MessageHeader\"> </a></td><td>The header for a message exchange that is either requesting or responding to an action.  The Reference(s) that are the subject of the action as well as other Information related to the action are typically transmitted in a bundle in which the MessageHeader resource instance is the first resource in the bundle.</td></tr><tr><td>NamingSystem<a name=\"NamingSystem\"> </a></td><td>A curated namespace that issues unique symbols within that namespace for the identification of concepts, people, devices, etc.  Represents a &quot;System&quot; used within the Identifier and Coding data types.</td></tr><tr><td>NutritionOrder<a name=\"NutritionOrder\"> </a></td><td>A request to supply a diet, formula feeding (enteral) or oral nutritional supplement to a patient/resident.</td></tr><tr><td>Observation<a name=\"Observation\"> </a></td><td>Measurements and simple assertions made about a patient, device or other subject.</td></tr><tr><td>OperationDefinition<a name=\"OperationDefinition\"> </a></td><td>A formal computable definition of an operation (on the RESTful interface) or a named query (using the search interaction).</td></tr><tr><td>OperationOutcome<a name=\"OperationOutcome\"> </a></td><td>A collection of error, warning or information messages that result from a system action.</td></tr><tr><td>Order<a name=\"Order\"> </a></td><td>A request to perform an action.</td></tr><tr><td>OrderResponse<a name=\"OrderResponse\"> </a></td><td>A response to an order.</td></tr><tr><td>Organization<a name=\"Organization\"> </a></td><td>A formally or informally recognized grouping of people or organizations formed for the purpose of achieving some form of collective action.  Includes companies, institutions, corporations, departments, community groups, healthcare practice groups, etc.</td></tr><tr><td>Other<a name=\"Other\"> </a></td><td>Other is a conformant for handling resource concepts not yet defined for FHIR or outside HL7's scope of interest.</td></tr><tr><td>Patient<a name=\"Patient\"> </a></td><td>Demographics and other administrative information about an individual or animal receiving care or other health-related services.</td></tr><tr><td>PaymentNotice<a name=\"PaymentNotice\"> </a></td><td>This resource provides the status of the payment for goods and services rendered, and the request and response resource references.</td></tr><tr><td>PaymentReconciliation<a name=\"PaymentReconciliation\"> </a></td><td>This resource provides payment details and claim references supporting a bulk payment.</td></tr><tr><td>Person<a name=\"Person\"> </a></td><td>Demographics and administrative information about a person independent of a specific health-related context.</td></tr><tr><td>Practitioner<a name=\"Practitioner\"> </a></td><td>A person who is directly or indirectly involved in the provisioning of healthcare.</td></tr><tr><td>Procedure<a name=\"Procedure\"> </a></td><td>An action that is performed on a patient. This can be a physical 'thing' like an operation, or less invasive like counseling or hypnotherapy.</td></tr><tr><td>ProcedureRequest<a name=\"ProcedureRequest\"> </a></td><td>A request for a procedure to be performed. May be a proposal or an order.</td></tr><tr><td>ProcessRequest<a name=\"ProcessRequest\"> </a></td><td>This resource provides the target, request and response, and action details for an action to be performed by the target on or about existing resources.</td></tr><tr><td>ProcessResponse<a name=\"ProcessResponse\"> </a></td><td>This resource provides processing status, errors and notes from the processing of a resource.</td></tr><tr><td>Provenance<a name=\"Provenance\"> </a></td><td>Provenance of a resource is a record that describes entities and processes involved in producing and delivering or otherwise influencing that resource. Provenance provides a critical foundation for assessing authenticity, enabling trust, and allowing reproducibility. Provenance assertions are a form of contextual metadata and can themselves become important records with their own provenance. Provenance statement indicates clinical significance in terms of confidence in authenticity, reliability, and trustworthiness, integrity, and stage in lifecycle (e.g., Document Completion - has the artifact been legally authenticated), all of which may impact Security, Privacy, and Trust policies.</td></tr><tr><td>Questionnaire<a name=\"Questionnaire\"> </a></td><td>A structured set of questions intended to guide the collection of answers. The questions are ordered and grouped into coherent subsets, corresponding to the structure of the grouping of the underlying questions.</td></tr><tr><td>QuestionnaireAnswers<a name=\"QuestionnaireAnswers\"> </a></td><td>A structured set of questions and their answers. The questions are ordered and grouped into coherent subsets, corresponding to the structure of the grouping of the underlying questions.</td></tr><tr><td>ReferralRequest<a name=\"ReferralRequest\"> </a></td><td>Used to record and send details about a request for referral service or transfer of a patient to the care of another provider or provider organisation.</td></tr><tr><td>RelatedPerson<a name=\"RelatedPerson\"> </a></td><td>Information about a person that is involved in the care for a patient, but who is not the target of healthcare, nor has a formal responsibility in the care process.</td></tr><tr><td>RiskAssessment<a name=\"RiskAssessment\"> </a></td><td>An assessment of the likely outcome(s) for a patient or other subject as well as the likelihood of each outcome.</td></tr><tr><td>Schedule<a name=\"Schedule\"> </a></td><td>A container for slot(s) of time that may be available for booking appointments.</td></tr><tr><td>SearchParameter<a name=\"SearchParameter\"> </a></td><td>A Search Parameter that defines a named search item that can be used to search/filter on a resource.</td></tr><tr><td>Slot<a name=\"Slot\"> </a></td><td>A slot of time on a schedule that may be available for booking appointments.</td></tr><tr><td>Specimen<a name=\"Specimen\"> </a></td><td>Sample for analysis.</td></tr><tr><td>StructureDefinition<a name=\"StructureDefinition\"> </a></td><td>A definition of a FHIR structure. This resource is used to describe the underlying resources, data types defined in FHIR, and also for describing extensions, and constraints on resources and data types.</td></tr><tr><td>Subscription<a name=\"Subscription\"> </a></td><td>The subscription resource is used to define a push based subscription from a server to another system. Once a subscription is registered with the server, the server checks every resource that is created or updated, and if the resource matches the given criteria, it sends a message on the defined &quot;channel&quot; so that another system is able to take an appropriate action.</td></tr><tr><td>Substance<a name=\"Substance\"> </a></td><td>A homogeneous material with a definite composition.</td></tr><tr><td>Supply<a name=\"Supply\"> </a></td><td>A supply - a  request for something, and provision of what is supplied.</td></tr><tr><td>SupportingDocumentation<a name=\"SupportingDocumentation\"> </a></td><td>This resource provides the supporting information for a process, for example clinical or financial  information related to a claim or pre-authorization.</td></tr><tr><td>ValueSet<a name=\"ValueSet\"> </a></td><td>A value set specifies a set of codes drawn from one or more code systems.</td></tr><tr><td>VisionPrescription<a name=\"VisionPrescription\"> </a></td><td>An authorization for the supply of glasses and/or contact lenses to a patient.</td></tr></table></div>"
  },
  "extension": [
    {
      "url": "http://hl7.org/fhir/StructureDefinition/valueset-oid",
      "valueUri": "urn:oid:2.16.840.1.113883.4.642.2.4"
    }
  ],
  "url": "http://hl7.org/fhir/vs/resource-types",
  "version": "0.4.0",
  "name": "ResourceType",
  "publisher": "HL7 (FHIR Project)",
  "contact": [
    {
      "telecom": [
        {
          "system": "url",
          "value": "http://hl7.org/fhir"
        },
        {
          "system": "email",
          "value": "fhir@lists.hl7.org"
        }
      ]
    }
  ],
  "description": "One of the resource types defined as part of FHIR",
  "status": "draft",
  "experimental": false,
  "date": "2015-03-23T23:56:59+00:00",
  "define": {
    "extension": [
      {
        "url": "http://hl7.org/fhir/StructureDefinition/valueset-oid",
        "valueUri": "urn:oid:2.16.840.1.113883.4.642.1.4"
      }
    ],
    "system": "http://hl7.org/fhir/resource-types",
    "caseSensitive": true,
    "concept": [
      {
        "code": "Alert",
        "definition": "Prospective warnings of potential issues when providing care to the patient."
      },
      {
        "code": "AllergyIntolerance",
        "definition": "Risk of harmful or undesirable, physiological response which is unique to an individual and associated with exposure to a substance."
      },
      {
        "code": "Appointment",
        "definition": "A booking of a healthcare event among patient(s), practitioner(s), related person(s) and/or device(s) for a specific date/time. This may result in one or more Encounter(s)."
      },
      {
        "code": "AppointmentResponse",
        "definition": "A reply to an appointment request for a patient and/or practitioner(s), such as a confirmation or rejection."
      },
      {
        "code": "AuditEvent",
        "definition": "A record of an event made for purposes of maintaining a security log. Typical uses include detection of intrusion attempts and monitoring for inappropriate usage."
      },
      {
        "code": "Basic",
        "definition": "Basic is used for handling concepts not yet defined in FHIR, narrative-only resources that don't map to an existing resource, and custom resources not appropriate for inclusion in the FHIR specification."
      },
      {
        "code": "Binary",
        "definition": "A binary resource can contain any content, whether text, image, pdf, zip archive, etc."
      },
      {
        "code": "BodySite",
        "definition": "Record details about the anatomical location of a specimen or body part, including precise localisation information.  This resource may be used when a coded concept does not provide the necessary detail needed for the use case."
      },
      {
        "code": "Bundle",
        "definition": "A container for a collection of resources."
      },
      {
        "code": "CarePlan",
        "definition": "Describes the intention of how one or more practitioners intend to deliver care for a particular patient for a period of time, possibly limited to care for a specific condition or set of conditions."
      },
      {
        "code": "CarePlan2",
        "definition": "Describes the intention of how one or more practitioners intend to deliver care for a particular patient for a period of time, possibly limited to care for a specific condition or set of conditions."
      },
      {
        "code": "Claim",
        "definition": "A provider issued list of services and products provided, or to be provided, to a patient which is provided to an insurer for payment recovery."
      },
      {
        "code": "ClaimResponse",
        "definition": "This resource provides the adjudication details from the processing of a Claim resource."
      },
      {
        "code": "ClinicalImpression",
        "definition": "A record of a clinical assessment performed to determine what problem(s) may affect the patient and before planning the treatments or management strategies that are best to manage a patient's condition. Assessments are often 1:1 with a clinical consultation / encounter,  but this varies greatly depending on the clinical workflow. This resource is called \"ClinicalImpression\" rather than \"ClinicalAssessment\" to avoid confusion with the recording of assessment tools such as Apgar score."
      },
      {
        "code": "Communication",
        "definition": "An occurrence of information being transmitted. E.g., an alert that was sent to a responsible provider, a public health agency was notified about a reportable condition."
      },
      {
        "code": "CommunicationRequest",
        "definition": "A request to convey information. E.g., the CDS system proposes that an alert be sent to a responsible provider, the CDS system proposes that the public health agency be notified about a reportable condition."
      },
      {
        "code": "Composition",
        "definition": "A set of healthcare-related information that is assembled together into a single logical document that provides a single coherent statement of meaning, establishes its own context and that has clinical attestation with regard to who is making the statement."
      },
      {
        "code": "ConceptMap",
        "definition": "A statement of relationships from one set of concepts to one or more other concepts - either code systems or data elements, or classes in class models."
      },
      {
        "code": "Condition",
        "definition": "Use to record detailed information about conditions, problems or diagnoses recognized by a clinician. There are many uses including: recording a Diagnosis during an Encounter; populating a problem List or a Summary Statement, such as a Discharge Summary."
      },
      {
        "code": "Conformance",
        "definition": "A conformance statement is a set of requirements for a desired implementation or a description of how a target application fulfills those requirements in a particular implementation."
      },
      {
        "code": "Contract",
        "definition": "A formal agreement between parties regarding the conduct of business, exchange of information or other matters."
      },
      {
        "code": "Contraindication",
        "definition": "Indicates an actual or potential clinical issue with or between one or more active or proposed clinical actions for a patient.  E.g. Drug-drug interaction, Ineffective treatment frequency, Procedure-condition conflict, etc."
      },
      {
        "code": "Coverage",
        "definition": "Financial instrument which may be used to pay for or reimburse for health care products and services."
      },
      {
        "code": "DataElement",
        "definition": "The formal description of a single piece of information that can be gathered and reported."
      },
      {
        "code": "Device",
        "definition": "This resource identifies an instance of a manufactured thing that is used in the provision of healthcare without being substantially changed through that activity. The device may be a machine, an insert, a computer, an application, etc. This includes durable (reusable) medical equipment as well as disposable equipment used for diagnostic, treatment, and research for healthcare and public health."
      },
      {
        "code": "DeviceComponent",
        "definition": "Describes the characteristics, operational status and capabilities of a medical-related component of a medical device."
      },
      {
        "code": "DeviceMetric",
        "definition": "Describes a measurement, calculation or setting capability of a medical device."
      },
      {
        "code": "DeviceUseRequest",
        "definition": "Represents a request for a patient to employ a medical device. The device may be an implantable device, or an external assistive device, such as a walker."
      },
      {
        "code": "DeviceUseStatement",
        "definition": "A record of a device being used by a patient where the record is the result of a report from the patient or another clinician."
      },
      {
        "code": "DiagnosticOrder",
        "definition": "A record of a request for a diagnostic investigation service to be performed."
      },
      {
        "code": "DiagnosticReport",
        "definition": "The findings and interpretation of diagnostic  tests performed on patients, groups of patients, devices, and locations, and/or specimens derived from these. The report includes clinical context such as requesting and provider information, and some mix of atomic results, images, textual and coded interpretation, and formatted representation of diagnostic reports."
      },
      {
        "code": "DocumentManifest",
        "definition": "A manifest that defines a set of documents."
      },
      {
        "code": "DocumentReference",
        "definition": "A reference to a document."
      },
      {
        "code": "EligibilityRequest",
        "definition": "This resource provides the insurance eligibility details from the insurer regarding a specified coverage and optionally some class of service."
      },
      {
        "code": "EligibilityResponse",
        "definition": "This resource provides eligibility and plan details from the processing of an Eligibility resource."
      },
      {
        "code": "Encounter",
        "definition": "An interaction between a patient and healthcare provider(s) for the purpose of providing healthcare service(s) or assessing the health status of a patient."
      },
      {
        "code": "EnrollmentRequest",
        "definition": "This resource provides the insurance Enrollment details to the insurer regarding a specified coverage."
      },
      {
        "code": "EnrollmentResponse",
        "definition": "This resource provides Enrollment and plan details from the processing of an Enrollment resource."
      },
      {
        "code": "EpisodeOfCare",
        "definition": "An association between a patient and an organization / healthcare provider(s) during which time encounters may occur. The managing organization assumes a level of responsibility for the patient during this time."
      },
      {
        "code": "ExplanationOfBenefit",
        "definition": "This resource provides: the claim details; adjudication details from the processing of a Claim; and optionally account balance information, for informing the subscriber of the benefits provided."
      },
      {
        "code": "FamilyHistory",
        "definition": "Significant health events and conditions for people related to the subject relevant in the context of care for the subject."
      },
      {
        "code": "Goal",
        "definition": "Describes the intended objective(s) of patient care, for example, weight loss, restoring an activity of daily living, etc."
      },
      {
        "code": "Group",
        "definition": "Represents a defined collection of entities that may be discussed or acted upon collectively but which are not expected to act collectively and are not formally or legally recognized.  I.e. A collection of entities that isn't an Organization."
      },
      {
        "code": "HealthcareService",
        "definition": "The details of a Healthcare Service available at a location."
      },
      {
        "code": "ImagingObjectSelection",
        "definition": "A set of DICOM SOP Instances of a patient, selected for some application purpose, e.g., quality assurance, teaching, conference, consulting, etc.  Objects selected can be from different studies, but must be of the same patient."
      },
      {
        "code": "ImagingStudy",
        "definition": "Representation of the content produced in a DICOM imaging study. A study comprises a set of Series, each of which includes a set of Service-Object Pair Instances (SOP Instances - images or other data) acquired or produced in a common context.  A Series is of only one modality (e.g., X-ray, CT, MR, ultrasound), but a Study may have multiple Series of different modalities."
      },
      {
        "code": "Immunization",
        "definition": "Immunization event information."
      },
      {
        "code": "ImmunizationRecommendation",
        "definition": "A patient's point-of-time immunization status and recommendation with optional supporting justification."
      },
      {
        "code": "List",
        "definition": "A set of information summarized from a list of other resources."
      },
      {
        "code": "Location",
        "definition": "Details and position information for a physical place where services are provided  and resources and participants may be stored, found, contained or accommodated."
      },
      {
        "code": "Media",
        "definition": "A photo, video, or audio recording acquired or used in healthcare. The actual content may be inline or provided by direct reference."
      },
      {
        "code": "Medication",
        "definition": "Primarily used for identification and definition of Medication, but also covers ingredients and packaging."
      },
      {
        "code": "MedicationAdministration",
        "definition": "Describes the event of a patient consuming or otherwise being administered a medication.  This may be as simple as swallowing a tablet or it may be a long running infusion.\r\rRelated resources tie this event to the authorizing prescription, and the specific encounter between patient and health care practitioner."
      },
      {
        "code": "MedicationDispense",
        "definition": "Dispensing a medication to a named patient.  This includes a description of the supply provided and the instructions for administering the medication."
      },
      {
        "code": "MedicationPrescription",
        "definition": "An order for both supply of the medication and the instructions for administration of the medicine to a patient."
      },
      {
        "code": "MedicationStatement",
        "definition": "A record of medication being taken by a patient, or that the medication has been given to a patient where the record is the result of a report from the patient or another clinician."
      },
      {
        "code": "MessageHeader",
        "definition": "The header for a message exchange that is either requesting or responding to an action.  The Reference(s) that are the subject of the action as well as other Information related to the action are typically transmitted in a bundle in which the MessageHeader resource instance is the first resource in the bundle."
      },
      {
        "code": "NamingSystem",
        "definition": "A curated namespace that issues unique symbols within that namespace for the identification of concepts, people, devices, etc.  Represents a \"System\" used within the Identifier and Coding data types."
      },
      {
        "code": "NutritionOrder",
        "definition": "A request to supply a diet, formula feeding (enteral) or oral nutritional supplement to a patient/resident."
      },
      {
        "code": "Observation",
        "definition": "Measurements and simple assertions made about a patient, device or other subject."
      },
      {
        "code": "OperationDefinition",
        "definition": "A formal computable definition of an operation (on the RESTful interface) or a named query (using the search interaction)."
      },
      {
        "code": "OperationOutcome",
        "definition": "A collection of error, warning or information messages that result from a system action."
      },
      {
        "code": "Order",
        "definition": "A request to perform an action."
      },
      {
        "code": "OrderResponse",
        "definition": "A response to an order."
      },
      {
        "code": "Organization",
        "definition": "A formally or informally recognized grouping of people or organizations formed for the purpose of achieving some form of collective action.  Includes companies, institutions, corporations, departments, community groups, healthcare practice groups, etc."
      },
      {
        "code": "Other",
        "definition": "Other is a conformant for handling resource concepts not yet defined for FHIR or outside HL7's scope of interest."
      },
      {
        "code": "Patient",
        "definition": "Demographics and other administrative information about an individual or animal receiving care or other health-related services."
      },
      {
        "code": "PaymentNotice",
        "definition": "This resource provides the status of the payment for goods and services rendered, and the request and response resource references."
      },
      {
        "code": "PaymentReconciliation",
        "definition": "This resource provides payment details and claim references supporting a bulk payment."
      },
      {
        "code": "Person",
        "definition": "Demographics and administrative information about a person independent of a specific health-related context."
      },
      {
        "code": "Practitioner",
        "definition": "A person who is directly or indirectly involved in the provisioning of healthcare."
      },
      {
        "code": "Procedure",
        "definition": "An action that is performed on a patient. This can be a physical 'thing' like an operation, or less invasive like counseling or hypnotherapy."
      },
      {
        "code": "ProcedureRequest",
        "definition": "A request for a procedure to be performed. May be a proposal or an order."
      },
      {
        "code": "ProcessRequest",
        "definition": "This resource provides the target, request and response, and action details for an action to be performed by the target on or about existing resources."
      },
      {
        "code": "ProcessResponse",
        "definition": "This resource provides processing status, errors and notes from the processing of a resource."
      },
      {
        "code": "Provenance",
        "definition": "Provenance of a resource is a record that describes entities and processes involved in producing and delivering or otherwise influencing that resource. Provenance provides a critical foundation for assessing authenticity, enabling trust, and allowing reproducibility. Provenance assertions are a form of contextual metadata and can themselves become important records with their own provenance. Provenance statement indicates clinical significance in terms of confidence in authenticity, reliability, and trustworthiness, integrity, and stage in lifecycle (e.g., Document Completion - has the artifact been legally authenticated), all of which may impact Security, Privacy, and Trust policies."
      },
      {
        "code": "Questionnaire",
        "definition": "A structured set of questions intended to guide the collection of answers. The questions are ordered and grouped into coherent subsets, corresponding to the structure of the grouping of the underlying questions."
      },
      {
        "code": "QuestionnaireAnswers",
        "definition": "A structured set of questions and their answers. The questions are ordered and grouped into coherent subsets, corresponding to the structure of the grouping of the underlying questions."
      },
      {
        "code": "ReferralRequest",
        "definition": "Used to record and send details about a request for referral service or transfer of a patient to the care of another provider or provider organisation."
      },
      {
        "code": "RelatedPerson",
        "definition": "Information about a person that is involved in the care for a patient, but who is not the target of healthcare, nor has a formal responsibility in the care process."
      },
      {
        "code": "RiskAssessment",
        "definition": "An assessment of the likely outcome(s) for a patient or other subject as well as the likelihood of each outcome."
      },
      {
        "code": "Schedule",
        "definition": "A container for slot(s) of time that may be available for booking appointments."
      },
      {
        "code": "SearchParameter",
        "definition": "A Search Parameter that defines a named search item that can be used to search/filter on a resource."
      },
      {
        "code": "Slot",
        "definition": "A slot of time on a schedule that may be available for booking appointments."
      },
      {
        "code": "Specimen",
        "definition": "Sample for analysis."
      },
      {
        "code": "StructureDefinition",
        "definition": "A definition of a FHIR structure. This resource is used to describe the underlying resources, data types defined in FHIR, and also for describing extensions, and constraints on resources and data types."
      },
      {
        "code": "Subscription",
        "definition": "The subscription resource is used to define a push based subscription from a server to another system. Once a subscription is registered with the server, the server checks every resource that is created or updated, and if the resource matches the given criteria, it sends a message on the defined \"channel\" so that another system is able to take an appropriate action."
      },
      {
        "code": "Substance",
        "definition": "A homogeneous material with a definite composition."
      },
      {
        "code": "Supply",
        "definition": "A supply - a  request for something, and provision of what is supplied."
      },
      {
        "code": "SupportingDocumentation",
        "definition": "This resource provides the supporting information for a process, for example clinical or financial  information related to a claim or pre-authorization."
      },
      {
        "code": "ValueSet",
        "definition": "A value set specifies a set of codes drawn from one or more code systems."
      },
      {
        "code": "VisionPrescription",
        "definition": "An authorization for the supply of glasses and/or contact lenses to a patient."
      }
    ]
  }
}