{
  "resourceType": "ValueSet",
  "id": "response-code",
  "meta": {
    "lastUpdated": "2015-03-23T23:56:59.139+00:00",
    "profile": [
      "http://hl7.org/fhir/StructureDefinition/valueset-shareable-definition"
    ]
  },
  "text": {
    "status": "generated",
    "div": "<div><p>This value set contains 3 concepts</p><h2>ResponseType</h2><p>The kind of response to a message</p><p>This value set defines its own terms in the system http://hl7.org/fhir/response-code</p><table class=\"codes\"><tr><td><b>Code</b></td><td><b>Display</b></td><td><b>Definition</b></td></tr><tr><td>ok<a name=\"ok\"> </a></td><td>Ok</td><td>The message was accepted and processed without error.</td></tr><tr><td>transient-error<a name=\"transient-error\"> </a></td><td>Transient Error</td><td>Some internal unexpected error occurred - wait and try again. Note - this is usually used for things like database unavailable, which may be expected to resolve, though human intervention may be required.</td></tr><tr><td>fatal-error<a name=\"fatal-error\"> </a></td><td>Fatal Error</td><td>The message was rejected because of some content in it. There is no point in re-sending without change. The response narrative SHALL describe what the issue is.</td></tr></table></div>"
  },
  "extension": [
    {
      "url": "http://hl7.org/fhir/StructureDefinition/valueset-oid",
      "valueUri": "urn:oid:2.16.840.1.113883.4.642.2.322"
    }
  ],
  "url": "http://hl7.org/fhir/vs/response-code",
  "version": "0.4.0",
  "name": "ResponseType",
  "publisher": "HL7 (FHIR Project)",
  "contact": [
    {
      "telecom": [
        {
          "system": "url",
          "value": "http://hl7.org/fhir"
        },
        {
          "system": "email",
          "value": "fhir@lists.hl7.org"
        }
      ]
    }
  ],
  "description": "The kind of response to a message",
  "status": "draft",
  "experimental": false,
  "date": "2015-03-23T23:56:59+00:00",
  "define": {
    "extension": [
      {
        "url": "http://hl7.org/fhir/StructureDefinition/valueset-oid",
        "valueUri": "urn:oid:2.16.840.1.113883.4.642.1.322"
      }
    ],
    "system": "http://hl7.org/fhir/response-code",
    "caseSensitive": true,
    "concept": [
      {
        "code": "ok",
        "display": "Ok",
        "definition": "The message was accepted and processed without error."
      },
      {
        "code": "transient-error",
        "display": "Transient Error",
        "definition": "Some internal unexpected error occurred - wait and try again. Note - this is usually used for things like database unavailable, which may be expected to resolve, though human intervention may be required."
      },
      {
        "code": "fatal-error",
        "display": "Fatal Error",
        "definition": "The message was rejected because of some content in it. There is no point in re-sending without change. The response narrative SHALL describe what the issue is."
      }
    ]
  }
}