{
  "resourceType": "ValueSet",
  "id": "restful-conformance-mode",
  "meta": {
    "lastUpdated": "2015-03-23T23:56:59.139+00:00",
    "profile": [
      "http://hl7.org/fhir/StructureDefinition/valueset-shareable-definition"
    ]
  },
  "text": {
    "status": "generated",
    "div": "<div><p>This value set contains 2 concepts</p><h2>RestfulConformanceMode</h2><p>The mode of a RESTful conformance statement</p><p>This value set defines its own terms in the system http://hl7.org/fhir/restful-conformance-mode</p><table class=\"codes\"><tr><td><b>Code</b></td><td><b>Display</b></td><td><b>Definition</b></td></tr><tr><td>client<a name=\"client\"> </a></td><td>Client</td><td>The application acts as a client for this resource.</td></tr><tr><td>server<a name=\"server\"> </a></td><td>Server</td><td>The application acts as a server for this resource.</td></tr></table></div>"
  },
  "extension": [
    {
      "url": "http://hl7.org/fhir/StructureDefinition/valueset-oid",
      "valueUri": "urn:oid:2.16.840.1.113883.4.642.2.42"
    }
  ],
  "url": "http://hl7.org/fhir/vs/restful-conformance-mode",
  "version": "0.4.0",
  "name": "RestfulConformanceMode",
  "publisher": "HL7 (FHIR Project)",
  "contact": [
    {
      "telecom": [
        {
          "system": "url",
          "value": "http://hl7.org/fhir"
        },
        {
          "system": "email",
          "value": "fhir@lists.hl7.org"
        }
      ]
    }
  ],
  "description": "The mode of a RESTful conformance statement",
  "status": "draft",
  "experimental": false,
  "date": "2015-03-23T23:56:59+00:00",
  "define": {
    "extension": [
      {
        "url": "http://hl7.org/fhir/StructureDefinition/valueset-oid",
        "valueUri": "urn:oid:2.16.840.1.113883.4.642.1.42"
      }
    ],
    "system": "http://hl7.org/fhir/restful-conformance-mode",
    "caseSensitive": true,
    "concept": [
      {
        "code": "client",
        "display": "Client",
        "definition": "The application acts as a client for this resource."
      },
      {
        "code": "server",
        "display": "Server",
        "definition": "The application acts as a server for this resource."
      }
    ]
  }
}