{
  "resourceType": "ValueSet",
  "id": "restful-security-service",
  "meta": {
    "lastUpdated": "2015-03-23T23:56:59.139+00:00",
    "profile": [
      "http://hl7.org/fhir/StructureDefinition/valueset-shareable-definition"
    ]
  },
  "text": {
    "status": "generated",
    "div": "<div><p>This value set contains 5 concepts</p><h2>RestfulSecurityService</h2><p>Types of security services used with FHIR</p><p>This value set defines its own terms in the system http://hl7.org/fhir/restful-security-service</p><table class=\"codes\"><tr><td><b>Code</b></td><td><b>Display</b></td><td><b>Definition</b></td></tr><tr><td>OAuth<a name=\"OAuth\"> </a></td><td>O Auth</td><td>OAuth (see oauth.net).</td></tr><tr><td>OAuth2<a name=\"OAuth2\"> </a></td><td>O Auth </td><td>OAuth version 2 (see oauth.net).</td></tr><tr><td>NTLM<a name=\"NTLM\"> </a></td><td>N T L M</td><td>Microsoft NTLM Authentication.</td></tr><tr><td>Basic<a name=\"Basic\"> </a></td><td>Basic</td><td>Basic authentication defined in HTTP specification.</td></tr><tr><td>Kerberos<a name=\"Kerberos\"> </a></td><td>Kerberos</td><td>see http://www.ietf.org/rfc/rfc4120.txt.</td></tr></table></div>"
  },
  "extension": [
    {
      "url": "http://hl7.org/fhir/StructureDefinition/valueset-oid",
      "valueUri": "urn:oid:2.16.840.1.113883.4.642.2.43"
    }
  ],
  "url": "http://hl7.org/fhir/vs/restful-security-service",
  "version": "0.4.0",
  "name": "RestfulSecurityService",
  "publisher": "HL7 (FHIR Project)",
  "contact": [
    {
      "telecom": [
        {
          "system": "url",
          "value": "http://hl7.org/fhir"
        },
        {
          "system": "email",
          "value": "fhir@lists.hl7.org"
        }
      ]
    }
  ],
  "description": "Types of security services used with FHIR",
  "status": "draft",
  "experimental": false,
  "date": "2015-03-23T23:56:59+00:00",
  "define": {
    "extension": [
      {
        "url": "http://hl7.org/fhir/StructureDefinition/valueset-oid",
        "valueUri": "urn:oid:2.16.840.1.113883.4.642.1.43"
      }
    ],
    "system": "http://hl7.org/fhir/restful-security-service",
    "caseSensitive": true,
    "concept": [
      {
        "code": "OAuth",
        "display": "O Auth",
        "definition": "OAuth (see oauth.net)."
      },
      {
        "code": "OAuth2",
        "display": "O Auth ",
        "definition": "OAuth version 2 (see oauth.net)."
      },
      {
        "code": "NTLM",
        "display": "N T L M",
        "definition": "Microsoft NTLM Authentication."
      },
      {
        "code": "Basic",
        "display": "Basic",
        "definition": "Basic authentication defined in HTTP specification."
      },
      {
        "code": "Kerberos",
        "display": "Kerberos",
        "definition": "see http://www.ietf.org/rfc/rfc4120.txt."
      }
    ]
  }
}