{
  "resourceType": "ValueSet",
  "id": "search-entry-mode",
  "meta": {
    "lastUpdated": "2015-03-23T23:56:59.139+00:00",
    "profile": [
      "http://hl7.org/fhir/StructureDefinition/valueset-shareable-definition"
    ]
  },
  "text": {
    "status": "generated",
    "div": "<div><p>This value set contains 2 concepts</p><h2>SearchEntryMode</h2><p>Why an entry is in the result set - whether it's included as a match or because of an _include requirement</p><p>This value set defines its own terms in the system http://hl7.org/fhir/search-entry-mode</p><table class=\"codes\"><tr><td><b>Code</b></td><td><b>Display</b></td><td><b>Definition</b></td></tr><tr><td>match<a name=\"match\"> </a></td><td>match</td><td>This resource matched the search specification.</td></tr><tr><td>include<a name=\"include\"> </a></td><td>include</td><td>This resource is returned because it is referred to from another resource in the search set.</td></tr></table></div>"
  },
  "extension": [
    {
      "url": "http://hl7.org/fhir/StructureDefinition/valueset-oid",
      "valueUri": "urn:oid:2.16.840.1.113883.4.642.2.906"
    }
  ],
  "url": "http://hl7.org/fhir/vs/search-entry-mode",
  "version": "0.4.0",
  "name": "SearchEntryMode",
  "publisher": "HL7 (FHIR Project)",
  "contact": [
    {
      "telecom": [
        {
          "system": "url",
          "value": "http://hl7.org/fhir"
        },
        {
          "system": "email",
          "value": "fhir@lists.hl7.org"
        }
      ]
    }
  ],
  "description": "Why an entry is in the result set - whether it's included as a match or because of an _include requirement",
  "status": "draft",
  "experimental": false,
  "date": "2015-03-23T23:56:59+00:00",
  "define": {
    "extension": [
      {
        "url": "http://hl7.org/fhir/StructureDefinition/valueset-oid",
        "valueUri": "urn:oid:2.16.840.1.113883.4.642.1.906"
      }
    ],
    "system": "http://hl7.org/fhir/search-entry-mode",
    "caseSensitive": true,
    "concept": [
      {
        "code": "match",
        "display": "match",
        "definition": "This resource matched the search specification."
      },
      {
        "code": "include",
        "display": "include",
        "definition": "This resource is returned because it is referred to from another resource in the search set."
      }
    ]
  }
}