{
  "resourceType": "ValueSet",
  "id": "search-param-type",
  "meta": {
    "lastUpdated": "2015-03-23T23:56:59.139+00:00",
    "profile": [
      "http://hl7.org/fhir/StructureDefinition/valueset-shareable-definition"
    ]
  },
  "text": {
    "status": "generated",
    "div": "<div><p>This value set contains 8 concepts</p><h2>SearchParamType</h2><p>Data types allowed to be used for search parameters</p><p>This value set defines its own terms in the system http://hl7.org/fhir/search-param-type</p><table class=\"codes\"><tr><td><b>Code</b></td><td><b>Display</b></td><td><b>Definition</b></td></tr><tr><td>number<a name=\"number\"> </a></td><td>Number</td><td>Search parameter SHALL be a number (a whole number, or a decimal).</td></tr><tr><td>date<a name=\"date\"> </a></td><td>Date/DateTime</td><td>Search parameter is on a date/time. The date format is the standard XML format, though other formats may be supported.</td></tr><tr><td>string<a name=\"string\"> </a></td><td>String</td><td>Search parameter is a simple string, like a name part. Search is case-insensitive and accent-insensitive. May match just the start of a string. String parameters may contain spaces.</td></tr><tr><td>token<a name=\"token\"> </a></td><td>Token</td><td>Search parameter on a coded element or identifier. May be used to search through the text, displayname, code and code/codesystem (for codes) and label, system and key (for identifier). Its value is either a string or a pair of namespace and value, separated by a &quot;|&quot;, depending on the modifier used.</td></tr><tr><td>reference<a name=\"reference\"> </a></td><td>Reference</td><td>A reference to another resource.</td></tr><tr><td>composite<a name=\"composite\"> </a></td><td>Composite</td><td>A composite search parameter that combines a search on two values together.</td></tr><tr><td>quantity<a name=\"quantity\"> </a></td><td>Quantity</td><td>A search parameter that searches on a quantity.</td></tr><tr><td>uri<a name=\"uri\"> </a></td><td>URI</td><td>A search parameter that searches on a URI (RFC 3986).</td></tr></table></div>"
  },
  "extension": [
    {
      "url": "http://hl7.org/fhir/StructureDefinition/valueset-oid",
      "valueUri": "urn:oid:2.16.840.1.113883.4.642.2.9"
    }
  ],
  "url": "http://hl7.org/fhir/vs/search-param-type",
  "version": "0.4.0",
  "name": "SearchParamType",
  "publisher": "HL7 (FHIR Project)",
  "contact": [
    {
      "telecom": [
        {
          "system": "url",
          "value": "http://hl7.org/fhir"
        },
        {
          "system": "email",
          "value": "fhir@lists.hl7.org"
        }
      ]
    }
  ],
  "description": "Data types allowed to be used for search parameters",
  "status": "draft",
  "experimental": false,
  "date": "2015-03-23T23:56:59+00:00",
  "define": {
    "extension": [
      {
        "url": "http://hl7.org/fhir/StructureDefinition/valueset-oid",
        "valueUri": "urn:oid:2.16.840.1.113883.4.642.1.9"
      }
    ],
    "system": "http://hl7.org/fhir/search-param-type",
    "caseSensitive": true,
    "concept": [
      {
        "code": "number",
        "display": "Number",
        "definition": "Search parameter SHALL be a number (a whole number, or a decimal)."
      },
      {
        "code": "date",
        "display": "Date/DateTime",
        "definition": "Search parameter is on a date/time. The date format is the standard XML format, though other formats may be supported."
      },
      {
        "code": "string",
        "display": "String",
        "definition": "Search parameter is a simple string, like a name part. Search is case-insensitive and accent-insensitive. May match just the start of a string. String parameters may contain spaces."
      },
      {
        "code": "token",
        "display": "Token",
        "definition": "Search parameter on a coded element or identifier. May be used to search through the text, displayname, code and code/codesystem (for codes) and label, system and key (for identifier). Its value is either a string or a pair of namespace and value, separated by a \"|\", depending on the modifier used."
      },
      {
        "code": "reference",
        "display": "Reference",
        "definition": "A reference to another resource."
      },
      {
        "code": "composite",
        "display": "Composite",
        "definition": "A composite search parameter that combines a search on two values together."
      },
      {
        "code": "quantity",
        "display": "Quantity",
        "definition": "A search parameter that searches on a quantity."
      },
      {
        "code": "uri",
        "display": "URI",
        "definition": "A search parameter that searches on a URI (RFC 3986)."
      }
    ]
  }
}