{
  "resourceType": "ValueSet",
  "id": "system-restful-interaction",
  "meta": {
    "lastUpdated": "2015-03-23T23:56:59.139+00:00",
    "profile": [
      "http://hl7.org/fhir/StructureDefinition/valueset-shareable-definition"
    ]
  },
  "text": {
    "status": "generated",
    "div": "<div><p>This value set contains 3 concepts</p><h2>SystemRestfulInteraction</h2><p>Operations supported by REST at the system level</p><p>This value set includes codes defined in other code systems, using the following rules:</p><ul><li>Include these codes as defined in http://hl7.org/fhir/restful-interaction<table><tr><td><b>Code</b></td><td><b>Display</b></td></tr><tr><td>transaction</td><td>Transaction</td><td>Update, create or delete a set of resources as a single transaction</td></tr><tr><td>search-system</td><td>Search System</td><td>Search all resources based on some filter criteria</td></tr><tr><td>history-system</td><td>History System</td><td>Retrieve the update history for all resources on a system</td></tr></table></li></ul></div>"
  },
  "extension": [
    {
      "url": "http://hl7.org/fhir/StructureDefinition/valueset-oid",
      "valueUri": "urn:oid:2.16.840.1.113883.4.642.2.407"
    }
  ],
  "url": "http://hl7.org/fhir/vs/system-restful-interaction",
  "version": "0.4.0",
  "name": "SystemRestfulInteraction",
  "publisher": "HL7 (FHIR Project)",
  "contact": [
    {
      "telecom": [
        {
          "system": "url",
          "value": "http://hl7.org/fhir"
        },
        {
          "system": "email",
          "value": "fhir@lists.hl7.org"
        }
      ]
    }
  ],
  "description": "Operations supported by REST at the system level",
  "status": "draft",
  "experimental": false,
  "date": "2015-03-23T23:56:59+00:00",
  "compose": {
    "include": [
      {
        "system": "http://hl7.org/fhir/restful-interaction",
        "concept": [
          {
            "code": "transaction",
            "display": "Transaction"
          },
          {
            "code": "search-system",
            "display": "Search System"
          },
          {
            "code": "history-system",
            "display": "History System"
          }
        ]
      }
    ]
  }
}