{
  "resourceType": "ValueSet",
  "id": "transaction-operation",
  "meta": {
    "lastUpdated": "2015-03-23T23:56:59.139+00:00",
    "profile": [
      "http://hl7.org/fhir/StructureDefinition/valueset-shareable-definition"
    ]
  },
  "text": {
    "status": "generated",
    "div": "<div><p>This value set contains 4 concepts</p><h2>TransactionOperation</h2><p>The operation associated with an entry in either a update history, or a transaction/ transaction response</p><p>This value set defines its own terms in the system http://hl7.org/fhir/transaction-operation</p><table class=\"codes\"><tr><td><b>Code</b></td><td><b>Display</b></td><td><b>Definition</b></td></tr><tr><td>noop<a name=\"noop\"> </a></td><td>no operation</td><td>No Operation occurred - only valid in a transaction response.</td></tr></table><p>In addition, this value set includes codes defined in other code systems, using the following rules:</p><ul><li>Include these codes as defined in http://hl7.org/fhir/restful-interaction<table><tr><td><b>Code</b></td><td><b>Display</b></td></tr><tr><td>create</td><td>Create</td><td>Create a new resource with a server assigned id</td></tr><tr><td>update</td><td>Update</td><td>Update an existing resource by its id (or create it if it is new)</td></tr><tr><td>delete</td><td>Delete</td><td>Delete a resource</td></tr></table></li></ul></div>"
  },
  "extension": [
    {
      "url": "http://hl7.org/fhir/StructureDefinition/valueset-oid",
      "valueUri": "urn:oid:2.16.840.1.113883.4.642.2.954"
    }
  ],
  "url": "http://hl7.org/fhir/vs/transaction-operation",
  "version": "0.4.0",
  "name": "TransactionOperation",
  "publisher": "HL7 (FHIR Project)",
  "contact": [
    {
      "telecom": [
        {
          "system": "url",
          "value": "http://hl7.org/fhir"
        },
        {
          "system": "email",
          "value": "fhir@lists.hl7.org"
        }
      ]
    }
  ],
  "description": "The operation associated with an entry in either a update history, or a transaction/ transaction response",
  "status": "draft",
  "experimental": false,
  "date": "2015-03-23T23:56:59+00:00",
  "define": {
    "extension": [
      {
        "url": "http://hl7.org/fhir/StructureDefinition/valueset-oid",
        "valueUri": "urn:oid:2.16.840.1.113883.4.642.1.954"
      }
    ],
    "system": "http://hl7.org/fhir/transaction-operation",
    "caseSensitive": true,
    "concept": [
      {
        "code": "noop",
        "display": "no operation",
        "definition": "No Operation occurred - only valid in a transaction response."
      }
    ]
  },
  "compose": {
    "include": [
      {
        "system": "http://hl7.org/fhir/restful-interaction",
        "concept": [
          {
            "code": "create",
            "display": "Create"
          },
          {
            "code": "update",
            "display": "Update"
          },
          {
            "code": "delete",
            "display": "Delete"
          }
        ]
      }
    ]
  }
}