{
  "resourceType": "ValueSet",
  "id": "units-of-time",
  "meta": {
    "lastUpdated": "2015-03-23T23:56:59.139+00:00",
    "profile": [
      "http://hl7.org/fhir/StructureDefinition/valueset-shareable-definition"
    ]
  },
  "text": {
    "status": "extensions",
    "div": "<div><p>This value set contains 7 concepts</p><h2>UnitsOfTime</h2><p>A unit of time (units from UCUM)</p><p><b>Copyright Statement:</b> UCUM is Copyright ?? 1999-2013 Regenstrief Institute, Inc. and The UCUM Organization, Indianapolis, IN. All rights reserved. See http://unitsofmeasure.org/trac//wiki/TermsOfUse for details</p><p>This value set includes codes defined in other code systems, using the following rules:</p><ul><li>Include these codes as defined in http://unitsofmeasure.org<table><tr><td><b>Code</b></td><td><b>Display</b></td><td><b>Definition</b></td></tr><tr><td>s</td><td>S</td><td>second.</td></tr><tr><td>min</td><td>Min</td><td>minute.</td></tr><tr><td>h</td><td>H</td><td>hour.</td></tr><tr><td>d</td><td>D</td><td>day.</td></tr><tr><td>wk</td><td>Wk</td><td>week.</td></tr><tr><td>mo</td><td>Mo</td><td>month.</td></tr><tr><td>a</td><td>A</td><td>year.</td></tr></table></li></ul></div>"
  },
  "extension": [
    {
      "url": "http://hl7.org/fhir/StructureDefinition/valueset-oid",
      "valueUri": "urn:oid:2.16.840.1.113883.4.642.2.20"
    }
  ],
  "url": "http://hl7.org/fhir/vs/units-of-time",
  "version": "0.4.0",
  "name": "UnitsOfTime",
  "publisher": "HL7 (FHIR Project)",
  "contact": [
    {
      "telecom": [
        {
          "system": "url",
          "value": "http://hl7.org/fhir"
        },
        {
          "system": "email",
          "value": "fhir@lists.hl7.org"
        }
      ]
    }
  ],
  "description": "A unit of time (units from UCUM)",
  "copyright": "UCUM is Copyright ?? 1999-2013 Regenstrief Institute, Inc. and The UCUM Organization, Indianapolis, IN. All rights reserved. See http://unitsofmeasure.org/trac//wiki/TermsOfUse for details",
  "status": "draft",
  "experimental": false,
  "date": "2015-03-23T23:56:59+00:00",
  "compose": {
    "include": [
      {
        "system": "http://unitsofmeasure.org",
        "concept": [
          {
            "extension": [
              {
                "url": "http://hl7.org/fhir/StructureDefinition/valueset-definition",
                "valueString": "second."
              }
            ],
            "code": "s",
            "display": "S"
          },
          {
            "extension": [
              {
                "url": "http://hl7.org/fhir/StructureDefinition/valueset-definition",
                "valueString": "minute."
              }
            ],
            "code": "min",
            "display": "Min"
          },
          {
            "extension": [
              {
                "url": "http://hl7.org/fhir/StructureDefinition/valueset-definition",
                "valueString": "hour."
              }
            ],
            "code": "h",
            "display": "H"
          },
          {
            "extension": [
              {
                "url": "http://hl7.org/fhir/StructureDefinition/valueset-definition",
                "valueString": "day."
              }
            ],
            "code": "d",
            "display": "D"
          },
          {
            "extension": [
              {
                "url": "http://hl7.org/fhir/StructureDefinition/valueset-definition",
                "valueString": "week."
              }
            ],
            "code": "wk",
            "display": "Wk"
          },
          {
            "extension": [
              {
                "url": "http://hl7.org/fhir/StructureDefinition/valueset-definition",
                "valueString": "month."
              }
            ],
            "code": "mo",
            "display": "Mo"
          },
          {
            "extension": [
              {
                "url": "http://hl7.org/fhir/StructureDefinition/valueset-definition",
                "valueString": "year."
              }
            ],
            "code": "a",
            "display": "A"
          }
        ]
      }
    ]
  }
}