{
  "resourceType": "ValueSet",
  "id": "use-link",
  "meta": {
    "lastUpdated": "2015-03-23T23:56:59.139+00:00",
    "profile": [
      "http://hl7.org/fhir/StructureDefinition/valueset-shareable-definition"
    ]
  },
  "text": {
    "status": "generated",
    "div": "<div><p>This value set contains 4 concepts</p><h2>Use</h2><p>Complete, proposed, exploratory, other</p><p>This value set defines its own terms in the system http://hl7.org/fhir/use-link</p><table class=\"codes\"><tr><td><b>Code</b></td><td><b>Display</b></td><td><b>Definition</b></td></tr><tr><td>complete<a name=\"complete\"> </a></td><td>Complete</td><td>The treatment is complete and this represents a Claim for the services.</td></tr><tr><td>proposed<a name=\"proposed\"> </a></td><td>Proposed</td><td>The treatment is proposed and this represents a Pre-authorization for the services.</td></tr><tr><td>exploratory<a name=\"exploratory\"> </a></td><td>Exploratory</td><td>The treatment is proposed and this represents a Pre-determination for the services.</td></tr><tr><td>other<a name=\"other\"> </a></td><td>Other</td><td>A locally defined or otherwise resolved status.</td></tr></table></div>"
  },
  "extension": [
    {
      "url": "http://hl7.org/fhir/StructureDefinition/valueset-oid",
      "valueUri": "urn:oid:2.16.840.1.113883.4.642.2.460"
    }
  ],
  "url": "http://hl7.org/fhir/vs/use-link",
  "version": "0.4.0",
  "name": "Use",
  "publisher": "HL7 (FHIR Project)",
  "contact": [
    {
      "telecom": [
        {
          "system": "url",
          "value": "http://hl7.org/fhir"
        },
        {
          "system": "email",
          "value": "fhir@lists.hl7.org"
        }
      ]
    }
  ],
  "description": "Complete, proposed, exploratory, other",
  "status": "draft",
  "experimental": false,
  "date": "2015-03-23T23:56:59+00:00",
  "define": {
    "extension": [
      {
        "url": "http://hl7.org/fhir/StructureDefinition/valueset-oid",
        "valueUri": "urn:oid:2.16.840.1.113883.4.642.1.460"
      }
    ],
    "system": "http://hl7.org/fhir/use-link",
    "caseSensitive": true,
    "concept": [
      {
        "code": "complete",
        "display": "Complete",
        "definition": "The treatment is complete and this represents a Claim for the services."
      },
      {
        "code": "proposed",
        "display": "Proposed",
        "definition": "The treatment is proposed and this represents a Pre-authorization for the services."
      },
      {
        "code": "exploratory",
        "display": "Exploratory",
        "definition": "The treatment is proposed and this represents a Pre-determination for the services."
      },
      {
        "code": "other",
        "display": "Other",
        "definition": "A locally defined or otherwise resolved status."
      }
    ]
  }
}