{
  "resourceType": "ValueSet",
  "id": "valueset-diagnostic-requests",
  "meta": {
    "lastUpdated": "2015-03-23T23:56:59.139+00:00",
    "profile": [
      "http://hl7.org/fhir/StructureDefinition/valueset-shareable-definition"
    ]
  },
  "text": {
    "status": "generated",
    "div": "<div>\n      This value set includes all LOINC codes in the &quot;Clinical&quot; or &quot;Lab&quot; class types\n    <hr/><p>This value set does not contain a fixed number of concepts</p><h2>LOINC Diagnostic Order Codes</h2><p>This value set includes all the LOINC Order codes</p><p><b>Copyright Statement:</b> This content from LOINC&reg; is copyright &copy; 1995 Regenstrief Institute, Inc. and the LOINC Committee, and available at no cost under the license at http://loinc.org/terms-of-use</p><p>This value set includes codes defined in other code systems, using the following rules:</p><ul><li>Include codes from http://loinc.org where ORDER_OBS  =  Order</li><li>Include codes from http://loinc.org where ORDER_OBS  =  Both</li></ul></div>"
  },
  "extension": [
    {
      "url": "http://hl7.org/fhir/StructureDefinition/valueset-oid",
      "valueUri": "urn:oid:2.16.840.1.113883.4.642.2.59"
    }
  ],
  "url": "http://hl7.org/fhir/vs/diagnostic-requests",
  "version": "0.4.0",
  "name": "LOINC Diagnostic Order Codes",
  "publisher": "FHIR Project team",
  "contact": [
    {
      "telecom": [
        {
          "system": "url",
          "value": "http://hl7.org/fhir"
        }
      ]
    }
  ],
  "description": "This value set includes all the LOINC Order codes",
  "copyright": "This content from LOINC® is copyright © 1995 Regenstrief Institute, Inc. and the LOINC Committee, and available at no cost under the license at http://loinc.org/terms-of-use",
  "status": "draft",
  "experimental": true,
  "compose": {
    "include": [
      {
        "system": "http://loinc.org",
        "filter": [
          {
            "property": "ORDER_OBS",
            "op": "=",
            "value": "Order"
          }
        ]
      },
      {
        "system": "http://loinc.org",
        "filter": [
          {
            "property": "ORDER_OBS",
            "op": "=",
            "value": "Both"
          }
        ]
      }
    ]
  }
}