{
  "resourceType": "ValueSet",
  "id": "valueset-surface",
  "meta": {
    "lastUpdated": "2015-03-23T23:56:59.139+00:00",
    "profile": [
      "http://hl7.org/fhir/StructureDefinition/valueset-shareable-definition"
    ]
  },
  "text": {
    "status": "generated",
    "div": "<div>\n      This value set includes a smattering of FDI tooth surface codes.\n    <hr/><p>This value set contains 11 concepts</p><h2>Surface Codes</h2><p>This value set includes a smattering of FDI tooth surface codes.</p><p><b>Copyright Statement:</b> This is an example set</p><p>This value set defines its own terms in the system http://hl7.org/fhir/FDI-surface</p><table class=\"codes\"><tr><td><b>Code</b></td><td><b>Definition</b></td></tr><tr><td>M<a name=\"M\"> </a></td><td/></tr><tr><td>O<a name=\"O\"> </a></td><td/></tr><tr><td>I<a name=\"I\"> </a></td><td/></tr><tr><td>D<a name=\"D\"> </a></td><td/></tr><tr><td>B<a name=\"B\"> </a></td><td/></tr><tr><td>V<a name=\"V\"> </a></td><td/></tr><tr><td>L<a name=\"L\"> </a></td><td/></tr><tr><td>MO<a name=\"MO\"> </a></td><td/></tr><tr><td>DO<a name=\"DO\"> </a></td><td/></tr><tr><td>DI<a name=\"DI\"> </a></td><td/></tr><tr><td>MOD<a name=\"MOD\"> </a></td><td/></tr></table></div>"
  },
  "extension": [
    {
      "url": "http://hl7.org/fhir/StructureDefinition/valueset-oid",
      "valueUri": "urn:oid:2.16.840.1.113883.4.642.2.461"
    }
  ],
  "url": "http://hl7.org/fhir/vs/surface",
  "version": "0.4.0",
  "name": "Surface Codes",
  "publisher": "FHIR Project team",
  "contact": [
    {
      "telecom": [
        {
          "system": "url",
          "value": "http://hl7.org/fhir"
        }
      ]
    }
  ],
  "description": "This value set includes a smattering of FDI tooth surface codes.",
  "copyright": "This is an example set",
  "status": "draft",
  "experimental": true,
  "define": {
    "extension": [
      {
        "url": "http://hl7.org/fhir/StructureDefinition/valueset-oid",
        "valueUri": "urn:oid:null"
      }
    ],
    "system": "http://hl7.org/fhir/FDI-surface",
    "caseSensitive": true,
    "concept": [
      {
        "code": "M"
      },
      {
        "code": "O"
      },
      {
        "code": "I"
      },
      {
        "code": "D"
      },
      {
        "code": "B"
      },
      {
        "code": "V"
      },
      {
        "code": "L"
      },
      {
        "code": "MO"
      },
      {
        "code": "DO"
      },
      {
        "code": "DI"
      },
      {
        "code": "MOD"
      }
    ]
  }
}