{
  "resourceType": "ValueSet",
  "id": "valueset-bodysite-anatomic-plane",
  "meta": {
    "lastUpdated": "2015-03-23T23:56:59.139+00:00",
    "profile": [
      "http://hl7.org/fhir/StructureDefinition/valueset-shareable-definition"
    ]
  },
  "text": {
    "status": "generated",
    "div": "<div><p>This value set contains 5 concepts</p><h2>AnatomicPlane</h2><p>AnatomicPlane: SNOMED-CT concepts describing the anatomic planes of body</p><p><b>Copyright Statement:</b> This value set includes content from SNOMED CT, which is copyright &copy; 2002+ International Health Terminology Standards Development Organisation (IHTSDO), and distributed by agreement between IHTSDO and HL7. Implementer use of SNOMED CT is not covered by this agreement</p><p>This value set includes codes defined in other code systems, using the following rules:</p><ul><li>Include these codes as defined in http://snomed.info/sct<table><tr><td><b>Code</b></td><td><b>Display</b></td></tr><tr><td>279239001</td><td>Median plane</td><td/></tr><tr><td>279240004</td><td>Parasagittal plane</td><td/></tr><tr><td>279238009</td><td>Coronal plane</td><td/></tr><tr><td>416820004</td><td>Frontal plane</td><td/></tr><tr><td>243899009</td><td>Transverse plane</td><td/></tr></table></li></ul></div>"
  },
  "extension": [
    {
      "url": "http://hl7.org/fhir/StructureDefinition/valueset-oid",
      "valueUri": "urn:oid:2.16.840.1.113883.4.642.2.1093"
    }
  ],
  "url": "http://hl7.org/fhir/vs/bodysite-anatomic-plane",
  "version": "0.4.0",
  "name": "AnatomicPlane",
  "publisher": "Order and Observation Workgroup",
  "contact": [
    {
      "telecom": [
        {
          "system": "url",
          "value": "http://hl7.org/fhir"
        }
      ]
    }
  ],
  "description": "AnatomicPlane: SNOMED-CT concepts describing the anatomic planes of body",
  "copyright": "This value set includes content from SNOMED CT, which is copyright © 2002+ International Health Terminology Standards Development Organisation (IHTSDO), and distributed by agreement between IHTSDO and HL7. Implementer use of SNOMED CT is not covered by this agreement",
  "status": "draft",
  "experimental": true,
  "compose": {
    "include": [
      {
        "system": "http://snomed.info/sct",
        "concept": [
          {
            "code": "279239001",
            "display": "Median plane"
          },
          {
            "code": "279240004",
            "display": "Parasagittal plane"
          },
          {
            "code": "279238009",
            "display": "Coronal plane"
          },
          {
            "code": "416820004",
            "display": "Frontal plane"
          },
          {
            "code": "243899009",
            "display": "Transverse plane"
          }
        ]
      }
    ]
  }
}