{
  "resourceType": "ValueSet",
  "id": "valueset-parent-relationship-codes",
  "meta": {
    "lastUpdated": "2015-03-23T23:56:59.139+00:00",
    "profile": [
      "http://hl7.org/fhir/StructureDefinition/valueset-shareable-definition"
    ]
  },
  "text": {
    "status": "generated",
    "div": "<div>\n      <p>The value set includes the v3 RoleCode PRN (parent), TWIN (twin) and all of their specializations.  It covers the relationships needed to establish genetic pedigree relationships between family members.</p>\n    </div>"
  },
  "extension": [
    {
      "url": "http://hl7.org/fhir/StructureDefinition/valueset-oid",
      "valueUri": "urn:oid:2.16.840.1.113883.4.642.2.311"
    }
  ],
  "url": "http://hl7.org/fhir/vs/parent-relationship-codes",
  "version": "0.4.0",
  "name": "Parent Relationship Codes",
  "publisher": "FHIR Project team",
  "contact": [
    {
      "telecom": [
        {
          "system": "url",
          "value": "http://hl7.org/fhir"
        }
      ]
    }
  ],
  "description": "The value set includes the v3 RoleCode PRN (parent), TWIN (twin) and all of their specializations.  It covers the relationships needed to establish genetic pedigree relationships between family members.",
  "status": "draft",
  "experimental": true,
  "compose": {
    "include": [
      {
        "system": "http://hl7.org/fhir/v3/RoleCode",
        "filter": [
          {
            "property": "concept",
            "op": "is-a",
            "value": "PRN"
          }
        ]
      },
      {
        "system": "http://hl7.org/fhir/v3/RoleCode",
        "filter": [
          {
            "property": "concept",
            "op": "is-a",
            "value": "TWIN"
          }
        ]
      }
    ]
  }
}