{
  "resourceType": "ValueSet",
  "id": "valueset-observation-methods",
  "meta": {
    "lastUpdated": "2015-03-23T23:56:59.139+00:00",
    "profile": [
      "http://hl7.org/fhir/StructureDefinition/valueset-shareable-definition"
    ]
  },
  "text": {
    "status": "generated",
    "div": "<div>\n      <p>This value sets refers to 3 different sources of observation method codes, each with issues:</p>\n      <ul>\n        <li>v3 Code System &quot;ObservationMethod&quot;: this is very incomplete and not currently maintained</li>      \n        <li>SNOMED CT Techniques (descendents of 272394005): this is very incomplete, more than just observation methods, and has SNOMED CT licensing issues</li>      \n        <li>LOINC Method List: this is less incomplete, but not designed to be used as a formal code system</li>      \n      </ul>\n    </div>"
  },
  "extension": [
    {
      "url": "http://hl7.org/fhir/StructureDefinition/valueset-oid",
      "valueUri": "urn:oid:2.16.840.1.113883.4.642.2.114"
    }
  ],
  "url": "http://hl7.org/fhir/vs/observation-methods",
  "version": "0.4.0",
  "name": "Observation Methods",
  "publisher": "FHIR Project team",
  "contact": [
    {
      "telecom": [
        {
          "system": "url",
          "value": "http://hl7.org/fhir"
        }
      ]
    }
  ],
  "description": "Method Codes defined as part of v3",
  "copyright": "This value set includes content from LOINC®, which is copyright © 1995 Regenstrief Institute, Inc. and the LOINC Committee, and available at no cost under the license at http://loinc.org/terms-of-use. This value set includes content from SNOMED CT, which is copyright © 2002+ International Health Terminology Standards Development Organisation (IHTSDO), and distributed by agreement between IHTSDO and HL7. Implementer use of SNOMED CT is not covered by this agreement",
  "status": "draft",
  "experimental": true,
  "compose": {
    "include": [
      {
        "system": "http://hl7.org/fhir/v3/ObservationMethod"
      },
      {
        "system": "http://snomed.info/sct",
        "filter": [
          {
            "property": "concept",
            "op": "is-a",
            "value": "272394005"
          }
        ]
      },
      {
        "system": "http://loinc.org",
        "filter": [
          {
            "property": "Type",
            "op": "=",
            "value": "METHOD_TYP"
          }
        ]
      }
    ]
  }
}