{
  "resourceType": "ValueSet",
  "id": "valueset-daf-ethnicity",
  "meta": {
    "lastUpdated": "2015-03-23T23:56:59.139+00:00",
    "profile": [
      "http://hl7.org/fhir/StructureDefinition/valueset-shareable-definition"
    ]
  },
  "text": {
    "status": "generated",
    "div": "<div><p>This value set contains 4 concepts</p><h2>Ethnicity group</h2><p>Whether the patient is hispanic or not</p><p>This value set includes codes defined in other code systems, using the following rules:</p><ul><li>Include these codes as defined in <a href=\"v3/Ethnicity/index.html\">http://hl7.org/fhir/v3/Ethnicity</a><table><tr><td><b>Code</b></td><td><b>Display</b></td></tr><tr><td>2135-2</td><td>Hispanic or Latino</td><td>Hispanic or Latino</td></tr><tr><td>2186-5</td><td>Not Hispanic or Latino</td><td>Note that this term remains in the table for completeness, even though within HL7, the notion of &quot;not otherwise coded&quot; term is deprecated.</td></tr></table></li><li>Include these codes as defined in <a href=\"v3/NullFlavor/index.html\">http://hl7.org/fhir/v3/NullFlavor</a><table><tr><td><b>Code</b></td><td><b>Display</b></td></tr><tr><td>UNK</td><td>Unknown</td><td>Description:A proper value is applicable, but not known.<br/>\n                        \n                           Usage Notes: This means the actual value is not known.  If the only thing that is unknown is how to properly express the value in the necessary constraints (value set, datatype, etc.), then the OTH or UNC flavor should be used.  No properties should be included for a datatype with this property unless:<br/>\n                        \n                           Those properties themselves directly translate to a semantic of &quot;unknown&quot;.  (E.g. a local code sent as a translation that conveys 'unknown')\n                           Those properties further qualify the nature of what is unknown.  (E.g. specifying a use code of &quot;H&quot; and a URL prefix of &quot;tel:&quot; to convey that it is the home phone number that is unknown.)</td></tr><tr><td>ASKU</td><td>Asked but no answer</td><td>Information was sought but not found (e.g., patient was asked but didn't know)</td></tr></table></li></ul></div>"
  },
  "extension": [
    {
      "url": "http://hl7.org/fhir/StructureDefinition/valueset-oid",
      "valueUri": "urn:oid:2.16.840.1.114222.4.11.837"
    },
    {
      "url": "http://hl7.org/fhir/StructureDefinition/valueset-oid",
      "valueUri": "urn:oid:2.16.840.1.114222.4.11.837"
    }
  ],
  "url": "http://hl7.org/fhir/vs/daf-ethnicity",
  "version": "0.4.0",
  "name": "Ethnicity group",
  "publisher": "CDC via PHIN VADS",
  "contact": [
    {
      "telecom": [
        {
          "system": "url",
          "value": "http://phinvads.cdc.gov/vads/ViewValueSet.action?id=35D34BBC-617F-DD11-B38D-00188B398520"
        }
      ]
    },
    {
      "telecom": [
        {
          "system": "url",
          "value": "http://www.cdc.gov/"
        }
      ]
    }
  ],
  "description": "Whether the patient is hispanic or not",
  "status": "active",
  "experimental": true,
  "compose": {
    "include": [
      {
        "system": "http://hl7.org/fhir/v3/Ethnicity",
        "concept": [
          {
            "code": "2135-2",
            "display": "Hispanic or Latino"
          },
          {
            "code": "2186-5",
            "display": "Not Hispanic or Latino"
          }
        ]
      },
      {
        "system": "http://hl7.org/fhir/v3/NullFlavor",
        "concept": [
          {
            "code": "UNK",
            "display": "Unknown"
          },
          {
            "code": "ASKU",
            "display": "Asked but no answer"
          }
        ]
      }
    ]
  }
}