{
  "resourceType": "ValueSet",
  "id": "valueset-diagnostic-service-sections",
  "meta": {
    "lastUpdated": "2015-03-23T23:56:59.139+00:00",
    "profile": [
      "http://hl7.org/fhir/StructureDefinition/valueset-shareable-definition"
    ]
  },
  "text": {
    "status": "generated",
    "div": "<div>\n      This value set includes all codes in HL7 table HL7 v2 table 0074. It grows as new codes are defined by the release of new HL7 versions\n    <hr/><p>This value set does not contain a fixed number of concepts</p><h2>Diagnostic Service Section Codes</h2><p>This value set includes all the codes in HL7 v2 table 0074</p><p>This value set includes codes defined in other code systems, using the following rules:</p><ul><li>Include all codes defined in <a href=\"v2/0074/index.html\">http://hl7.org/fhir/v2/0074</a></li></ul></div>"
  },
  "extension": [
    {
      "url": "http://hl7.org/fhir/StructureDefinition/valueset-oid",
      "valueUri": "urn:oid:2.16.840.1.113883.4.642.2.61"
    }
  ],
  "url": "http://hl7.org/fhir/vs/diagnostic-service-sections",
  "version": "0.4.0",
  "name": "Diagnostic Service Section Codes",
  "publisher": "FHIR Project team",
  "contact": [
    {
      "telecom": [
        {
          "system": "url",
          "value": "http://hl7.org/fhir"
        }
      ]
    }
  ],
  "description": "This value set includes all the codes in HL7 v2 table 0074",
  "status": "draft",
  "experimental": true,
  "compose": {
    "include": [
      {
        "system": "http://hl7.org/fhir/v2/0074"
      }
    ]
  }
}