{
  "resourceType": "ValueSet",
  "id": "valueset-obs-uslab-codes",
  "meta": {
    "lastUpdated": "2015-03-23T23:56:59.139+00:00",
    "profile": [
      "http://hl7.org/fhir/StructureDefinition/valueset-shareable-definition"
    ]
  },
  "text": {
    "status": "generated",
    "div": "<div><p>This value set does not contain a fixed number of concepts</p><h2>US Laboratory Observation Profile Observation Name Codes</h2><p>LOINC codes.  This value set includes all LOINCs</p><p><b>Copyright Statement:</b> The LOINC table, LOINC codes, and LOINC panels and forms file are copyright &copy; 1995-2014, Regenstrief Institute, Inc. and the Logical Observation Identifiers Names and Codes (LOINC) Committee and available at no cost under the license at http://loinc.org/terms-of-use.</p><p>This value set includes codes defined in other code systems, using the following rules:</p><ul><li>Include all codes defined in http://loinc.org</li></ul></div>"
  },
  "extension": [
    {
      "url": "http://hl7.org/fhir/StructureDefinition/valueset-oid",
      "valueUri": "urn:oid:2.16.840.1.113883.4.642.2.1567"
    }
  ],
  "url": "http://hl7.org/fhir/vs/obs-uslab-codes",
  "version": "0.4.0",
  "name": "US Laboratory Observation Profile Observation Name Codes",
  "publisher": "HL7 International - Orders and Observations WG",
  "contact": [
    {
      "telecom": [
        {
          "system": "url",
          "value": "http://hl7.org/fhir"
        }
      ]
    }
  ],
  "description": "LOINC codes.  This value set includes all LOINCs",
  "copyright": "The LOINC table, LOINC codes, and LOINC panels and forms file are copyright © 1995-2014, Regenstrief Institute, Inc. and the Logical Observation Identifiers Names and Codes (LOINC) Committee and available at no cost under the license at http://loinc.org/terms-of-use.",
  "status": "draft",
  "experimental": true,
  "compose": {
    "include": [
      {
        "system": "http://loinc.org"
      }
    ]
  }
}