{
  "resourceType": "ValueSet",
  "id": "valueset-condition-severity",
  "meta": {
    "lastUpdated": "2015-03-23T23:56:59.139+00:00",
    "profile": [
      "http://hl7.org/fhir/StructureDefinition/valueset-shareable-definition"
    ]
  },
  "text": {
    "status": "generated",
    "div": "<div>\n      <p>This value set includes the following SNOMED CT &quot;Severity&quot; concepts:</p>\n      <ul>\n        <li>399166001: Fatal</li>\n        <li>24484000: Severe</li>\n        <li>6736007: Moderate</li>\n        <li>255604002: Mild</li>\n      </ul>\n    </div>"
  },
  "extension": [
    {
      "url": "http://hl7.org/fhir/StructureDefinition/valueset-oid",
      "valueUri": "urn:oid:2.16.840.1.113883.4.642.2.227"
    }
  ],
  "url": "http://hl7.org/fhir/vs/condition-severity",
  "version": "0.4.0",
  "name": "Condition/Diagnosis Severity",
  "publisher": "FHIR Project team",
  "contact": [
    {
      "telecom": [
        {
          "system": "url",
          "value": "http://hl7.org/fhir"
        }
      ]
    }
  ],
  "description": "Example value set for Condition/Diagnosis severity grading",
  "copyright": "This value set includes content from SNOMED CT, which is copyright © 2002+ International Health Terminology Standards Development Organisation (IHTSDO), and distributed by agreement between IHTSDO and HL7. Implementer use of SNOMED CT is not covered by this agreement",
  "status": "draft",
  "experimental": true,
  "compose": {
    "include": [
      {
        "system": "http://snomed.info/sct",
        "concept": [
          {
            "code": "399166001"
          },
          {
            "code": "24484000"
          },
          {
            "code": "6736007"
          },
          {
            "code": "255604002"
          }
        ]
      }
    ]
  }
}