{
  "resourceType": "ValueSet",
  "id": "valueset-observation-ccdasmokingstatus",
  "meta": {
    "lastUpdated": "2015-03-23T23:56:59.139+00:00",
    "profile": [
      "http://hl7.org/fhir/StructureDefinition/valueset-shareable-definition"
    ]
  },
  "text": {
    "status": "generated",
    "div": "<div><p>This value set contains 8 concepts</p><h2>Smoking Status</h2><p>This value set indicates the current smoking status of a patient. The vocabulary selected for this value set is the best approximation of the statuses in Meaningful Use (MU) Stage 1. The smoking status value set includes a special code to communicate if the smoking status is unknown</p><p><b>Copyright Statement:</b> This value set includes content from SNOMED CT, which is copyright &copy; 2002+ International Health Terminology Standards Development Organisation (IHTSDO), and distributed by agreement between IHTSDO and HL7. Implementer use of SNOMED CT is not covered by this agreement</p><p>This value set includes codes defined in other code systems, using the following rules:</p><ul><li>Include these codes as defined in http://snomed.info/sct<table><tr><td><b>Code</b></td><td><b>Display</b></td></tr><tr><td>449868002</td><td>Smokes tobacco daily (finding)</td><td/></tr><tr><td>428041000124106</td><td>Occasional tobacco smoker (finding)</td><td/></tr><tr><td>8517006</td><td>Ex-smoker (finding)</td><td/></tr><tr><td>266919005</td><td>Never smoked tobacco (finding)</td><td/></tr><tr><td>77176002</td><td>Smoker (finding)</td><td/></tr><tr><td>266927001</td><td>Tobacco smoking consumption unknown (finding)</td><td/></tr><tr><td>428071000124103</td><td>Heavy tobacco smoker (finding)</td><td/></tr><tr><td>428061000124105</td><td>Light tobacco smoker (finding)</td><td/></tr></table></li></ul></div>"
  },
  "extension": [
    {
      "url": "http://hl7.org/fhir/StructureDefinition/valueset-oid",
      "valueUri": "urn:oid:2.16.840.1.113883.4.642.2.0"
    }
  ],
  "url": "http://hl7.org/fhir/vs/observation-ccdasmokingstatus",
  "version": "0.4.0",
  "name": "Smoking Status",
  "publisher": "FHIR OO CDA Template team",
  "contact": [
    {
      "telecom": [
        {
          "system": "url",
          "value": "http://hl7.org/fhir"
        }
      ]
    }
  ],
  "description": "This value set indicates the current smoking status of a patient. The vocabulary selected for this value set is the best approximation of the statuses in Meaningful Use (MU) Stage 1. The smoking status value set includes a special code to communicate if the smoking status is unknown",
  "copyright": "This value set includes content from SNOMED CT, which is copyright © 2002+ International Health Terminology Standards Development Organisation (IHTSDO), and distributed by agreement between IHTSDO and HL7. Implementer use of SNOMED CT is not covered by this agreement",
  "status": "active",
  "experimental": true,
  "compose": {
    "include": [
      {
        "system": "http://snomed.info/sct",
        "version": "http://snomed.info/sct/US1000124/version/20140901",
        "concept": [
          {
            "code": "449868002"
          },
          {
            "code": "428041000124106"
          },
          {
            "code": "8517006"
          },
          {
            "code": "266919005"
          },
          {
            "code": "77176002"
          },
          {
            "code": "266927001"
          },
          {
            "code": "428071000124103"
          },
          {
            "code": "428061000124105"
          }
        ]
      }
    ]
  }
}