{
  "resourceType": "ValueSet",
  "id": "valueset-contract-actorrole",
  "meta": {
    "lastUpdated": "2015-03-23T23:56:59.139+00:00",
    "profile": [
      "http://hl7.org/fhir/StructureDefinition/valueset-shareable-definition"
    ]
  },
  "text": {
    "status": "generated",
    "div": "<div>\n      This value set includes sample Contract Actor role codes.\n    <hr/><p>This value set contains 2 concepts</p><h2>Contract Actor Role Codes</h2><p>This value set includes sample Contract Actor Role codes.</p><p><b>Copyright Statement:</b> This is an example set</p><p>This value set defines its own terms in the system http://www.hl7.org/fhir/contractactorrole</p><table class=\"codes\"><tr><td><b>Code</b></td><td><b>Definition</b></td></tr><tr><td>practitioner<a name=\"practitioner\"> </a></td><td/></tr><tr><td>patient<a name=\"patient\"> </a></td><td/></tr></table></div>"
  },
  "extension": [
    {
      "url": "http://hl7.org/fhir/StructureDefinition/valueset-oid",
      "valueUri": "urn:oid:2.16.840.1.113883.4.642.2.1555"
    }
  ],
  "url": "http://hl7.org/fhir/vs/contract-actorrole",
  "version": "0.4.0",
  "name": "Contract Actor Role Codes",
  "publisher": "CBCC",
  "contact": [
    {
      "telecom": [
        {
          "system": "url",
          "value": "http://hl7.org/fhir"
        }
      ]
    }
  ],
  "description": "This value set includes sample Contract Actor Role codes.",
  "copyright": "This is an example set",
  "status": "draft",
  "experimental": true,
  "define": {
    "extension": [
      {
        "url": "http://hl7.org/fhir/StructureDefinition/valueset-oid",
        "valueUri": "urn:oid:null"
      }
    ],
    "system": "http://www.hl7.org/fhir/contractactorrole",
    "caseSensitive": true,
    "concept": [
      {
        "code": "practitioner"
      },
      {
        "code": "patient"
      }
    ]
  }
}