{
  "resourceType": "ValueSet",
  "id": "valueset-obs-uslab-kind",
  "meta": {
    "lastUpdated": "2015-03-23T23:56:59.139+00:00",
    "profile": [
      "http://hl7.org/fhir/StructureDefinition/valueset-shareable-definition"
    ]
  },
  "text": {
    "status": "generated",
    "div": "<div><p>This value set contains 3 concepts</p><h2>USLabObservationKind</h2><p>Code to classify the kind of observation in Observation.value[x]</p><p>This value set defines its own terms in the system http://hl7.org/fhir/valueset-obs-uslab-kind</p><table class=\"codes\"><tr><td><b>Code</b></td><td><b>Display</b></td><td><b>Definition</b></td></tr><tr><td>result<a name=\"result\"> </a></td><td>result</td><td>The value is Observation.value[x] is an actual result from a laboratory test.</td></tr><tr><td>response<a name=\"response\"> </a></td><td>response</td><td>The value is Observation.value[x] is a response to laboratory Ask at order (AOE) questions.</td></tr><tr><td>information<a name=\"information\"> </a></td><td>information</td><td>The value is Observation.value[x] is some other unsolicited clnically relevant information.</td></tr></table></div>"
  },
  "extension": [
    {
      "url": "http://hl7.org/fhir/StructureDefinition/valueset-oid",
      "valueUri": "urn:oid:2.16.840.1.113883.4.642.2.530"
    }
  ],
  "url": "http://hl7.org/fhir/vs/valueset-obs-uslab-kind",
  "version": "0.4.0",
  "name": "USLabObservationKind",
  "publisher": "HL7 (FHIR Project)",
  "contact": [
    {
      "telecom": [
        {
          "system": "url",
          "value": "http://hl7.org/fhir"
        },
        {
          "system": "email",
          "value": "fhir@lists.hl7.org"
        }
      ]
    }
  ],
  "description": "Code to classify the kind of observation in Observation.value[x]",
  "status": "draft",
  "experimental": false,
  "date": "2015-03-23T23:56:59+00:00",
  "define": {
    "extension": [
      {
        "url": "http://hl7.org/fhir/StructureDefinition/valueset-oid",
        "valueUri": "urn:oid:2.16.840.1.113883.4.642.1.530"
      }
    ],
    "system": "http://hl7.org/fhir/valueset-obs-uslab-kind",
    "caseSensitive": true,
    "concept": [
      {
        "code": "result",
        "display": "result",
        "definition": "The value is Observation.value[x] is an actual result from a laboratory test."
      },
      {
        "code": "response",
        "display": "response",
        "definition": "The value is Observation.value[x] is a response to laboratory Ask at order (AOE) questions."
      },
      {
        "code": "information",
        "display": "information",
        "definition": "The value is Observation.value[x] is some other unsolicited clnically relevant information."
      }
    ]
  }
}