{
  "resourceType": "ValueSet",
  "id": "valueset-no-immunization-reason",
  "meta": {
    "lastUpdated": "2015-03-23T23:56:59.139+00:00",
    "profile": [
      "http://hl7.org/fhir/StructureDefinition/valueset-shareable-definition"
    ]
  },
  "text": {
    "status": "generated",
    "div": "<div><p>This value set does not contain a fixed number of concepts</p><h2>Immunization Reasons for Not Immunizing Codes</h2><p>The value set to instantiate this attribute should be drawn from a terminologically robust code system that consists of or          contains concepts to support the medication process, in particular the process and reasons for dispensing. This value set is provided as a suggestive example</p><p><b>Copyright Statement:</b> This value set includes content from SNOMED CT, which is copyright &copy; 2002+ International Health Terminology Standards Development Organisation (IHTSDO), and distributed by agreement between IHTSDO and HL7. Implementer use of SNOMED CT is not covered by this agreement</p><p>This value set includes codes defined in other code systems, using the following rules:</p><ul><li>Include these codes as defined in <a href=\"v3/ActReason/index.html\">http://hl7.org/fhir/v3/ActReason</a><table><tr><td><b>Code</b></td><td><b>Display</b></td></tr><tr><td>IMMUNE</td><td>immunity</td><td>Definition:Testing has shown that the patient already has immunity to the agent targeted by the immunization.</td></tr><tr><td>MEDPREC</td><td>medical precaution</td><td>Definition:The patient currently has a medical condition for which the vaccine is contraindicated or for which precaution is warranted.</td></tr><tr><td>OSTOCK</td><td>product out of stock</td><td>Definition:There was no supply of the product on hand to perform the service.</td></tr><tr><td>PATOBJ</td><td>patient objection</td><td>Definition:The patient or their guardian objects to receiving the vaccine.</td></tr></table></li><li>Include codes from http://snomed.info/sct where concept  is-a  310376006</li></ul></div>"
  },
  "extension": [
    {
      "url": "http://hl7.org/fhir/StructureDefinition/valueset-oid",
      "valueUri": "urn:oid:2.16.840.1.113883.4.642.2.354"
    }
  ],
  "url": "http://hl7.org/fhir/vs/no-immunization-reason",
  "version": "0.4.0",
  "name": "Immunization Reasons for Not Immunizing Codes",
  "publisher": "FHIR Project team",
  "contact": [
    {
      "telecom": [
        {
          "system": "url",
          "value": "http://hl7.org/fhir"
        }
      ]
    }
  ],
  "description": "The value set to instantiate this attribute should be drawn from a terminologically robust code system that consists of or          contains concepts to support the medication process, in particular the process and reasons for dispensing. This value set is provided as a suggestive example",
  "copyright": "This value set includes content from SNOMED CT, which is copyright © 2002+ International Health Terminology Standards Development Organisation (IHTSDO), and distributed by agreement between IHTSDO and HL7. Implementer use of SNOMED CT is not covered by this agreement",
  "status": "draft",
  "experimental": true,
  "compose": {
    "include": [
      {
        "system": "http://hl7.org/fhir/v3/ActReason",
        "concept": [
          {
            "code": "IMMUNE"
          },
          {
            "code": "MEDPREC"
          },
          {
            "code": "OSTOCK"
          },
          {
            "code": "PATOBJ"
          }
        ]
      },
      {
        "system": "http://snomed.info/sct",
        "filter": [
          {
            "property": "concept",
            "op": "is-a",
            "value": "310376006"
          }
        ]
      }
    ]
  }
}