{
  "resourceType": "ValueSet",
  "id": "valueset-obs-uslab-spec-reject",
  "meta": {
    "lastUpdated": "2015-03-23T23:56:59.139+00:00",
    "profile": [
      "http://hl7.org/fhir/StructureDefinition/valueset-shareable-definition"
    ]
  },
  "text": {
    "status": "generated",
    "div": "<div><p>This value set does not contain a fixed number of concepts</p><h2>US Laboratory Observation Specimen Rejection Codes</h2><p>This value set defines the set of code for identifying the reason why the specimen condition prevented the test form being completed. </p><p>This value set includes codes defined in other code systems, using the following rules:</p><ul><li>Include all codes defined in <a href=\"v2/0490/index.html\">http://hl7.org/fhir/v2/0490</a></li></ul></div>"
  },
  "extension": [
    {
      "url": "http://hl7.org/fhir/StructureDefinition/valueset-oid",
      "valueUri": "urn:oid:2.16.840.1.113883.4.642.2.529"
    }
  ],
  "url": "http://hl7.org/fhir/vs/obs-uslab-spec-reject",
  "version": "0.4.0",
  "name": "US Laboratory Observation Specimen Rejection Codes",
  "publisher": "HL7 International - Orders and Observations WG",
  "contact": [
    {
      "telecom": [
        {
          "system": "url",
          "value": "http://hl7.org/fhir"
        }
      ]
    }
  ],
  "description": "This value set defines the set of code for identifying the reason why the specimen condition prevented the test form being completed. ",
  "status": "draft",
  "experimental": true,
  "compose": {
    "include": [
      {
        "system": "http://hl7.org/fhir/v2/0490"
      }
    ]
  }
}