{
  "resourceType": "ValueSet",
  "id": "valueset-reason-medication-not-given-codes",
  "meta": {
    "lastUpdated": "2015-03-23T23:56:59.139+00:00",
    "profile": [
      "http://hl7.org/fhir/StructureDefinition/valueset-shareable-definition"
    ]
  },
  "text": {
    "status": "generated",
    "div": "<div>\n      <p>The value set to instantiate this attribute should be drawn from a terminologically robust code system that consists of or \n        contains concepts to support the medication process.</p>\n    </div>"
  },
  "extension": [
    {
      "url": "http://hl7.org/fhir/StructureDefinition/valueset-oid",
      "valueUri": "urn:oid:2.16.840.1.113883.4.642.2.93"
    }
  ],
  "url": "http://hl7.org/fhir/vs/reason-medication-not-given-codes",
  "version": "0.4.0",
  "name": "Reason Medication Not Given Codes",
  "publisher": "FHIR Project team",
  "contact": [
    {
      "telecom": [
        {
          "system": "url",
          "value": "http://hl7.org/fhir"
        }
      ]
    }
  ],
  "description": "This value set is provided as an exemplar",
  "status": "draft",
  "experimental": true,
  "define": {
    "extension": [
      {
        "url": "http://hl7.org/fhir/StructureDefinition/valueset-oid",
        "valueUri": "urn:oid:null"
      }
    ],
    "system": "http://hl7.org/fhir/reason-medication-not-given",
    "caseSensitive": true,
    "concept": [
      {
        "code": "a",
        "display": "None",
        "definition": "No reason known"
      },
      {
        "code": "b",
        "display": "Away",
        "definition": "The patient was not available when the dose was scheduled"
      },
      {
        "code": "c",
        "display": "Asleep",
        "definition": "The patient was asleep when the dose was scheduled"
      },
      {
        "code": "d",
        "display": "Vomit",
        "definition": "The patient was given the medication and immediately vomited it back"
      }
    ]
  }
}