{
  "resourceType": "ValueSet",
  "id": "valueset-tooth",
  "meta": {
    "lastUpdated": "2015-03-23T23:56:59.139+00:00",
    "profile": [
      "http://hl7.org/fhir/StructureDefinition/valueset-shareable-definition"
    ]
  },
  "text": {
    "status": "generated",
    "div": "<div>\n      This value set includes a smattering of ISO tooth surface codes.\n    <hr/><p>This value set contains 42 concepts</p><h2>Surface Codes</h2><p>This value set includes a smattering of FDI tooth surface codes.</p><p><b>Copyright Statement:</b> This is an example set</p><p>This value set defines its own terms in the system http://hl7.org/fhir/ex-surface</p><table class=\"codes\"><tr><td><b>Code</b></td><td><b>Definition</b></td></tr><tr><td>0<a name=\"0\"> </a></td><td/></tr><tr><td>1<a name=\"1\"> </a></td><td/></tr><tr><td>2<a name=\"2\"> </a></td><td/></tr><tr><td>3<a name=\"3\"> </a></td><td/></tr><tr><td>4<a name=\"4\"> </a></td><td/></tr><tr><td>5<a name=\"5\"> </a></td><td/></tr><tr><td>10<a name=\"10\"> </a></td><td/></tr><tr><td>20<a name=\"20\"> </a></td><td/></tr><tr><td>30<a name=\"30\"> </a></td><td/></tr><tr><td>40<a name=\"40\"> </a></td><td/></tr><tr><td>11<a name=\"11\"> </a></td><td/></tr><tr><td>12<a name=\"12\"> </a></td><td/></tr><tr><td>13<a name=\"13\"> </a></td><td/></tr><tr><td>14<a name=\"14\"> </a></td><td/></tr><tr><td>15<a name=\"15\"> </a></td><td/></tr><tr><td>16<a name=\"16\"> </a></td><td/></tr><tr><td>17<a name=\"17\"> </a></td><td/></tr><tr><td>18<a name=\"18\"> </a></td><td/></tr><tr><td>21<a name=\"21\"> </a></td><td/></tr><tr><td>22<a name=\"22\"> </a></td><td/></tr><tr><td>23<a name=\"23\"> </a></td><td/></tr><tr><td>24<a name=\"24\"> </a></td><td/></tr><tr><td>25<a name=\"25\"> </a></td><td/></tr><tr><td>26<a name=\"26\"> </a></td><td/></tr><tr><td>27<a name=\"27\"> </a></td><td/></tr><tr><td>28<a name=\"28\"> </a></td><td/></tr><tr><td>31<a name=\"31\"> </a></td><td/></tr><tr><td>32<a name=\"32\"> </a></td><td/></tr><tr><td>33<a name=\"33\"> </a></td><td/></tr><tr><td>34<a name=\"34\"> </a></td><td/></tr><tr><td>35<a name=\"35\"> </a></td><td/></tr><tr><td>36<a name=\"36\"> </a></td><td/></tr><tr><td>37<a name=\"37\"> </a></td><td/></tr><tr><td>38<a name=\"38\"> </a></td><td/></tr><tr><td>41<a name=\"41\"> </a></td><td/></tr><tr><td>42<a name=\"42\"> </a></td><td/></tr><tr><td>43<a name=\"43\"> </a></td><td/></tr><tr><td>44<a name=\"44\"> </a></td><td/></tr><tr><td>45<a name=\"45\"> </a></td><td/></tr><tr><td>46<a name=\"46\"> </a></td><td/></tr><tr><td>47<a name=\"47\"> </a></td><td/></tr><tr><td>48<a name=\"48\"> </a></td><td/></tr></table></div>"
  },
  "extension": [
    {
      "url": "http://hl7.org/fhir/StructureDefinition/valueset-oid",
      "valueUri": "urn:oid:2.16.840.1.113883.4.642.2.455"
    }
  ],
  "url": "http://hl7.org/fhir/vs/tooth",
  "version": "0.4.0",
  "name": "Surface Codes",
  "publisher": "FHIR Project team",
  "contact": [
    {
      "telecom": [
        {
          "system": "url",
          "value": "http://hl7.org/fhir"
        }
      ]
    }
  ],
  "description": "This value set includes a smattering of FDI tooth surface codes.",
  "copyright": "This is an example set",
  "status": "draft",
  "experimental": true,
  "define": {
    "extension": [
      {
        "url": "http://hl7.org/fhir/StructureDefinition/valueset-oid",
        "valueUri": "urn:oid:null"
      }
    ],
    "system": "http://hl7.org/fhir/ex-surface",
    "caseSensitive": true,
    "concept": [
      {
        "code": "0"
      },
      {
        "code": "1"
      },
      {
        "code": "2"
      },
      {
        "code": "3"
      },
      {
        "code": "4"
      },
      {
        "code": "5"
      },
      {
        "code": "10"
      },
      {
        "code": "20"
      },
      {
        "code": "30"
      },
      {
        "code": "40"
      },
      {
        "code": "11"
      },
      {
        "code": "12"
      },
      {
        "code": "13"
      },
      {
        "code": "14"
      },
      {
        "code": "15"
      },
      {
        "code": "16"
      },
      {
        "code": "17"
      },
      {
        "code": "18"
      },
      {
        "code": "21"
      },
      {
        "code": "22"
      },
      {
        "code": "23"
      },
      {
        "code": "24"
      },
      {
        "code": "25"
      },
      {
        "code": "26"
      },
      {
        "code": "27"
      },
      {
        "code": "28"
      },
      {
        "code": "31"
      },
      {
        "code": "32"
      },
      {
        "code": "33"
      },
      {
        "code": "34"
      },
      {
        "code": "35"
      },
      {
        "code": "36"
      },
      {
        "code": "37"
      },
      {
        "code": "38"
      },
      {
        "code": "41"
      },
      {
        "code": "42"
      },
      {
        "code": "43"
      },
      {
        "code": "44"
      },
      {
        "code": "45"
      },
      {
        "code": "46"
      },
      {
        "code": "47"
      },
      {
        "code": "48"
      }
    ]
  }
}