{
  "resourceType": "ValueSet",
  "id": "use-context",
  "meta": {
    "lastUpdated": "2015-03-23T23:56:59.139+00:00",
    "profile": [
      "http://hl7.org/fhir/StructureDefinition/valueset-shareable-definition"
    ]
  },
  "text": {
    "status": "generated",
    "div": "<div><p>This value set does not contain a fixed number of concepts</p><h2>Context of Use ValueSet</h2><p>This value set defines a base set of codes that can be used to indicate that the content in a resource was developed with a focus and intent of supporting use within particular contexts</p><p>This value set includes codes defined in other code systems, using the following rules:</p><ul><li>Import all the codes that are part of <a href=\"valueset-usps-state.html\">http://hl7.org/fhir/vs/usps-state</a></li><li>Import all the codes that are part of <a href=\"valueset-practitioner-specialty.html\">http://hl7.org/fhir/vs/practitioner-specialty</a></li><li>Include all codes defined in urn:iso:std:iso:3166</li><li>Include all codes defined in http://unstats.un.org/unsd/methods/m49/m49.htm</li></ul></div>"
  },
  "extension": [
    {
      "url": "http://hl7.org/fhir/StructureDefinition/valueset-oid",
      "valueUri": "urn:oid:2.16.840.1.113883.4.642.2.1550"
    }
  ],
  "url": "http://hl7.org/fhir/vs/use-context",
  "version": "0.4.0",
  "name": "Context of Use ValueSet",
  "publisher": "FHIR Project team",
  "contact": [
    {
      "telecom": [
        {
          "system": "url",
          "value": "http://hl7.org/fhir"
        }
      ]
    }
  ],
  "description": "This value set defines a base set of codes that can be used to indicate that the content in a resource was developed with a focus and intent of supporting use within particular contexts",
  "status": "draft",
  "experimental": true,
  "compose": {
    "import": [
      "http://hl7.org/fhir/vs/usps-state",
      "http://hl7.org/fhir/vs/practitioner-specialty"
    ],
    "include": [
      {
        "system": "urn:iso:std:iso:3166"
      },
      {
        "system": "http://unstats.un.org/unsd/methods/m49/m49.htm"
      }
    ]
  }
}