{
  "resourceType": "ValueSet",
  "id": "valueset-body-site",
  "meta": {
    "lastUpdated": "2015-03-23T23:56:59.139+00:00",
    "profile": [
      "http://hl7.org/fhir/StructureDefinition/valueset-shareable-definition"
    ]
  },
  "text": {
    "status": "generated",
    "div": "<div>\n      This value set includes all the &quot;Anatomical Structure&quot; SNOMED CT codes (i.e. codes with an is-a relationship with 91723000: Anatomical structure)&quot;\n    <hr/><p>This value set does not contain a fixed number of concepts</p><h2>SNOMED CT Body Structures</h2><p>This value set includes all the &quot;Anatomical Structure&quot; SNOMED CT codes (i.e. codes with an is-a relationship with 91723000: Anatomical structure)</p><p><b>Copyright Statement:</b> This value set includes content from SNOMED CT, which is copyright &copy; 2002+ International Health Terminology Standards Development Organisation (IHTSDO), and distributed by agreement between IHTSDO and HL7. Implementer use of SNOMED CT is not covered by this agreement</p><p>This value set includes codes defined in other code systems, using the following rules:</p><ul><li>Include codes from http://snomed.info/sct where concept  is-a  91723000</li></ul></div>"
  },
  "extension": [
    {
      "url": "http://hl7.org/fhir/StructureDefinition/valueset-oid",
      "valueUri": "urn:oid:2.16.840.1.113883.4.642.2.62"
    }
  ],
  "url": "http://hl7.org/fhir/vs/body-site",
  "version": "0.4.0",
  "name": "SNOMED CT Body Structures",
  "publisher": "FHIR Project team",
  "contact": [
    {
      "telecom": [
        {
          "system": "url",
          "value": "http://hl7.org/fhir"
        }
      ]
    }
  ],
  "description": "This value set includes all the \"Anatomical Structure\" SNOMED CT codes (i.e. codes with an is-a relationship with 91723000: Anatomical structure)",
  "copyright": "This value set includes content from SNOMED CT, which is copyright © 2002+ International Health Terminology Standards Development Organisation (IHTSDO), and distributed by agreement between IHTSDO and HL7. Implementer use of SNOMED CT is not covered by this agreement",
  "status": "draft",
  "experimental": true,
  "compose": {
    "include": [
      {
        "system": "http://snomed.info/sct",
        "filter": [
          {
            "property": "concept",
            "op": "is-a",
            "value": "91723000"
          }
        ]
      }
    ]
  }
}