{
  "resourceType": "ValueSet",
  "id": "valueset-service-pharmacy",
  "meta": {
    "lastUpdated": "2015-03-23T23:56:59.139+00:00",
    "profile": [
      "http://hl7.org/fhir/StructureDefinition/valueset-shareable-definition"
    ]
  },
  "text": {
    "status": "generated",
    "div": "<div>\n      This value set includes a smattering of Pharmacy Service codes.\n    <hr/><p>This value set contains 2 concepts</p><h2>Example Pharmacy Service Codes</h2><p>This value set includes a smattering of Pharmacy Service codes</p><p><b>Copyright Statement:</b> This is an example set</p><p>This value set defines its own terms in the system http://hl7.org/fhir/ex-pharmaservice</p><table class=\"codes\"><tr><td><b>Code</b></td><td><b>Definition</b></td></tr><tr><td>smokecess<a name=\"smokecess\"> </a></td><td/></tr><tr><td>flushot<a name=\"flushot\"> </a></td><td/></tr></table></div>"
  },
  "extension": [
    {
      "url": "http://hl7.org/fhir/StructureDefinition/valueset-oid",
      "valueUri": "urn:oid:2.16.840.1.113883.4.642.2.553"
    }
  ],
  "url": "http://hl7.org/fhir/vs/service-pharmacy",
  "version": "0.4.0",
  "name": "Example Pharmacy Service Codes",
  "publisher": "Financial Management",
  "contact": [
    {
      "telecom": [
        {
          "system": "url",
          "value": "http://hl7.org/fhir"
        }
      ]
    }
  ],
  "description": "This value set includes a smattering of Pharmacy Service codes",
  "copyright": "This is an example set",
  "status": "draft",
  "experimental": true,
  "define": {
    "extension": [
      {
        "url": "http://hl7.org/fhir/StructureDefinition/valueset-oid",
        "valueUri": "urn:oid:null"
      }
    ],
    "system": "http://hl7.org/fhir/ex-pharmaservice",
    "caseSensitive": true,
    "concept": [
      {
        "code": "smokecess"
      },
      {
        "code": "flushot"
      }
    ]
  }
}