{
  "resourceType": "ValueSet",
  "id": "valueset-payeetype",
  "meta": {
    "lastUpdated": "2015-03-23T23:56:59.139+00:00",
    "profile": [
      "http://hl7.org/fhir/StructureDefinition/valueset-shareable-definition"
    ]
  },
  "text": {
    "status": "generated",
    "div": "<div>\n      This value set includes sample Payee type codes.\n    <hr/><p>This value set contains 3 concepts</p><h2>Payee type Codes</h2><p>This value set includes sample Payee type codes.</p><p><b>Copyright Statement:</b> This is an example set</p><p>This value set defines its own terms in the system http://hl7.org/fhir/payeetype</p><table class=\"codes\"><tr><td><b>Code</b></td><td><b>Definition</b></td></tr><tr><td>subscriber<a name=\"subscriber\"> </a></td><td/></tr><tr><td>provider<a name=\"provider\"> </a></td><td/></tr><tr><td>other<a name=\"other\"> </a></td><td/></tr></table></div>"
  },
  "extension": [
    {
      "url": "http://hl7.org/fhir/StructureDefinition/valueset-oid",
      "valueUri": "urn:oid:2.16.840.1.113883.4.642.2.456"
    }
  ],
  "url": "http://hl7.org/fhir/vs/payeetype",
  "version": "0.4.0",
  "name": "Payee type Codes",
  "publisher": "Financial Management",
  "contact": [
    {
      "telecom": [
        {
          "system": "url",
          "value": "http://hl7.org/fhir"
        }
      ]
    }
  ],
  "description": "This value set includes sample Payee type codes.",
  "copyright": "This is an example set",
  "status": "draft",
  "experimental": true,
  "define": {
    "extension": [
      {
        "url": "http://hl7.org/fhir/StructureDefinition/valueset-oid",
        "valueUri": "urn:oid:null"
      }
    ],
    "system": "http://hl7.org/fhir/payeetype",
    "caseSensitive": true,
    "concept": [
      {
        "code": "subscriber"
      },
      {
        "code": "provider"
      },
      {
        "code": "other"
      }
    ]
  }
}