{
  "resourceType": "ValueSet",
  "id": "valueset-procedure-followup",
  "meta": {
    "lastUpdated": "2015-03-23T23:56:59.139+00:00",
    "profile": [
      "http://hl7.org/fhir/StructureDefinition/valueset-shareable-definition"
    ]
  },
  "text": {
    "status": "generated",
    "div": "<div><p>This value set contains 10 concepts</p><h2>Procedure Follow up Codes (SNOMED CT)</h2><p>Procedure follow up codes: a selection of snomed codes relevant to procedure follow up</p><p><b>Copyright Statement:</b> This value set includes content from SNOMED CT, which is copyright &copy; 2002+ International Health Terminology Standards Development Organisation (IHTSDO), and distributed by agreement between IHTSDO and HL7. Implementer use of SNOMED CT is not covered by this agreement</p><p>This value set includes codes defined in other code systems, using the following rules:</p><ul><li>Include these codes as defined in http://snomed.info/sct<table><tr><td><b>Code</b></td><td><b>Display</b></td></tr><tr><td>18949003</td><td/><td/></tr><tr><td>30549001</td><td/><td/></tr><tr><td>241031001</td><td/><td/></tr><tr><td>35963001</td><td/><td/></tr><tr><td>225164002</td><td/><td/></tr><tr><td>447346005</td><td/><td/></tr><tr><td>229506003</td><td/><td/></tr><tr><td>274441001</td><td/><td/></tr><tr><td>394725008</td><td/><td/></tr><tr><td>359825008</td><td/><td/></tr></table></li></ul></div>"
  },
  "extension": [
    {
      "url": "http://hl7.org/fhir/StructureDefinition/valueset-oid",
      "valueUri": "urn:oid:2.16.840.1.113883.4.642.2.1890"
    }
  ],
  "url": "http://hl7.org/fhir/vs/procedure-followup",
  "version": "0.4.0",
  "name": "Procedure Follow up Codes (SNOMED CT)",
  "publisher": "FHIR Project team",
  "contact": [
    {
      "telecom": [
        {
          "system": "url",
          "value": "http://hl7.org/fhir"
        }
      ]
    }
  ],
  "description": "Procedure follow up codes: a selection of snomed codes relevant to procedure follow up",
  "copyright": "This value set includes content from SNOMED CT, which is copyright © 2002+ International Health Terminology Standards Development Organisation (IHTSDO), and distributed by agreement between IHTSDO and HL7. Implementer use of SNOMED CT is not covered by this agreement",
  "status": "draft",
  "experimental": true,
  "compose": {
    "include": [
      {
        "system": "http://snomed.info/sct",
        "concept": [
          {
            "code": "18949003"
          },
          {
            "code": "30549001"
          },
          {
            "code": "241031001"
          },
          {
            "code": "35963001"
          },
          {
            "code": "225164002"
          },
          {
            "code": "447346005"
          },
          {
            "code": "229506003"
          },
          {
            "code": "274441001"
          },
          {
            "code": "394725008"
          },
          {
            "code": "359825008"
          }
        ]
      }
    ]
  }
}