{
  "resourceType": "ValueSet",
  "id": "valueset-supply-kind",
  "meta": {
    "lastUpdated": "2015-03-23T23:56:59.139+00:00",
    "profile": [
      "http://hl7.org/fhir/StructureDefinition/valueset-shareable-definition"
    ]
  },
  "text": {
    "status": "generated",
    "div": "<div><p>This value set contains 2 concepts</p><h2>Supply Type</h2><p>This value sets refers to a Category of supply</p><p>This value set defines its own terms in the system http://hl7.org/fhir/supply-kind</p><table class=\"codes\"><tr><td><b>Code</b></td><td><b>Display</b></td><td><b>Definition</b></td></tr><tr><td>central<a name=\"central\"> </a></td><td>Central Supply</td><td>Supply is stored and requested from central supply</td></tr><tr><td>nonstock<a name=\"nonstock\"> </a></td><td>Non-Stock</td><td>Supply is not onsite and must be requested from an outside vendor using a non-stock requisition</td></tr></table></div>"
  },
  "extension": [
    {
      "url": "http://hl7.org/fhir/StructureDefinition/valueset-oid",
      "valueUri": "urn:oid:2.16.840.1.113883.4.642.2.505"
    }
  ],
  "url": "http://hl7.org/fhir/vs/supply-kind",
  "version": "0.4.0",
  "name": "Supply Type",
  "publisher": "FHIR Project team",
  "contact": [
    {
      "telecom": [
        {
          "system": "url",
          "value": "http://hl7.org/fhir"
        }
      ]
    }
  ],
  "description": "This value sets refers to a Category of supply",
  "status": "draft",
  "experimental": true,
  "define": {
    "extension": [
      {
        "url": "http://hl7.org/fhir/StructureDefinition/valueset-oid",
        "valueUri": "urn:oid:null"
      }
    ],
    "system": "http://hl7.org/fhir/supply-kind",
    "caseSensitive": true,
    "concept": [
      {
        "code": "central",
        "display": "Central Supply",
        "definition": "Supply is stored and requested from central supply"
      },
      {
        "code": "nonstock",
        "display": "Non-Stock",
        "definition": "Supply is not onsite and must be requested from an outside vendor using a non-stock requisition"
      }
    ]
  }
}