{
  "resourceType": "ValueSet",
  "id": "valueset-observation-CCDAVitalSignResult",
  "meta": {
    "lastUpdated": "2015-03-23T23:56:59.139+00:00",
    "profile": [
      "http://hl7.org/fhir/StructureDefinition/valueset-shareable-definition"
    ]
  },
  "text": {
    "status": "generated",
    "div": "<div><p>This value set contains 13 concepts</p><h2>C-CDA Vital Sign Result </h2><p>This value set indicates the allowed vital sign result types. The vocabulary selected for this value set align with requirements in the Meaningful Use (MU) Stage 2.    Note the concept Blood pressure systolic and diastolic (55284-4) is used to group the related observations Systolic blood pressure (8480-6) and Diastolic blood pressure (8462-4). It SHALL NOT be used alone.</p><p><b>Copyright Statement:</b> This content from LOINC&reg; is copyright &copy; 1995 Regenstrief Institute, Inc. and the LOINC Committee, and available at no cost under the license at http://loinc.org/terms-of-use</p><p>This value set includes codes defined in other code systems, using the following rules:</p><ul><li>Include these codes as defined in http://loinc.org<table><tr><td><b>Code</b></td><td><b>Display</b></td></tr><tr><td>9279-1</td><td>Respiratory rate</td><td/></tr><tr><td>8867-4</td><td>Heart rate</td><td/></tr><tr><td>2710-2</td><td>Oxygen saturation in Capillary blood by Oximetry</td><td/></tr><tr><td>55284-4</td><td>Blood pressure systolic and diastolic</td><td/></tr><tr><td>8480-6</td><td>Systolic blood pressure</td><td/></tr><tr><td>8462-4</td><td>Diastolic blood pressure</td><td/></tr><tr><td>8310-5</td><td>Body temperature</td><td/></tr><tr><td>8302-2</td><td>Body height</td><td/></tr><tr><td>8306-3</td><td>Body height --lying</td><td/></tr><tr><td>8287-5</td><td>Head Occipital-frontal circumference by Tape measure</td><td/></tr><tr><td>3141-9</td><td>Body weight Measured</td><td/></tr><tr><td>39156-5</td><td>Body mass index (BMI) [Ratio]</td><td/></tr><tr><td>3140-1</td><td>Body surface area Derived from formula</td><td/></tr></table></li></ul></div>"
  },
  "extension": [
    {
      "url": "http://hl7.org/fhir/StructureDefinition/valueset-oid",
      "valueUri": "2.16.840.1.113883.3.88.12.80.62"
    },
    {
      "url": "http://hl7.org/fhir/StructureDefinition/valueset-oid",
      "valueUri": "urn:oid:2.16.840.1.113883.3.88.12.80.62"
    }
  ],
  "url": "http://hl7.org/fhir/vs/observation-CCDAVitalSignResult",
  "version": "0.4.0",
  "name": "C-CDA Vital Sign Result ",
  "publisher": "FHIR OO CDA Template team",
  "contact": [
    {
      "telecom": [
        {
          "system": "url",
          "value": "http://hl7.org/fhir"
        }
      ]
    }
  ],
  "description": "This value set indicates the allowed vital sign result types. The vocabulary selected for this value set align with requirements in the Meaningful Use (MU) Stage 2.    Note the concept Blood pressure systolic and diastolic (55284-4) is used to group the related observations Systolic blood pressure (8480-6) and Diastolic blood pressure (8462-4). It SHALL NOT be used alone.",
  "copyright": "This content from LOINC® is copyright © 1995 Regenstrief Institute, Inc. and the LOINC Committee, and available at no cost under the license at http://loinc.org/terms-of-use",
  "status": "active",
  "experimental": true,
  "compose": {
    "include": [
      {
        "system": "http://loinc.org",
        "concept": [
          {
            "code": "9279-1"
          },
          {
            "code": "8867-4"
          },
          {
            "code": "2710-2"
          },
          {
            "code": "55284-4"
          },
          {
            "code": "8480-6"
          },
          {
            "code": "8462-4"
          },
          {
            "code": "8310-5"
          },
          {
            "code": "8302-2"
          },
          {
            "code": "8306-3"
          },
          {
            "code": "8287-5"
          },
          {
            "code": "3141-9"
          },
          {
            "code": "39156-5"
          },
          {
            "code": "3140-1"
          }
        ]
      }
    ]
  }
}