{
  "resourceType": "ValueSet",
  "id": "valueset-process-outcome",
  "meta": {
    "lastUpdated": "2015-03-23T23:56:59.139+00:00",
    "profile": [
      "http://hl7.org/fhir/StructureDefinition/valueset-shareable-definition"
    ]
  },
  "text": {
    "status": "generated",
    "div": "<div>\n      This value set includes sample Process Outcome codes.\n    <hr/><p>This value set contains 3 concepts</p><h2>Process Outcome Codes</h2><p>This value set includes sample Process Outcome codes.</p><p><b>Copyright Statement:</b> This is an example set</p><p>This value set defines its own terms in the system http://hl7.org/fhir/processoutcomecodes</p><table class=\"codes\"><tr><td><b>Code</b></td><td><b>Definition</b></td></tr><tr><td>complete<a name=\"complete\"> </a></td><td/></tr><tr><td>pended<a name=\"pended\"> </a></td><td/></tr><tr><td>error<a name=\"error\"> </a></td><td/></tr></table></div>"
  },
  "extension": [
    {
      "url": "http://hl7.org/fhir/StructureDefinition/valueset-oid",
      "valueUri": "urn:oid:2.16.840.1.113883.4.642.2.514"
    }
  ],
  "url": "http://hl7.org/fhir/vs/process-outcome",
  "version": "0.4.0",
  "name": "Process Outcome Codes",
  "publisher": "Financial Management",
  "contact": [
    {
      "telecom": [
        {
          "system": "url",
          "value": "http://hl7.org/fhir"
        }
      ]
    }
  ],
  "description": "This value set includes sample Process Outcome codes.",
  "copyright": "This is an example set",
  "status": "draft",
  "experimental": true,
  "define": {
    "extension": [
      {
        "url": "http://hl7.org/fhir/StructureDefinition/valueset-oid",
        "valueUri": "urn:oid:null"
      }
    ],
    "system": "http://hl7.org/fhir/processoutcomecodes",
    "caseSensitive": true,
    "concept": [
      {
        "code": "complete"
      },
      {
        "code": "pended"
      },
      {
        "code": "error"
      }
    ]
  }
}