{
  "resourceType": "ValueSet",
  "id": "valueset-list-example-codes",
  "meta": {
    "lastUpdated": "2015-03-23T23:56:59.139+00:00",
    "profile": [
      "http://hl7.org/fhir/StructureDefinition/valueset-shareable-definition"
    ]
  },
  "text": {
    "status": "generated",
    "div": "<div><p>This value set contains 9 concepts</p><h2>Example Use Codes for List</h2><p>Example use codes for the List resource - typical kinds of use. TODO: Does LOINC define useful codes?</p><p>This value set defines its own terms in the system http://hl7.org/fhir/list-example-use-codes</p><table class=\"codes\"><tr><td><b>Code</b></td><td><b>Display</b></td><td><b>Definition</b></td></tr><tr><td>alerts<a name=\"alerts\"> </a></td><td>Alerts</td><td>A list of alerts for the patient</td></tr><tr><td>adverserxns<a name=\"adverserxns\"> </a></td><td>Adverse Reactions</td><td>A list of part adverse reactions</td></tr><tr><td>allergies<a name=\"allergies\"> </a></td><td>Allergies</td><td>A list of Allergies for the patient</td></tr><tr><td>medications<a name=\"medications\"> </a></td><td>Medication List</td><td>A list of medication statements for the patient</td></tr><tr><td>problems<a name=\"problems\"> </a></td><td>Problem List</td><td>A list of problems that the patient is known of have (or have had in the past)</td></tr><tr><td>worklist<a name=\"worklist\"> </a></td><td>Worklist</td><td>A list of items that constitute a set of work to be performed (typically this code would be specialised for more specific uses, such as a ward round list)</td></tr><tr><td>waiting<a name=\"waiting\"> </a></td><td>Waiting List</td><td>A list of items waiting for an event (perhaps a surgical patient waiting list)</td></tr><tr><td>protocols<a name=\"protocols\"> </a></td><td>Protocols</td><td>A set of protocols to be followed</td></tr><tr><td>plans<a name=\"plans\"> </a></td><td>Care Plans</td><td>A set of care plans that apply in a particular context of care</td></tr></table></div>"
  },
  "extension": [
    {
      "url": "http://hl7.org/fhir/StructureDefinition/valueset-oid",
      "valueUri": "urn:oid:2.16.840.1.113883.4.642.2.320"
    }
  ],
  "url": "http://hl7.org/fhir/vs/list-example-codes",
  "version": "0.4.0",
  "name": "Example Use Codes for List",
  "publisher": "FHIR Project",
  "contact": [
    {
      "telecom": [
        {
          "system": "url",
          "value": "http://hl7.org/fhir"
        }
      ]
    }
  ],
  "description": "Example use codes for the List resource - typical kinds of use. TODO: Does LOINC define useful codes?",
  "status": "draft",
  "experimental": true,
  "define": {
    "extension": [
      {
        "url": "http://hl7.org/fhir/StructureDefinition/valueset-oid",
        "valueUri": "urn:oid:null"
      }
    ],
    "system": "http://hl7.org/fhir/list-example-use-codes",
    "caseSensitive": true,
    "concept": [
      {
        "code": "alerts",
        "display": "Alerts",
        "definition": "A list of alerts for the patient"
      },
      {
        "code": "adverserxns",
        "display": "Adverse Reactions",
        "definition": "A list of part adverse reactions"
      },
      {
        "code": "allergies",
        "display": "Allergies",
        "definition": "A list of Allergies for the patient"
      },
      {
        "code": "medications",
        "display": "Medication List",
        "definition": "A list of medication statements for the patient"
      },
      {
        "code": "problems",
        "display": "Problem List",
        "definition": "A list of problems that the patient is known of have (or have had in the past)"
      },
      {
        "code": "worklist",
        "display": "Worklist",
        "definition": "A list of items that constitute a set of work to be performed (typically this code would be specialised for more specific uses, such as a ward round list)"
      },
      {
        "code": "waiting",
        "display": "Waiting List",
        "definition": "A list of items waiting for an event (perhaps a surgical patient waiting list)"
      },
      {
        "code": "protocols",
        "display": "Protocols",
        "definition": "A set of protocols to be followed"
      },
      {
        "code": "plans",
        "display": "Care Plans",
        "definition": "A set of care plans that apply in a particular context of care"
      }
    ]
  }
}