{
  "resourceType": "ValueSet",
  "id": "valueset-specimen-collection-priority",
  "meta": {
    "lastUpdated": "2015-03-23T23:56:59.139+00:00",
    "profile": [
      "http://hl7.org/fhir/StructureDefinition/valueset-shareable-definition"
    ]
  },
  "text": {
    "status": "generated",
    "div": "<div><p>This value set contains 7 concepts</p><h2>SpecimenCollectionPriority</h2><p> This example value set defines a set of codes that can be used to indicate the priority of collection of a specimen.</p><p><b>Copyright Statement:</b> TBD</p><p>This value set includes codes defined in other code systems, using the following rules:</p><ul><li>Include these codes as defined in http://www.example.com<table><tr><td><b>Code</b></td><td><b>Display</b></td></tr><tr><td>1</td><td>STAT</td><td/></tr><tr><td>2</td><td>ASAP</td><td/></tr><tr><td>3</td><td>ASAP-ED</td><td/></tr><tr><td>4</td><td>AM</td><td/></tr><tr><td>5</td><td>ROUTINE</td><td/></tr><tr><td>6</td><td>NURSE COLLECT</td><td/></tr><tr><td>7</td><td>CALL OR FAX</td><td/></tr></table></li></ul></div>"
  },
  "extension": [
    {
      "url": "http://hl7.org/fhir/StructureDefinition/valueset-oid",
      "valueUri": "urn:oid:2.16.840.1.113883.4.642.2.1492"
    }
  ],
  "url": "http://hl7.org/fhir/vs/specimen-collection-priority",
  "version": "0.4.0",
  "name": "SpecimenCollectionPriority",
  "publisher": "FHIR Project team",
  "contact": [
    {
      "telecom": [
        {
          "system": "url",
          "value": "http://hl7.org/fhir"
        }
      ]
    }
  ],
  "description": " This example value set defines a set of codes that can be used to indicate the priority of collection of a specimen.",
  "copyright": "TBD",
  "status": "draft",
  "experimental": true,
  "compose": {
    "include": [
      {
        "system": "http://www.example.com",
        "concept": [
          {
            "code": "1",
            "display": "STAT"
          },
          {
            "code": "2",
            "display": "ASAP"
          },
          {
            "code": "3",
            "display": "ASAP-ED"
          },
          {
            "code": "4",
            "display": "AM"
          },
          {
            "code": "5",
            "display": "ROUTINE"
          },
          {
            "code": "6",
            "display": "NURSE COLLECT"
          },
          {
            "code": "7",
            "display": "CALL OR FAX"
          }
        ]
      }
    ]
  }
}