{
  "resourceType": "ValueSet",
  "id": "valueset-relatedperson-relationshiptype",
  "meta": {
    "lastUpdated": "2015-03-23T23:56:59.139+00:00",
    "profile": [
      "http://hl7.org/fhir/StructureDefinition/valueset-shareable-definition"
    ]
  },
  "text": {
    "status": "generated",
    "div": "<div><p>This value set does not contain a fixed number of concepts</p><h2>PatientRelationshipType</h2><p>A set of codes that can be used to indicate the relationship between a Patient and a RelatedPerson.</p><p>This value set includes codes defined in other code systems, using the following rules:</p><ul><li>Import all the codes that are part of <a href=\"valueset-patient-contact-relationship.html\">http://hl7.org/fhir/vs/patient-contact-relationship</a></li><li>Include codes from <a href=\"v3/RoleCode/index.html\">http://hl7.org/fhir/v3/RoleCode</a> where concept  is-a  <a href=\"v3/RoleCode/index.html#_PersonalRelationshipRoleType\">_PersonalRelationshipRoleType</a></li></ul></div>"
  },
  "extension": [
    {
      "url": "http://hl7.org/fhir/StructureDefinition/valueset-oid",
      "valueUri": "urn:oid:2.16.840.1.113883.4.642.2.251"
    }
  ],
  "url": "http://hl7.org/fhir/vs/relatedperson-relationshiptype",
  "version": "0.4.0",
  "name": "PatientRelationshipType",
  "publisher": "FHIR Project team",
  "contact": [
    {
      "telecom": [
        {
          "system": "url",
          "value": "http://hl7.org/fhir"
        }
      ]
    }
  ],
  "description": "A set of codes that can be used to indicate the relationship between a Patient and a RelatedPerson.",
  "status": "draft",
  "experimental": true,
  "compose": {
    "import": [
      "http://hl7.org/fhir/vs/patient-contact-relationship"
    ],
    "include": [
      {
        "system": "http://hl7.org/fhir/v3/RoleCode",
        "filter": [
          {
            "property": "concept",
            "op": "is-a",
            "value": "_PersonalRelationshipRoleType"
          }
        ]
      }
    ]
  }
}