{
  "resourceType": "ValueSet",
  "id": "valueset-do-uslab-event",
  "meta": {
    "lastUpdated": "2015-03-23T23:56:59.139+00:00",
    "profile": [
      "http://hl7.org/fhir/StructureDefinition/valueset-shareable-definition"
    ]
  },
  "text": {
    "status": "generated",
    "div": "<div><p>This value set contains 4 concepts</p><h2>USLAB Diagnostic Order Event Codes</h2><p>US Realm ambulatory care event codes that correspond the Use cases outlined in the USLabOrder Implementation Guide</p><p>This value set defines its own terms in the system http://hl7.org/fhir/uslab-event</p><table class=\"codes\"><tr><td><b>Code</b></td><td><b>Display</b></td><td><b>Definition</b></td></tr><tr><td>new-request<a name=\"new-request\"> </a></td><td>new request</td><td>a Provider (.orderer) orders one or more new laboratory tests or scheduled laboratory tests (including future tests) to be performed by a laboratory. </td></tr><tr><td>add-on-request<a name=\"add-on-request\"> </a></td><td>add-on request</td><td>a Provider (.orderer) adds one or more additional tests to a previously transmitted test requisition.</td></tr><tr><td>orderer-cancel<a name=\"orderer-cancel\"> </a></td><td>orderer cancel</td><td>The Provider (.orderer)  requests cancelation of previously ordered test</td></tr><tr><td>lab-cancel<a name=\"lab-cancel\"> </a></td><td>laboratory cancel</td><td>The laboratory cancels a previously ordered test</td></tr></table></div>"
  },
  "extension": [
    {
      "url": "http://hl7.org/fhir/StructureDefinition/valueset-oid",
      "valueUri": "urn:oid:2.16.840.1.113883.4.642.2.511"
    }
  ],
  "url": "http://hl7.org/fhir/vs/do-uslab-event",
  "version": "0.4.0",
  "name": "USLAB Diagnostic Order Event Codes",
  "publisher": "Orders and Observations Working Group",
  "contact": [
    {
      "telecom": [
        {
          "system": "url",
          "value": "http://hl7.org/fhir"
        }
      ]
    }
  ],
  "description": "US Realm ambulatory care event codes that correspond the Use cases outlined in the USLabOrder Implementation Guide",
  "status": "draft",
  "experimental": true,
  "define": {
    "extension": [
      {
        "url": "http://hl7.org/fhir/StructureDefinition/valueset-oid",
        "valueUri": "urn:oid:null"
      }
    ],
    "system": "http://hl7.org/fhir/uslab-event",
    "caseSensitive": true,
    "concept": [
      {
        "code": "new-request",
        "display": "new request",
        "definition": "a Provider (.orderer) orders one or more new laboratory tests or scheduled laboratory tests (including future tests) to be performed by a laboratory. "
      },
      {
        "code": "add-on-request",
        "display": "add-on request",
        "definition": "a Provider (.orderer) adds one or more additional tests to a previously transmitted test requisition."
      },
      {
        "code": "orderer-cancel",
        "display": "orderer cancel",
        "definition": "The Provider (.orderer)  requests cancelation of previously ordered test"
      },
      {
        "code": "lab-cancel",
        "display": "laboratory cancel",
        "definition": "The laboratory cancels a previously ordered test"
      }
    ]
  }
}