{
  "resourceType": "ValueSet",
  "id": "valueset-oral-prosthodontic-material",
  "meta": {
    "lastUpdated": "2015-03-23T23:56:59.139+00:00",
    "profile": [
      "http://hl7.org/fhir/StructureDefinition/valueset-shareable-definition"
    ]
  },
  "text": {
    "status": "generated",
    "div": "<div>\n      This value set includes sample Oral Prosthodontic Material type codes.\n    <hr/><p>This value set contains 4 concepts</p><h2>Oral Prostho Material type Codes</h2><p>This value set includes sample Oral Prosthodontic Material type codes.</p><p><b>Copyright Statement:</b> This is an example set</p><p>This value set defines its own terms in the system http://hl7.org/fhir/ex-oralprostho</p><table class=\"codes\"><tr><td><b>Code</b></td><td><b>Definition</b></td></tr><tr><td>1<a name=\"1\"> </a></td><td/></tr><tr><td>2<a name=\"2\"> </a></td><td/></tr><tr><td>3<a name=\"3\"> </a></td><td/></tr><tr><td>4<a name=\"4\"> </a></td><td/></tr></table></div>"
  },
  "extension": [
    {
      "url": "http://hl7.org/fhir/StructureDefinition/valueset-oid",
      "valueUri": "urn:oid:2.16.840.1.113883.4.642.2.454"
    }
  ],
  "url": "http://hl7.org/fhir/vs/oral-prosthodontic-material",
  "version": "0.4.0",
  "name": "Oral Prostho Material type Codes",
  "publisher": "Financial Management",
  "contact": [
    {
      "telecom": [
        {
          "system": "url",
          "value": "http://hl7.org/fhir"
        }
      ]
    }
  ],
  "description": "This value set includes sample Oral Prosthodontic Material type codes.",
  "copyright": "This is an example set",
  "status": "draft",
  "experimental": true,
  "define": {
    "extension": [
      {
        "url": "http://hl7.org/fhir/StructureDefinition/valueset-oid",
        "valueUri": "urn:oid:null"
      }
    ],
    "system": "http://hl7.org/fhir/ex-oralprostho",
    "caseSensitive": true,
    "concept": [
      {
        "code": "1"
      },
      {
        "code": "2"
      },
      {
        "code": "3"
      },
      {
        "code": "4"
      }
    ]
  }
}