{
  "resourceType": "ValueSet",
  "id": "valueset-daf-cvx",
  "meta": {
    "lastUpdated": "2015-03-23T23:56:59.139+00:00",
    "profile": [
      "http://hl7.org/fhir/StructureDefinition/valueset-shareable-definition"
    ]
  },
  "text": {
    "status": "generated",
    "div": "<div><p>This value set does not contain a fixed number of concepts</p><h2>Vaccine Administered Value Set</h2><p>This identifies the vaccine substance administered - CVX codes</p><p>This value set includes codes defined in other code systems, using the following rules:</p><ul><li>Include all codes defined in http://www2a.cdc.gov/vaccines/iis/iisstandards/vaccines.asp?rpt=cvx</li></ul></div>"
  },
  "extension": [
    {
      "url": "http://hl7.org/fhir/StructureDefinition/valueset-oid",
      "valueUri": "2.16.840.1.113883.3.88.12.80.22"
    },
    {
      "url": "http://hl7.org/fhir/StructureDefinition/valueset-oid",
      "valueUri": "urn:oid:2.16.840.1.113883.3.88.12.80.22"
    }
  ],
  "url": "http://hl7.org/fhir/vs/daf-cvx",
  "version": "0.4.0",
  "name": "Vaccine Administered Value Set",
  "publisher": "HL7 FHIR",
  "contact": [
    {
      "telecom": [
        {
          "system": "url",
          "value": "http://hl7.org/fhir"
        }
      ]
    }
  ],
  "description": "This identifies the vaccine substance administered - CVX codes",
  "status": "active",
  "experimental": true,
  "compose": {
    "include": [
      {
        "system": "http://www2a.cdc.gov/vaccines/iis/iisstandards/vaccines.asp?rpt=cvx"
      }
    ]
  }
}