{
  "resourceType": "ValueSet",
  "id": "valueset-approach-site-codes",
  "meta": {
    "lastUpdated": "2015-03-23T23:56:59.139+00:00",
    "profile": [
      "http://hl7.org/fhir/StructureDefinition/valueset-shareable-definition"
    ]
  },
  "text": {
    "status": "generated",
    "div": "<div>\n      <p>The value set to instantiate this attribute should be drawn from a terminologically robust code system that consists of or contains site of administration concepts.</p>\n      <p>Possible sources include:</p>\n      <ul>\n        <li>SNOMED CT - selected children of SCTID:91723000 &quot;anatomical structure&quot; (note: there would need to be considerable selection \n          of concepts as the full child subset would be too big and too detailed for use)</li>\n        <li>ISO 11239 - Intended site</li>\n        <li>NCIt - selected children of NCIt concept C74444456 &quot;anatomical location&quot; (note: this is the SDTM location concepts; \n          it would also need subsetting to provide a useable set of medication administration)\n          Note: to avoid confusion with other attributes in this resource concepts that are pre-coordinated with method and/or \n          route of administration (e.g.  &quot;rub into left hand&quot; where &quot;rub in&quot; is the method or &quot;IV into left subclavian vein&quot; where &quot;IV&quot; is the route) should not be used in this value set</li>\n      </ul>\n      <p>SNOMED CT is being used here as the example terminology.</p>\n      <p>Note: to avoid confusion with other attributes in this resource concepts that are pre-coordinated with method and/or \n        route of administration (e.g.  &quot;rub into left hand&quot; where &quot;rub in&quot; is the method or &quot;IV into left subclavian vein&quot; where &quot;IV&quot; is the route) should not be used in this value set\n      </p>\n    </div>"
  },
  "extension": [
    {
      "url": "http://hl7.org/fhir/StructureDefinition/valueset-oid",
      "valueUri": "urn:oid:2.16.840.1.113883.4.642.2.95"
    }
  ],
  "url": "http://hl7.org/fhir/vs/approach-site-codes",
  "version": "0.4.0",
  "name": "SNOMED CT Anatomical Structure for Administration Site Codes",
  "publisher": "FHIR Project team",
  "contact": [
    {
      "telecom": [
        {
          "system": "url",
          "value": "http://hl7.org/fhir"
        }
      ]
    }
  ],
  "description": "This value set includes Anatomical Structure codes from SNOMED CT - provided as an exemplar",
  "copyright": "This value set includes content from SNOMED CT, which is copyright © 2002+ International Health Terminology Standards Development Organisation (IHTSDO), and distributed by agreement between IHTSDO and HL7. Implementer use of SNOMED CT is not covered by this agreement",
  "status": "draft",
  "experimental": true,
  "compose": {
    "include": [
      {
        "system": "http://snomed.info/sct",
        "filter": [
          {
            "property": "concept",
            "op": "is-a",
            "value": "91723000"
          }
        ]
      }
    ]
  }
}