{
  "resourceType": "ValueSet",
  "id": "valueset-doc-typecodes",
  "meta": {
    "lastUpdated": "2015-03-23T23:56:59.139+00:00",
    "profile": [
      "http://hl7.org/fhir/StructureDefinition/valueset-shareable-definition"
    ]
  },
  "text": {
    "status": "generated",
    "div": "<div><p>This value set does not contain a fixed number of concepts</p><h2>FHIR Document Type Codes</h2><p>FHIR Document Codes - all LOINC codes where scale_type = 'DOC'</p><p><b>Copyright Statement:</b> This content from LOINC&reg; is copyright &copy; 1995 Regenstrief Institute, Inc. and the LOINC Committee, and available at no cost under the license at http://loinc.org/terms-of-use</p><p>This value set includes codes defined in other code systems, using the following rules:</p><ul><li>Include codes from http://loinc.org where SCALE_TYP  =  DOC</li></ul></div>"
  },
  "extension": [
    {
      "url": "http://hl7.org/fhir/StructureDefinition/valueset-oid",
      "valueUri": "urn:oid:2.16.840.1.113883.4.642.2.65"
    }
  ],
  "url": "http://hl7.org/fhir/vs/doc-typecodes",
  "version": "0.4.0",
  "name": "FHIR Document Type Codes",
  "publisher": "HL7",
  "contact": [
    {
      "telecom": [
        {
          "system": "url",
          "value": "http://hl7.org"
        }
      ]
    }
  ],
  "description": "FHIR Document Codes - all LOINC codes where scale_type = 'DOC'",
  "copyright": "This content from LOINC® is copyright © 1995 Regenstrief Institute, Inc. and the LOINC Committee, and available at no cost under the license at http://loinc.org/terms-of-use",
  "status": "draft",
  "experimental": true,
  "compose": {
    "include": [
      {
        "system": "http://loinc.org",
        "filter": [
          {
            "property": "SCALE_TYP",
            "op": "=",
            "value": "DOC"
          }
        ]
      }
    ]
  }
}