{
  "resourceType": "ValueSet",
  "id": "valueset-daf-procedure-type",
  "meta": {
    "lastUpdated": "2015-03-23T23:56:59.139+00:00",
    "profile": [
      "http://hl7.org/fhir/StructureDefinition/valueset-shareable-definition"
    ]
  },
  "text": {
    "status": "generated",
    "div": "<div><p>This value set does not contain a fixed number of concepts</p><h2>DAFProcedureType</h2><p>This example value set defines a set of codes that can be used to indicate the type     of procedure: a specific code indicating type of procedure performed (NEED TO ADD CPT).</p><p><b>Copyright Statement:</b> This value set includes content from SNOMED CT, which is copyright &copy; 2002+ International Health Terminology Standards Development Organisation (IHTSDO), and distributed by agreement between IHTSDO and HL7. Implementer use of SNOMED CT is not covered by this agreement</p><p>This value set includes codes defined in other code systems, using the following rules:</p><ul><li>Include all codes defined in http://snomed.info/sct</li><li>Include all codes defined in http://hl7.org/fhir/sid/icd-10</li></ul></div>"
  },
  "extension": [
    {
      "url": "http://hl7.org/fhir/StructureDefinition/valueset-oid",
      "valueUri": "urn:oid:2.16.840.1.113883.4.642.2.1713"
    }
  ],
  "url": "http://hl7.org/fhir/vs/daf-procedure-type",
  "version": "0.4.0",
  "name": "DAFProcedureType",
  "publisher": "FHIR Project team",
  "contact": [
    {
      "telecom": [
        {
          "system": "url",
          "value": "http://hl7.org/fhir"
        }
      ]
    }
  ],
  "description": "This example value set defines a set of codes that can be used to indicate the type     of procedure: a specific code indicating type of procedure performed (NEED TO ADD CPT).",
  "copyright": "This value set includes content from SNOMED CT, which is copyright © 2002+ International Health Terminology Standards Development Organisation (IHTSDO), and distributed by agreement between IHTSDO and HL7. Implementer use of SNOMED CT is not covered by this agreement",
  "status": "draft",
  "experimental": true,
  "compose": {
    "include": [
      {
        "system": "http://snomed.info/sct"
      },
      {
        "system": "http://hl7.org/fhir/sid/icd-10"
      }
    ]
  }
}