{
  "resourceType": "ValueSet",
  "id": "valueset-service-uscls",
  "meta": {
    "lastUpdated": "2015-03-23T23:56:59.139+00:00",
    "profile": [
      "http://hl7.org/fhir/StructureDefinition/valueset-shareable-definition"
    ]
  },
  "text": {
    "status": "generated",
    "div": "<div>\n      This value set includes a smattering of  USCLS codes.\n    <hr/><p>This value set contains 19 concepts</p><h2>USCLS Codes</h2><p>This value set includes a smattering of  USCLS codes</p><p><b>Copyright Statement:</b> This is an example set</p><p>This value set defines its own terms in the system http://hl7.org/fhir/ex-USCLS</p><table class=\"codes\"><tr><td><b>Code</b></td><td><b>Definition</b></td></tr><tr><td>1101<a name=\"1101\"> </a></td><td/></tr><tr><td>1102<a name=\"1102\"> </a></td><td/></tr><tr><td>1103<a name=\"1103\"> </a></td><td/></tr><tr><td>1201<a name=\"1201\"> </a></td><td/></tr><tr><td>1205<a name=\"1205\"> </a></td><td/></tr><tr><td>2101<a name=\"2101\"> </a></td><td/></tr><tr><td>2102<a name=\"2102\"> </a></td><td/></tr><tr><td>2141<a name=\"2141\"> </a></td><td/></tr><tr><td>2601<a name=\"2601\"> </a></td><td/></tr><tr><td>11101<a name=\"11101\"> </a></td><td/></tr><tr><td>11102<a name=\"11102\"> </a></td><td/></tr><tr><td>11103<a name=\"11103\"> </a></td><td/></tr><tr><td>11104<a name=\"11104\"> </a></td><td/></tr><tr><td>21211<a name=\"21211\"> </a></td><td/></tr><tr><td>21212<a name=\"21212\"> </a></td><td/></tr><tr><td>27211<a name=\"27211\"> </a></td><td/></tr><tr><td>99111<a name=\"99111\"> </a></td><td/></tr><tr><td>99333<a name=\"99333\"> </a></td><td/></tr><tr><td>99555<a name=\"99555\"> </a></td><td/></tr></table></div>"
  },
  "extension": [
    {
      "url": "http://hl7.org/fhir/StructureDefinition/valueset-oid",
      "valueUri": "urn:oid:2.16.840.1.113883.4.642.2.459"
    }
  ],
  "url": "http://hl7.org/fhir/vs/service-uscls",
  "version": "0.4.0",
  "name": "USCLS Codes",
  "publisher": "FHIR Project team",
  "contact": [
    {
      "telecom": [
        {
          "system": "url",
          "value": "http://hl7.org/fhir"
        }
      ]
    }
  ],
  "description": "This value set includes a smattering of  USCLS codes",
  "copyright": "This is an example set",
  "status": "draft",
  "experimental": true,
  "define": {
    "extension": [
      {
        "url": "http://hl7.org/fhir/StructureDefinition/valueset-oid",
        "valueUri": "urn:oid:null"
      }
    ],
    "system": "http://hl7.org/fhir/ex-USCLS",
    "caseSensitive": true,
    "concept": [
      {
        "code": "1101"
      },
      {
        "code": "1102"
      },
      {
        "code": "1103"
      },
      {
        "code": "1201"
      },
      {
        "code": "1205"
      },
      {
        "code": "2101"
      },
      {
        "code": "2102"
      },
      {
        "code": "2141"
      },
      {
        "code": "2601"
      },
      {
        "code": "11101"
      },
      {
        "code": "11102"
      },
      {
        "code": "11103"
      },
      {
        "code": "11104"
      },
      {
        "code": "21211"
      },
      {
        "code": "21212"
      },
      {
        "code": "27211"
      },
      {
        "code": "99111"
      },
      {
        "code": "99333"
      },
      {
        "code": "99555"
      }
    ]
  }
}