{
  "resourceType": "ValueSet",
  "id": "valueset-ActInvoiceGroupCode",
  "meta": {
    "lastUpdated": "2015-03-23T23:56:59.139+00:00",
    "profile": [
      "http://hl7.org/fhir/StructureDefinition/valueset-shareable-definition"
    ]
  },
  "text": {
    "status": "generated",
    "div": "<div>\n      This value set includes sample ActInvoiceGroupCode codes.\n    <hr/><p>This value set contains 4 concepts</p><h2>ActInvoiceGroupCode Codes</h2><p>This value set includes sample ActInvoiceGroupCode codes.</p><p><b>Copyright Statement:</b> This is an example set</p><p>This value set defines its own terms in the system http://hl7.org/fhir/actinvoicegroupcode</p><table class=\"codes\"><tr><td><b>Code</b></td><td><b>Definition</b></td></tr><tr><td>service<a name=\"service\"> </a></td><td/></tr><tr><td>product<a name=\"product\"> </a></td><td/></tr><tr><td>group<a name=\"group\"> </a></td><td/></tr><tr><td>tax<a name=\"tax\"> </a></td><td/></tr></table></div>"
  },
  "extension": [
    {
      "url": "http://hl7.org/fhir/StructureDefinition/valueset-oid",
      "valueUri": "urn:oid:2.16.840.1.113883.4.642.2.462"
    }
  ],
  "url": "http://hl7.org/fhir/vs/ActInvoiceGroupCode",
  "version": "0.4.0",
  "name": "ActInvoiceGroupCode Codes",
  "publisher": "Financial Management",
  "contact": [
    {
      "telecom": [
        {
          "system": "url",
          "value": "http://hl7.org/fhir"
        }
      ]
    }
  ],
  "description": "This value set includes sample ActInvoiceGroupCode codes.",
  "copyright": "This is an example set",
  "status": "draft",
  "experimental": true,
  "define": {
    "extension": [
      {
        "url": "http://hl7.org/fhir/StructureDefinition/valueset-oid",
        "valueUri": "urn:oid:null"
      }
    ],
    "system": "http://hl7.org/fhir/actinvoicegroupcode",
    "caseSensitive": true,
    "concept": [
      {
        "code": "service"
      },
      {
        "code": "product"
      },
      {
        "code": "group"
      },
      {
        "code": "tax"
      }
    ]
  }
}