{
  "resourceType": "ValueSet",
  "id": "valueset-additionalmaterials",
  "meta": {
    "lastUpdated": "2015-03-23T23:56:59.139+00:00",
    "profile": [
      "http://hl7.org/fhir/StructureDefinition/valueset-shareable-definition"
    ]
  },
  "text": {
    "status": "generated",
    "div": "<div>\n      This value set includes sample additional material type codes.\n    <hr/><p>This value set contains 6 concepts</p><h2>Additional Material Codes</h2><p>This value set includes sample additional material type codes.</p><p><b>Copyright Statement:</b> This is an example set</p><p>This value set defines its own terms in the system http://hl7.org/fhir/additionalmaterials</p><table class=\"codes\"><tr><td><b>Code</b></td><td><b>Definition</b></td></tr><tr><td>xray<a name=\"xray\"> </a></td><td/></tr><tr><td>image<a name=\"image\"> </a></td><td/></tr><tr><td>email<a name=\"email\"> </a></td><td/></tr><tr><td>model<a name=\"model\"> </a></td><td/></tr><tr><td>document<a name=\"document\"> </a></td><td/></tr><tr><td>other<a name=\"other\"> </a></td><td/></tr></table></div>"
  },
  "extension": [
    {
      "url": "http://hl7.org/fhir/StructureDefinition/valueset-oid",
      "valueUri": "urn:oid:2.16.840.1.113883.4.642.2.447"
    }
  ],
  "url": "http://hl7.org/fhir/vs/additionalmaterials",
  "version": "0.4.0",
  "name": "Additional Material Codes",
  "publisher": "Financial Management",
  "contact": [
    {
      "telecom": [
        {
          "system": "url",
          "value": "http://hl7.org/fhir"
        }
      ]
    }
  ],
  "description": "This value set includes sample additional material type codes.",
  "copyright": "This is an example set",
  "status": "draft",
  "experimental": true,
  "extensible": false,
  "define": {
    "extension": [
      {
        "url": "http://hl7.org/fhir/StructureDefinition/valueset-oid",
        "valueUri": "urn:oid:null"
      }
    ],
    "system": "http://hl7.org/fhir/additionalmaterials",
    "caseSensitive": true,
    "concept": [
      {
        "code": "xray"
      },
      {
        "code": "image"
      },
      {
        "code": "email"
      },
      {
        "code": "model"
      },
      {
        "code": "document"
      },
      {
        "code": "other"
      }
    ]
  }
}