{
  "resourceType": "ValueSet",
  "id": "valueset-contraindication-category",
  "meta": {
    "lastUpdated": "2015-03-23T23:56:59.139+00:00",
    "profile": [
      "http://hl7.org/fhir/StructureDefinition/valueset-shareable-definition"
    ]
  },
  "text": {
    "status": "generated",
    "div": "<div><p>This value set does not contain a fixed number of concepts</p><h2>contraindication-category</h2><p>Kinds of contraindications, such as 'drug-drug interaction', 'duplicate therapy', etc.</p><p>This value set includes codes defined in other code systems, using the following rules:</p><ul><li>Include codes from <a href=\"v3/ActCode/index.html\">http://hl7.org/fhir/v3/ActCode</a> where concept  is-a  <a href=\"v3/ActCode/index.html#_AdministrationDetectedIssueCode\">_AdministrationDetectedIssueCode</a>Include codes from <a href=\"v3/ActCode/index.html\">http://hl7.org/fhir/v3/ActCode</a> where concept  is-a  <a href=\"v3/ActCode/index.html#_SupplyDetectedIssueCode\">_SupplyDetectedIssueCode</a></li></ul></div>"
  },
  "extension": [
    {
      "url": "http://hl7.org/fhir/StructureDefinition/valueset-oid",
      "valueUri": "urn:oid:2.16.840.1.113883.4.642.2.401"
    }
  ],
  "url": "http://hl7.org/fhir/vs/contraindication-category",
  "version": "0.4.0",
  "name": "contraindication-category",
  "publisher": "FHIR Project team",
  "contact": [
    {
      "telecom": [
        {
          "system": "url",
          "value": "http://hl7.org/fhir"
        }
      ]
    }
  ],
  "description": "Kinds of contraindications, such as 'drug-drug interaction', 'duplicate therapy', etc.",
  "status": "draft",
  "experimental": true,
  "compose": {
    "include": [
      {
        "system": "http://hl7.org/fhir/v3/ActCode",
        "filter": [
          {
            "property": "concept",
            "op": "is-a",
            "value": "_AdministrationDetectedIssueCode"
          },
          {
            "property": "concept",
            "op": "is-a",
            "value": "_SupplyDetectedIssueCode"
          }
        ]
      }
    ]
  }
}