{
  "resourceType": "ValueSet",
  "id": "valueset-daf-race",
  "meta": {
    "lastUpdated": "2015-03-23T23:56:59.139+00:00",
    "profile": [
      "http://hl7.org/fhir/StructureDefinition/valueset-shareable-definition"
    ]
  },
  "text": {
    "status": "generated",
    "div": "<div><p>This value set contains 7 concepts</p><h2>MU Race Value Set</h2><p>Meaningful use race code. The 5 base codes (see http://forum.sitenv.org/viewtopic.php?f=16&amp;t=23&amp;sid=8fb101254557843fa05ac94d8d83a095) from PHIN VADS https://phinvads.cdc.gov/vads/ViewValueSet.action?id=94E75E17-176B-DE11-9B52-0015173D1785 (oid: 2.16.840.1.113883.1.11.14914)</p><p>This value set includes codes defined in other code systems, using the following rules:</p><ul><li>Include these codes as defined in <a href=\"v3/Race/index.html\">http://hl7.org/fhir/v3/Race</a><table><tr><td><b>Code</b></td><td><b>Display</b></td></tr><tr><td>1002-5</td><td>American Indian or Alaska Native</td><td>American Indian or Alaska Native</td></tr><tr><td>2028-9</td><td>Asian</td><td>Asian</td></tr><tr><td>2054-5</td><td>Black or African American</td><td>Black or African American</td></tr><tr><td>2076-8</td><td>Native Hawaiian or Other Pacific Islander</td><td>Native Hawaiian or Other Pacific Islander</td></tr><tr><td>2106-3</td><td>White</td><td>White</td></tr></table></li><li>Include these codes as defined in <a href=\"v3/NullFlavor/index.html\">http://hl7.org/fhir/v3/NullFlavor</a><table><tr><td><b>Code</b></td><td><b>Display</b></td></tr><tr><td>UNK</td><td>Unknown</td><td>Description:A proper value is applicable, but not known.<br/>\n                        \n                           Usage Notes: This means the actual value is not known.  If the only thing that is unknown is how to properly express the value in the necessary constraints (value set, datatype, etc.), then the OTH or UNC flavor should be used.  No properties should be included for a datatype with this property unless:<br/>\n                        \n                           Those properties themselves directly translate to a semantic of &quot;unknown&quot;.  (E.g. a local code sent as a translation that conveys 'unknown')\n                           Those properties further qualify the nature of what is unknown.  (E.g. specifying a use code of &quot;H&quot; and a URL prefix of &quot;tel:&quot; to convey that it is the home phone number that is unknown.)</td></tr><tr><td>ASKU</td><td>Asked but no answer</td><td>Information was sought but not found (e.g., patient was asked but didn't know)</td></tr></table></li></ul></div>"
  },
  "extension": [
    {
      "url": "http://hl7.org/fhir/StructureDefinition/valueset-oid",
      "valueUri": "urn:oid:2.16.840.1.113883.1.11.14914"
    }
  ],
  "url": "http://hl7.org/fhir/vs/daf-race",
  "version": "0.4.0",
  "name": "MU Race Value Set",
  "publisher": "DAF Project",
  "contact": [
    {
      "telecom": [
        {
          "system": "url",
          "value": "http://hl7.org/fhir"
        }
      ]
    },
    {
      "telecom": [
        {
          "system": "url",
          "value": "http://wiki.siframework.org/Data+Access+Framework+Homepage"
        }
      ]
    }
  ],
  "description": "Meaningful use race code. The 5 base codes (see http://forum.sitenv.org/viewtopic.php?f=16&t=23&sid=8fb101254557843fa05ac94d8d83a095) from PHIN VADS https://phinvads.cdc.gov/vads/ViewValueSet.action?id=94E75E17-176B-DE11-9B52-0015173D1785 (oid: 2.16.840.1.113883.1.11.14914)",
  "status": "active",
  "experimental": true,
  "compose": {
    "include": [
      {
        "system": "http://hl7.org/fhir/v3/Race",
        "concept": [
          {
            "code": "1002-5",
            "display": "American Indian or Alaska Native"
          },
          {
            "code": "2028-9",
            "display": "Asian"
          },
          {
            "code": "2054-5",
            "display": "Black or African American"
          },
          {
            "code": "2076-8",
            "display": "Native Hawaiian or Other Pacific Islander"
          },
          {
            "code": "2106-3",
            "display": "White"
          }
        ]
      },
      {
        "system": "http://hl7.org/fhir/v3/NullFlavor",
        "concept": [
          {
            "code": "UNK",
            "display": "Unknown"
          },
          {
            "code": "ASKU",
            "display": "Asked but no answer"
          }
        ]
      }
    ]
  }
}