{
  "resourceType": "ValueSet",
  "id": "valueset-contract-term-subtype",
  "meta": {
    "lastUpdated": "2015-03-23T23:56:59.139+00:00",
    "profile": [
      "http://hl7.org/fhir/StructureDefinition/valueset-shareable-definition"
    ]
  },
  "text": {
    "status": "generated",
    "div": "<div>\n      This value set includes sample Financial Contract Term SubType codes.\n    <hr/><p>This value set contains 3 concepts</p><h2>Contract Term Type Codes</h2><p>This value set includes sample Contract Term SubType codes.</p><p><b>Copyright Statement:</b> This is an example set</p><p>This value set defines its own terms in the system http://hl7.org/fhir/contracttermsubtypecodes</p><table class=\"codes\"><tr><td><b>Code</b></td><td><b>Definition</b></td></tr><tr><td>OralHealth-Basic<a name=\"OralHealth-Basic\"> </a></td><td/></tr><tr><td>OralHealth-Major<a name=\"OralHealth-Major\"> </a></td><td/></tr><tr><td>OralHealth-Orthodontic<a name=\"OralHealth-Orthodontic\"> </a></td><td/></tr></table></div>"
  },
  "extension": [
    {
      "url": "http://hl7.org/fhir/StructureDefinition/valueset-oid",
      "valueUri": "urn:oid:2.16.840.1.113883.4.642.2.443"
    }
  ],
  "url": "http://hl7.org/fhir/vs/contract-term-subtype",
  "version": "0.4.0",
  "name": "Contract Term Type Codes",
  "publisher": "Financial Management",
  "contact": [
    {
      "telecom": [
        {
          "system": "url",
          "value": "http://hl7.org/fhir"
        }
      ]
    }
  ],
  "description": "This value set includes sample Contract Term SubType codes.",
  "copyright": "This is an example set",
  "status": "draft",
  "experimental": true,
  "define": {
    "extension": [
      {
        "url": "http://hl7.org/fhir/StructureDefinition/valueset-oid",
        "valueUri": "urn:oid:null"
      }
    ],
    "system": "http://hl7.org/fhir/contracttermsubtypecodes",
    "caseSensitive": true,
    "concept": [
      {
        "code": "OralHealth-Basic"
      },
      {
        "code": "OralHealth-Major"
      },
      {
        "code": "OralHealth-Orthodontic"
      }
    ]
  }
}