{
  "resourceType": "ValueSet",
  "id": "valueset-bodysite-relative-location",
  "meta": {
    "lastUpdated": "2015-03-23T23:56:59.139+00:00",
    "profile": [
      "http://hl7.org/fhir/StructureDefinition/valueset-shareable-definition"
    ]
  },
  "text": {
    "status": "generated",
    "div": "<div><p>This value set contains 7 concepts</p><h2>RelativeLocation</h2><p>RelativeLocation: SNOMED-CT concepts describing the relative locatiion in relation to an identified anatomical landmark</p><p><b>Copyright Statement:</b> This value set includes content from SNOMED CT, which is copyright &copy; 2002+ International Health Terminology Standards Development Organisation (IHTSDO), and distributed by agreement between IHTSDO and HL7. Implementer use of SNOMED CT is not covered by this agreement</p><p>This value set includes codes defined in other code systems, using the following rules:</p><ul><li>Include these codes as defined in http://snomed.info/sct<table><tr><td><b>Code</b></td><td><b>Display</b></td></tr><tr><td>255561001</td><td>Medial</td><td/></tr><tr><td>49370004</td><td>Lateral</td><td/></tr><tr><td>264217000</td><td>Superior</td><td/></tr><tr><td>261089000</td><td>Inferior</td><td/></tr><tr><td>255551008</td><td>Posterior</td><td/></tr><tr><td>351726001</td><td>Below</td><td/></tr><tr><td>352730000</td><td>Above</td><td/></tr></table></li></ul></div>"
  },
  "extension": [
    {
      "url": "http://hl7.org/fhir/StructureDefinition/valueset-oid",
      "valueUri": "urn:oid:2.16.840.1.113883.4.642.2.1094"
    }
  ],
  "url": "http://hl7.org/fhir/vs/bodysite-relative-location",
  "version": "0.4.0",
  "name": "RelativeLocation",
  "publisher": "Order and Observation Workgroup",
  "contact": [
    {
      "telecom": [
        {
          "system": "url",
          "value": "http://hl7.org/fhir"
        }
      ]
    }
  ],
  "description": "RelativeLocation: SNOMED-CT concepts describing the relative locatiion in relation to an identified anatomical landmark",
  "copyright": "This value set includes content from SNOMED CT, which is copyright © 2002+ International Health Terminology Standards Development Organisation (IHTSDO), and distributed by agreement between IHTSDO and HL7. Implementer use of SNOMED CT is not covered by this agreement",
  "status": "draft",
  "experimental": true,
  "compose": {
    "include": [
      {
        "system": "http://snomed.info/sct",
        "concept": [
          {
            "code": "255561001",
            "display": "Medial"
          },
          {
            "code": "49370004",
            "display": "Lateral"
          },
          {
            "code": "264217000",
            "display": "Superior"
          },
          {
            "code": "261089000",
            "display": "Inferior"
          },
          {
            "code": "255551008",
            "display": "Posterior"
          },
          {
            "code": "351726001",
            "display": "Below"
          },
          {
            "code": "352730000",
            "display": "Above"
          }
        ]
      }
    ]
  }
}