{
  "resourceType": "ValueSet",
  "id": "valueset-immunization-site",
  "meta": {
    "lastUpdated": "2015-03-23T23:56:59.139+00:00",
    "profile": [
      "http://hl7.org/fhir/StructureDefinition/valueset-shareable-definition"
    ]
  },
  "text": {
    "status": "generated",
    "div": "<div><p>This value set contains 2 concepts</p><h2>Codes for Immunization Site of Administration</h2><p>The value set to instantiate this attribute should be drawn from a terminologically robust code system that consists of or          contains concepts to support the medication process, in particular the process and reasons for dispensing. This value set is provided as a suggestive example</p><p>This value set includes codes defined in other code systems, using the following rules:</p><ul><li>Include these codes as defined in <a href=\"v3/ActSite/index.html\">http://hl7.org/fhir/v3/ActSite</a><table><tr><td><b>Code</b></td><td><b>Display</b></td></tr><tr><td>LA</td><td>left arm</td><td>left arm</td></tr><tr><td>RA</td><td>right arm</td><td>right arm</td></tr></table></li></ul></div>"
  },
  "extension": [
    {
      "url": "http://hl7.org/fhir/StructureDefinition/valueset-oid",
      "valueUri": "urn:oid:2.16.840.1.113883.4.642.2.78"
    }
  ],
  "url": "http://hl7.org/fhir/vs/immunization-site",
  "version": "0.4.0",
  "name": "Codes for Immunization Site of Administration",
  "publisher": "FHIR Project team",
  "contact": [
    {
      "telecom": [
        {
          "system": "url",
          "value": "http://hl7.org/fhir"
        }
      ]
    }
  ],
  "description": "The value set to instantiate this attribute should be drawn from a terminologically robust code system that consists of or          contains concepts to support the medication process, in particular the process and reasons for dispensing. This value set is provided as a suggestive example",
  "status": "draft",
  "experimental": true,
  "compose": {
    "include": [
      {
        "system": "http://hl7.org/fhir/v3/ActSite",
        "concept": [
          {
            "code": "LA"
          },
          {
            "code": "RA"
          }
        ]
      }
    ]
  }
}