{
  "resourceType": "ValueSet",
  "id": "valueset-practitioner-role",
  "meta": {
    "lastUpdated": "2015-03-23T23:56:59.139+00:00",
    "profile": [
      "http://hl7.org/fhir/StructureDefinition/valueset-shareable-definition"
    ]
  },
  "text": {
    "status": "generated",
    "div": "<div><p>This value set contains 6 concepts</p><h2>PractitionerRole</h2><p>This example value set defines a set of codes that can be used to indicate the role of a Practitioner.</p><p>This value set defines its own terms in the system http://hl7.org/fhir/practitioner-role</p><table class=\"codes\"><tr><td><b>Code</b></td><td><b>Display</b></td><td><b>Definition</b></td></tr><tr><td>doctor<a name=\"doctor\"> </a></td><td/><td/></tr><tr><td>nurse<a name=\"nurse\"> </a></td><td/><td/></tr><tr><td>pharmacist<a name=\"pharmacist\"> </a></td><td/><td/></tr><tr><td>researcher<a name=\"researcher\"> </a></td><td/><td/></tr><tr><td>teacher<a name=\"teacher\"> </a></td><td>Teacher/educator</td><td/></tr><tr><td>ict<a name=\"ict\"> </a></td><td>ICT professional</td><td/></tr></table></div>"
  },
  "extension": [
    {
      "url": "http://hl7.org/fhir/StructureDefinition/valueset-oid",
      "valueUri": "urn:oid:2.16.840.1.113883.4.642.2.154"
    }
  ],
  "url": "http://hl7.org/fhir/vs/practitioner-role",
  "version": "0.4.0",
  "name": "PractitionerRole",
  "publisher": "FHIR Project team",
  "contact": [
    {
      "telecom": [
        {
          "system": "url",
          "value": "http://hl7.org/fhir"
        }
      ]
    }
  ],
  "description": "This example value set defines a set of codes that can be used to indicate the role of a Practitioner.",
  "status": "draft",
  "experimental": true,
  "define": {
    "extension": [
      {
        "url": "http://hl7.org/fhir/StructureDefinition/valueset-oid",
        "valueUri": "urn:oid:null"
      }
    ],
    "system": "http://hl7.org/fhir/practitioner-role",
    "caseSensitive": true,
    "concept": [
      {
        "code": "doctor"
      },
      {
        "code": "nurse"
      },
      {
        "code": "pharmacist"
      },
      {
        "code": "researcher"
      },
      {
        "code": "teacher",
        "display": "Teacher/educator"
      },
      {
        "code": "ict",
        "display": "ICT professional"
      }
    ]
  }
}