{
  "resourceType": "ValueSet",
  "id": "valueset-ihe-formatcodes",
  "meta": {
    "lastUpdated": "2015-03-23T23:56:59.139+00:00",
    "profile": [
      "http://hl7.org/fhir/StructureDefinition/valueset-shareable-definition",
      "http://hl7.org/fhir/StructureDefinition/valueset-shareable-definition"
    ]
  },
  "text": {
    "status": "generated",
    "div": "<div><p>This value set contains 70 concepts</p><h2>IHE Document Format Code Set</h2><p>The value set is defined to be the set of format codes defined by    the IHE Technical Framework, and also including additional format codes defined by the    NHIN. The value set is listed in HITSP C80 Table 2-153 Format Code Value Set Definition,    with additions published later by IHE as published    at http://wiki.ihe.net/index.php?title=IHE_Format_Codes   This is the code specifying the technical format of the document. Along with the typeCode,    it should provide sufficient information to allow any potential document consumer to know    if it will be able to process the document. The code shall be sufficiently specific to    ensure processing/display by identifying a document encoding, structure and template.</p><p><b>Copyright Statement:</b> This content from IHE&reg; Copyright &copy; 2015 IHE International, Inc.    This content is from the IHE Technical Frameworks and Supplements,    available for free download and use at http://www.ihe.net/Technical_Frameworks/</p><p>This value set includes codes defined in other code systems, using the following rules:</p><ul><li>Include these codes as defined in urn:ietf:rfc:3986<table><tr><td><b>Code</b></td><td><b>Display</b></td></tr><tr><td>urn:ihe:pcc:xphr:2007</td><td>HL7 CCD Document</td><td/></tr><tr><td>urn:ihe:pcc:aps:2007</td><td>IHE Antepartum Summary</td><td/></tr><tr><td>urn:ihe:pcc:xds-ms:2007</td><td>XDS Medical Summaries</td><td/></tr><tr><td>urn:ihe:pcc:xphr:2007</td><td>Personal Health Records</td><td/></tr><tr><td>urn:ihe:pcc:edr:2007</td><td>Emergency Department Referral (EDR)</td><td/></tr><tr><td>urn:ihe:pcc:edes:2007</td><td>Emergency Department Encounter Summary (EDES)</td><td/></tr><tr><td>urn:ihe:pcc:apr:handp:2008</td><td>Antepartum Record (APR) - History and Physical</td><td/></tr><tr><td>urn:ihe:pcc:apr:lab:2008</td><td>Antepartum Record (APR) - Laboratory</td><td/></tr><tr><td>urn:ihe:pcc:apr:edu:2008</td><td>Antepartum Record (APR) - Education</td><td/></tr><tr><td>urn:ihe:pcc:irc:2008</td><td>Immunization Registry Content (IRC)</td><td/></tr><tr><td>urn:ihe:pcc:crc:2008</td><td>Cancer Registry Content (CRC)</td><td/></tr><tr><td>urn:ihe:pcc:cm:2008</td><td>Care Management (CM)</td><td/></tr><tr><td>urn:ihe:pcc:ic:2009</td><td>Immunization Content (IC)</td><td/></tr><tr><td>urn:ihe:pcc:tn:2007</td><td>PCC TN</td><td/></tr><tr><td>urn:ihe:pcc:nn:2007</td><td>PCC NN</td><td/></tr><tr><td>urn:ihe:pcc:ctn:2007</td><td>PCC CTN</td><td/></tr><tr><td>urn:ihe:pcc:edpn:2007</td><td>PCC EDPN</td><td/></tr><tr><td>urn:ihe:pcc:hp:2008</td><td>PCC HP</td><td/></tr><tr><td>urn:ihe:pcc:ldhp:2009</td><td>PCC LDHP</td><td/></tr><tr><td>urn:ihe:pcc:lds:2009</td><td>PCC LDS</td><td/></tr><tr><td>urn:ihe:pcc:mds:2009</td><td>PCC MDS</td><td/></tr><tr><td>urn:ihe:pcc:nds:2010</td><td>PCC NDS</td><td/></tr><tr><td>urn:ihe:pcc:ppvs:2010</td><td>PCC PPVS</td><td/></tr><tr><td>urn:ihe:pcc:trs:2011</td><td>PCC TRS</td><td/></tr><tr><td>urn:ihe:pcc:ets:2011</td><td>PCC ETS</td><td/></tr><tr><td>urn:ihe:pcc:its:2011</td><td>PCC ITS</td><td/></tr><tr><td>urn:ihe:iti:bppc:2007</td><td>Basic Patient Privacy Consents</td><td/></tr><tr><td>urn:ihe:iti:bppc-sd:2007</td><td>Basic Patient Privacy Consents with Scanned Document</td><td/></tr><tr><td>urn:ihe:iti:xdw:2011:workflowDoc</td><td>XDW Workflow Document</td><td/></tr><tr><td>urn:ihe:iti:dsg:detached:2014</td><td>DSG Detached Document</td><td/></tr><tr><td>urn:ihe:iti:dsg:enveloping:2014</td><td>DSG Enveloping Document</td><td/></tr><tr><td>urn:ihe:iti:xds-sd:pdf:2008</td><td>PDF embedded in CDA per XDS-SD profile</td><td/></tr><tr><td>urn:ihe:iti:xds-sd:text:2008</td><td>Text embedded in CDA per XDS-SD profile</td><td/></tr><tr><td>urn:ihe:lab:xd-lab:2008</td><td>CDA Laboratory Report</td><td/></tr><tr><td>urn:ihe:rad:TEXT</td><td>Radiology XDS-I Text</td><td/></tr><tr><td>urn:ihe:rad:PDF</td><td>Radiology XDS-I PDF</td><td/></tr><tr><td>urn:ihe:rad:CDA:ImagingReportStructuredHeadings:2013</td><td>Radiology XDS-I Structured CDA</td><td/></tr><tr><td>urn:ihe:card:imaging:2011</td><td>Cardiac Imaging Report</td><td/></tr><tr><td>urn:ihe:card:CRC:2012</td><td>Cardiology CRC</td><td/></tr><tr><td>urn:ihe:card:EPRC-IE:2014</td><td>Cardiology EPRC-IE</td><td/></tr><tr><td>urn:ihe:dent:TEXT</td><td>Dental Text</td><td/></tr><tr><td>urn:ihe:dent:PDF</td><td>Dental PDF</td><td/></tr><tr><td>urn:ihe:dent:CDA:ImagingReportStructuredHeadings:2013</td><td>Dental CDA</td><td/></tr><tr><td>urn:ihe:pat:apsr:all:2010</td><td>Anatomic Pathology Structured Report All</td><td/></tr><tr><td>urn:ihe:pat:apsr:cancer:all:2010</td><td>Anatomic Pathology Structured Report Cancer All</td><td/></tr><tr><td>urn:ihe:pat:apsr:cancer:breast:2010</td><td>Anatomic Pathology Structured Report Cancer Breast</td><td/></tr><tr><td>urn:ihe:pat:apsr:cancer:colon:2010</td><td>Anatomic Pathology Structured Report Cancer Colon</td><td/></tr><tr><td>urn:ihe:pat:apsr:cancer:prostate:2010</td><td>Anatomic Pathology Structured Report Cancer Prostate</td><td/></tr><tr><td>urn:ihe:pat:apsr:cancer:thyroid:2010</td><td>Anatomic Pathology Structured Report Cancer Thyroid</td><td/></tr><tr><td>urn:ihe:pat:apsr:cancer:lung:2010</td><td>Anatomic Pathology Structured Report Cancer Lung</td><td/></tr><tr><td>urn:ihe:pat:apsr:cancer:skin:2010</td><td>Anatomic Pathology Structured Report Cancer Skin</td><td/></tr><tr><td>urn:ihe:pat:apsr:cancer:kidney:2010</td><td>Anatomic Pathology Structured Report Cancer Kidney</td><td/></tr><tr><td>urn:ihe:pat:apsr:cancer:cervix:2010</td><td>Anatomic Pathology Structured Report Cancer Cervix</td><td/></tr><tr><td>urn:ihe:pat:apsr:cancer:endometrium:2010</td><td>Anatomic Pathology Structured Report Cancer Endometrium</td><td/></tr><tr><td>urn:ihe:pat:apsr:cancer:ovary:2010</td><td>Anatomic Pathology Structured Report Cancer Ovary</td><td/></tr><tr><td>urn:ihe:pat:apsr:cancer:esophagus: 2010</td><td>Anatomic Pathology Structured Report Cancer Esophagus</td><td/></tr><tr><td>urn:ihe:pat:apsr:cancer:stomach: 2010</td><td>Anatomic Pathology Structured Report Cancer Stomach</td><td/></tr><tr><td>urn:ihe:pat:apsr:cancer:liver:2010</td><td>Anatomic Pathology Structured Report Cancer Liver</td><td/></tr><tr><td>urn:ihe:pat:apsr:cancer:pancreas: 2010</td><td>Anatomic Pathology Structured Report Cancer Pancreas</td><td/></tr><tr><td>urn:ihe:pat:apsr:cancer:testis:2010</td><td>Anatomic Pathology Structured Report Cancer Testis</td><td/></tr><tr><td>urn:ihe:pat:apsr:cancer:urinary_bladder:2010</td><td>Anatomic Pathology Structured Report Cancer Urinary Bladder</td><td/></tr><tr><td>urn:ihe:pat:apsr:cancer:lip_oral_cavity:2010</td><td>Anatomic Pathology Structured Report Cancer Lip Oral Cavity</td><td/></tr><tr><td>urn:ihe:pat:apsr:cancer:pharynx:2010</td><td>Anatomic Pathology Structured Report Cancer Pharynx</td><td/></tr><tr><td>urn:ihe:pat:apsr:cancer:salivary_gland:2010</td><td>Anatomic Pathology Structured Report Cancer Salivary Gland</td><td/></tr><tr><td>urn:ihe:pat:apsr:cancer:larynx:2010</td><td>Anatomic Pathology Structured Report Cancer Larynx</td><td/></tr><tr><td>urn:ihe:pharm:pre:2010</td><td>Pharmacy Pre</td><td/></tr><tr><td>urn:ihe:pharm:padv:2010</td><td>Pharmacy PADV</td><td/></tr><tr><td>urn:ihe:pharm:dis:2010</td><td>Pharmacy DIS</td><td/></tr><tr><td>urn:ihe:pharm:pml:2013</td><td>Pharmacy PML</td><td/></tr><tr><td>urn:nhin:names:acp:XACML</td><td>Access Consent Policy document formatted as XACML</td><td/></tr></table></li></ul></div>"
  },
  "extension": [
    {
      "url": "http://hl7.org/fhir/StructureDefinition/valueset-oid",
      "valueUri": "urn:oid:1.3.6.1.4.1.19376.1.2.3"
    },
    {
      "url": "http://hl7.org/fhir/StructureDefinition/valueset-oid",
      "valueUri": "urn:oid:2.16.840.1.113883.4.642.2.1771"
    }
  ],
  "url": "http://hl7.org/fhir/vs/ihe-formatcodes",
  "version": "20141206",
  "name": "IHE Document Format Code Set",
  "publisher": "IHE",
  "description": "The value set is defined to be the set of format codes defined by    the IHE Technical Framework, and also including additional format codes defined by the    NHIN. The value set is listed in HITSP C80 Table 2-153 Format Code Value Set Definition,    with additions published later by IHE as published    at http://wiki.ihe.net/index.php?title=IHE_Format_Codes   This is the code specifying the technical format of the document. Along with the typeCode,    it should provide sufficient information to allow any potential document consumer to know    if it will be able to process the document. The code shall be sufficiently specific to    ensure processing/display by identifying a document encoding, structure and template.",
  "copyright": "This content from IHE® Copyright © 2015 IHE International, Inc.    This content is from the IHE Technical Frameworks and Supplements,    available for free download and use at http://www.ihe.net/Technical_Frameworks/",
  "status": "active",
  "experimental": false,
  "compose": {
    "include": [
      {
        "system": "urn:ietf:rfc:3986",
        "concept": [
          {
            "code": "urn:ihe:pcc:xphr:2007",
            "display": "HL7 CCD Document"
          },
          {
            "code": "urn:ihe:pcc:aps:2007",
            "display": "IHE Antepartum Summary"
          },
          {
            "code": "urn:ihe:pcc:xds-ms:2007",
            "display": "XDS Medical Summaries"
          },
          {
            "code": "urn:ihe:pcc:xphr:2007",
            "display": "Personal Health Records"
          },
          {
            "code": "urn:ihe:pcc:edr:2007",
            "display": "Emergency Department Referral (EDR)"
          },
          {
            "code": "urn:ihe:pcc:edes:2007",
            "display": "Emergency Department Encounter Summary (EDES)"
          },
          {
            "code": "urn:ihe:pcc:apr:handp:2008",
            "display": "Antepartum Record (APR) - History and Physical"
          },
          {
            "code": "urn:ihe:pcc:apr:lab:2008",
            "display": "Antepartum Record (APR) - Laboratory"
          },
          {
            "code": "urn:ihe:pcc:apr:edu:2008",
            "display": "Antepartum Record (APR) - Education"
          },
          {
            "code": "urn:ihe:pcc:irc:2008",
            "display": "Immunization Registry Content (IRC)"
          },
          {
            "code": "urn:ihe:pcc:crc:2008",
            "display": "Cancer Registry Content (CRC)"
          },
          {
            "code": "urn:ihe:pcc:cm:2008",
            "display": "Care Management (CM)"
          },
          {
            "code": "urn:ihe:pcc:ic:2009",
            "display": "Immunization Content (IC)"
          },
          {
            "code": "urn:ihe:pcc:tn:2007",
            "display": "PCC TN"
          },
          {
            "code": "urn:ihe:pcc:nn:2007",
            "display": "PCC NN"
          },
          {
            "code": "urn:ihe:pcc:ctn:2007",
            "display": "PCC CTN"
          },
          {
            "code": "urn:ihe:pcc:edpn:2007",
            "display": "PCC EDPN"
          },
          {
            "code": "urn:ihe:pcc:hp:2008",
            "display": "PCC HP"
          },
          {
            "code": "urn:ihe:pcc:ldhp:2009",
            "display": "PCC LDHP"
          },
          {
            "code": "urn:ihe:pcc:lds:2009",
            "display": "PCC LDS"
          },
          {
            "code": "urn:ihe:pcc:mds:2009",
            "display": "PCC MDS"
          },
          {
            "code": "urn:ihe:pcc:nds:2010",
            "display": "PCC NDS"
          },
          {
            "code": "urn:ihe:pcc:ppvs:2010",
            "display": "PCC PPVS"
          },
          {
            "code": "urn:ihe:pcc:trs:2011",
            "display": "PCC TRS"
          },
          {
            "code": "urn:ihe:pcc:ets:2011",
            "display": "PCC ETS"
          },
          {
            "code": "urn:ihe:pcc:its:2011",
            "display": "PCC ITS"
          },
          {
            "code": "urn:ihe:iti:bppc:2007",
            "display": "Basic Patient Privacy Consents"
          },
          {
            "code": "urn:ihe:iti:bppc-sd:2007",
            "display": "Basic Patient Privacy Consents with Scanned Document"
          },
          {
            "code": "urn:ihe:iti:xdw:2011:workflowDoc",
            "display": "XDW Workflow Document"
          },
          {
            "code": "urn:ihe:iti:dsg:detached:2014",
            "display": "DSG Detached Document"
          },
          {
            "code": "urn:ihe:iti:dsg:enveloping:2014",
            "display": "DSG Enveloping Document"
          },
          {
            "code": "urn:ihe:iti:xds-sd:pdf:2008",
            "display": "PDF embedded in CDA per XDS-SD profile"
          },
          {
            "code": "urn:ihe:iti:xds-sd:text:2008",
            "display": "Text embedded in CDA per XDS-SD profile"
          },
          {
            "code": "urn:ihe:lab:xd-lab:2008",
            "display": "CDA Laboratory Report"
          },
          {
            "code": "urn:ihe:rad:TEXT",
            "display": "Radiology XDS-I Text"
          },
          {
            "code": "urn:ihe:rad:PDF",
            "display": "Radiology XDS-I PDF"
          },
          {
            "code": "urn:ihe:rad:CDA:ImagingReportStructuredHeadings:2013",
            "display": "Radiology XDS-I Structured CDA"
          },
          {
            "code": "urn:ihe:card:imaging:2011",
            "display": "Cardiac Imaging Report"
          },
          {
            "code": "urn:ihe:card:CRC:2012",
            "display": "Cardiology CRC"
          },
          {
            "code": "urn:ihe:card:EPRC-IE:2014",
            "display": "Cardiology EPRC-IE"
          },
          {
            "code": "urn:ihe:dent:TEXT",
            "display": "Dental Text"
          },
          {
            "code": "urn:ihe:dent:PDF",
            "display": "Dental PDF"
          },
          {
            "code": "urn:ihe:dent:CDA:ImagingReportStructuredHeadings:2013",
            "display": "Dental CDA"
          },
          {
            "code": "urn:ihe:pat:apsr:all:2010",
            "display": "Anatomic Pathology Structured Report All"
          },
          {
            "code": "urn:ihe:pat:apsr:cancer:all:2010",
            "display": "Anatomic Pathology Structured Report Cancer All"
          },
          {
            "code": "urn:ihe:pat:apsr:cancer:breast:2010",
            "display": "Anatomic Pathology Structured Report Cancer Breast"
          },
          {
            "code": "urn:ihe:pat:apsr:cancer:colon:2010",
            "display": "Anatomic Pathology Structured Report Cancer Colon"
          },
          {
            "code": "urn:ihe:pat:apsr:cancer:prostate:2010",
            "display": "Anatomic Pathology Structured Report Cancer Prostate"
          },
          {
            "code": "urn:ihe:pat:apsr:cancer:thyroid:2010",
            "display": "Anatomic Pathology Structured Report Cancer Thyroid"
          },
          {
            "code": "urn:ihe:pat:apsr:cancer:lung:2010",
            "display": "Anatomic Pathology Structured Report Cancer Lung"
          },
          {
            "code": "urn:ihe:pat:apsr:cancer:skin:2010",
            "display": "Anatomic Pathology Structured Report Cancer Skin"
          },
          {
            "code": "urn:ihe:pat:apsr:cancer:kidney:2010",
            "display": "Anatomic Pathology Structured Report Cancer Kidney"
          },
          {
            "code": "urn:ihe:pat:apsr:cancer:cervix:2010",
            "display": "Anatomic Pathology Structured Report Cancer Cervix"
          },
          {
            "code": "urn:ihe:pat:apsr:cancer:endometrium:2010",
            "display": "Anatomic Pathology Structured Report Cancer Endometrium"
          },
          {
            "code": "urn:ihe:pat:apsr:cancer:ovary:2010",
            "display": "Anatomic Pathology Structured Report Cancer Ovary"
          },
          {
            "code": "urn:ihe:pat:apsr:cancer:esophagus: 2010",
            "display": "Anatomic Pathology Structured Report Cancer Esophagus"
          },
          {
            "code": "urn:ihe:pat:apsr:cancer:stomach: 2010",
            "display": "Anatomic Pathology Structured Report Cancer Stomach"
          },
          {
            "code": "urn:ihe:pat:apsr:cancer:liver:2010",
            "display": "Anatomic Pathology Structured Report Cancer Liver"
          },
          {
            "code": "urn:ihe:pat:apsr:cancer:pancreas: 2010",
            "display": "Anatomic Pathology Structured Report Cancer Pancreas"
          },
          {
            "code": "urn:ihe:pat:apsr:cancer:testis:2010",
            "display": "Anatomic Pathology Structured Report Cancer Testis"
          },
          {
            "code": "urn:ihe:pat:apsr:cancer:urinary_bladder:2010",
            "display": "Anatomic Pathology Structured Report Cancer Urinary Bladder"
          },
          {
            "code": "urn:ihe:pat:apsr:cancer:lip_oral_cavity:2010",
            "display": "Anatomic Pathology Structured Report Cancer Lip Oral Cavity"
          },
          {
            "code": "urn:ihe:pat:apsr:cancer:pharynx:2010",
            "display": "Anatomic Pathology Structured Report Cancer Pharynx"
          },
          {
            "code": "urn:ihe:pat:apsr:cancer:salivary_gland:2010",
            "display": "Anatomic Pathology Structured Report Cancer Salivary Gland"
          },
          {
            "code": "urn:ihe:pat:apsr:cancer:larynx:2010",
            "display": "Anatomic Pathology Structured Report Cancer Larynx"
          },
          {
            "code": "urn:ihe:pharm:pre:2010",
            "display": "Pharmacy Pre"
          },
          {
            "code": "urn:ihe:pharm:padv:2010",
            "display": "Pharmacy PADV"
          },
          {
            "code": "urn:ihe:pharm:dis:2010",
            "display": "Pharmacy DIS"
          },
          {
            "code": "urn:ihe:pharm:pml:2013",
            "display": "Pharmacy PML"
          },
          {
            "code": "urn:nhin:names:acp:XACML",
            "display": "Access Consent Policy document formatted as XACML"
          }
        ]
      }
    ]
  }
}