{
  "resourceType": "ValueSet",
  "id": "valueset-encounter-discharge-disposition",
  "meta": {
    "lastUpdated": "2015-03-23T23:56:59.139+00:00",
    "profile": [
      "http://hl7.org/fhir/StructureDefinition/valueset-shareable-definition"
    ]
  },
  "text": {
    "status": "generated",
    "div": "<div><p>This value set contains 9 concepts</p><h2>DischargeDisposition</h2><p>This value set defines a set of codes that can be used to where the patient left the hospital</p><p>This value set defines its own terms in the system http://hl7.org/fhir/discharge-disposition</p><table class=\"codes\"><tr><td><b>Code</b></td><td><b>Display</b></td><td><b>Definition</b></td></tr><tr><td>home<a name=\"home\"> </a></td><td>Home</td><td/></tr><tr><td>other-hcf<a name=\"other-hcf\"> </a></td><td>Other healthcare facility</td><td/></tr><tr><td>hosp<a name=\"hosp\"> </a></td><td>Hospice</td><td/></tr><tr><td>long<a name=\"long\"> </a></td><td>Long-term care</td><td/></tr><tr><td>aadvice<a name=\"aadvice\"> </a></td><td>Left against advice</td><td/></tr><tr><td>exp<a name=\"exp\"> </a></td><td>Expired</td><td/></tr><tr><td>psy<a name=\"psy\"> </a></td><td>Psychiatric hospital</td><td/></tr><tr><td>rehab<a name=\"rehab\"> </a></td><td>Rehabilitation</td><td/></tr><tr><td>oth<a name=\"oth\"> </a></td><td>Other</td><td/></tr></table></div>"
  },
  "extension": [
    {
      "url": "http://hl7.org/fhir/StructureDefinition/valueset-oid",
      "valueUri": "urn:oid:2.16.840.1.113883.4.642.2.190"
    }
  ],
  "url": "http://hl7.org/fhir/vs/encounter-discharge-disposition",
  "version": "0.4.0",
  "name": "DischargeDisposition",
  "publisher": "FHIR Project team",
  "contact": [
    {
      "telecom": [
        {
          "system": "url",
          "value": "http://hl7.org/fhir"
        }
      ]
    }
  ],
  "description": "This value set defines a set of codes that can be used to where the patient left the hospital",
  "status": "draft",
  "experimental": true,
  "define": {
    "extension": [
      {
        "url": "http://hl7.org/fhir/StructureDefinition/valueset-oid",
        "valueUri": "urn:oid:null"
      }
    ],
    "system": "http://hl7.org/fhir/discharge-disposition",
    "caseSensitive": true,
    "concept": [
      {
        "code": "home",
        "display": "Home"
      },
      {
        "code": "other-hcf",
        "display": "Other healthcare facility"
      },
      {
        "code": "hosp",
        "display": "Hospice"
      },
      {
        "code": "long",
        "display": "Long-term care"
      },
      {
        "code": "aadvice",
        "display": "Left against advice"
      },
      {
        "code": "exp",
        "display": "Expired"
      },
      {
        "code": "psy",
        "display": "Psychiatric hospital"
      },
      {
        "code": "rehab",
        "display": "Rehabilitation"
      },
      {
        "code": "oth",
        "display": "Other"
      }
    ]
  }
}