{
  "resourceType": "ValueSet",
  "id": "valueset-vaccination-protocol-dose-target",
  "meta": {
    "lastUpdated": "2015-03-23T23:56:59.139+00:00",
    "profile": [
      "http://hl7.org/fhir/StructureDefinition/valueset-shareable-definition"
    ]
  },
  "text": {
    "status": "generated",
    "div": "<div><p>This value set contains 9 concepts</p><h2>Vaccination Protocol Dose TargetCodes</h2><p>The value set to instantiate this attribute should be drawn from a terminologically robust code system that consists of or          contains concepts to support the medication process, in particular the process and reasons for dispensing. This value set is provided as a suggestive example</p><p>This value set defines its own terms in the system http://hl7.org/fhir/vaccination-protocol-dose-target</p><table class=\"codes\"><tr><td><b>Code</b></td><td><b>Display</b></td><td><b>Definition</b></td></tr><tr><td>crs<a name=\"crs\"> </a></td><td>Congenital Rubella Syndrome</td><td/></tr><tr><td>dip<a name=\"dip\"> </a></td><td>Diptheria</td><td/></tr><tr><td>mea<a name=\"mea\"> </a></td><td>Measles</td><td/></tr><tr><td>mum<a name=\"mum\"> </a></td><td>Mumps</td><td/></tr><tr><td>rub<a name=\"rub\"> </a></td><td>Rubella</td><td/></tr><tr><td>tet<a name=\"tet\"> </a></td><td>Tetanus</td><td/></tr><tr><td>hib<a name=\"hib\"> </a></td><td>Haemophilus influenzae type b</td><td/></tr><tr><td>per<a name=\"per\"> </a></td><td>Pertussis</td><td/></tr><tr><td>pol<a name=\"pol\"> </a></td><td>Poliomyelitis</td><td/></tr></table></div>"
  },
  "extension": [
    {
      "url": "http://hl7.org/fhir/StructureDefinition/valueset-oid",
      "valueUri": "urn:oid:2.16.840.1.113883.4.642.2.81"
    }
  ],
  "url": "http://hl7.org/fhir/vs/vaccination-protocol-dose-target",
  "version": "0.4.0",
  "name": "Vaccination Protocol Dose TargetCodes",
  "publisher": "FHIR Project team",
  "contact": [
    {
      "telecom": [
        {
          "system": "url",
          "value": "http://hl7.org/fhir"
        }
      ]
    }
  ],
  "description": "The value set to instantiate this attribute should be drawn from a terminologically robust code system that consists of or          contains concepts to support the medication process, in particular the process and reasons for dispensing. This value set is provided as a suggestive example",
  "status": "draft",
  "experimental": true,
  "define": {
    "extension": [
      {
        "url": "http://hl7.org/fhir/StructureDefinition/valueset-oid",
        "valueUri": "urn:oid:null"
      }
    ],
    "system": "http://hl7.org/fhir/vaccination-protocol-dose-target",
    "caseSensitive": true,
    "concept": [
      {
        "code": "crs",
        "display": "Congenital Rubella Syndrome"
      },
      {
        "code": "dip",
        "display": "Diptheria"
      },
      {
        "code": "mea",
        "display": "Measles"
      },
      {
        "code": "mum",
        "display": "Mumps"
      },
      {
        "code": "rub",
        "display": "Rubella"
      },
      {
        "code": "tet",
        "display": "Tetanus"
      },
      {
        "code": "hib",
        "display": "Haemophilus influenzae type b"
      },
      {
        "code": "per",
        "display": "Pertussis"
      },
      {
        "code": "pol",
        "display": "Poliomyelitis"
      }
    ]
  }
}