{
  "resourceType": "ValueSet",
  "id": "valueset-supply-dispense-status",
  "meta": {
    "lastUpdated": "2015-03-23T23:56:59.139+00:00",
    "profile": [
      "http://hl7.org/fhir/StructureDefinition/valueset-shareable-definition"
    ]
  },
  "text": {
    "status": "generated",
    "div": "<div><p>This value set contains 3 concepts</p><h2>SupplyDispenseStatus</h2><p>Status of the dispense</p><p>This value set defines its own terms in the system http://hl7.org/fhir/valueset-supply-dispense-status</p><table class=\"codes\"><tr><td><b>Code</b></td><td><b>Display</b></td><td><b>Definition</b></td></tr><tr><td>in-progress<a name=\"in-progress\"> </a></td><td>In Progress</td><td>Supply has been requested, but not dispensed.</td></tr><tr><td>dispensed<a name=\"dispensed\"> </a></td><td>Dispensed</td><td>Supply is part of a pharmacy order and has been dispensed.</td></tr><tr><td>abandoned<a name=\"abandoned\"> </a></td><td>Abandoned</td><td>Dispensing was not completed.</td></tr></table></div>"
  },
  "extension": [
    {
      "url": "http://hl7.org/fhir/StructureDefinition/valueset-oid",
      "valueUri": "urn:oid:2.16.840.1.113883.4.642.2.357"
    }
  ],
  "url": "http://hl7.org/fhir/vs/valueset-supply-dispense-status",
  "version": "0.4.0",
  "name": "SupplyDispenseStatus",
  "publisher": "HL7 (FHIR Project)",
  "contact": [
    {
      "telecom": [
        {
          "system": "url",
          "value": "http://hl7.org/fhir"
        },
        {
          "system": "email",
          "value": "fhir@lists.hl7.org"
        }
      ]
    }
  ],
  "description": "Status of the dispense",
  "status": "draft",
  "experimental": false,
  "date": "2015-03-23T23:56:59+00:00",
  "define": {
    "extension": [
      {
        "url": "http://hl7.org/fhir/StructureDefinition/valueset-oid",
        "valueUri": "urn:oid:2.16.840.1.113883.4.642.1.357"
      }
    ],
    "system": "http://hl7.org/fhir/valueset-supply-dispense-status",
    "caseSensitive": true,
    "concept": [
      {
        "code": "in-progress",
        "display": "In Progress",
        "definition": "Supply has been requested, but not dispensed."
      },
      {
        "code": "dispensed",
        "display": "Dispensed",
        "definition": "Supply is part of a pharmacy order and has been dispensed."
      },
      {
        "code": "abandoned",
        "display": "Abandoned",
        "definition": "Dispensing was not completed."
      }
    ]
  }
}