{
  "resourceType": "ValueSet",
  "id": "valueset-missing-tooth-reason",
  "meta": {
    "lastUpdated": "2015-03-23T23:56:59.139+00:00",
    "profile": [
      "http://hl7.org/fhir/StructureDefinition/valueset-shareable-definition"
    ]
  },
  "text": {
    "status": "generated",
    "div": "<div>\n      This value set includes sample Missing Tooth Reason codes.\n    <hr/><p>This value set contains 4 concepts</p><h2>Missing Tooth Reason Codes</h2><p>This value set includes sample Missing Tooth Reason codes.</p><p><b>Copyright Statement:</b> This is an example set</p><p>This value set defines its own terms in the system http://hl7.org/fhir/missingtoothreason</p><table class=\"codes\"><tr><td><b>Code</b></td><td><b>Definition</b></td></tr><tr><td>E<a name=\"E\"> </a></td><td/></tr><tr><td>C<a name=\"C\"> </a></td><td/></tr><tr><td>U<a name=\"U\"> </a></td><td/></tr><tr><td>O<a name=\"O\"> </a></td><td/></tr></table></div>"
  },
  "extension": [
    {
      "url": "http://hl7.org/fhir/StructureDefinition/valueset-oid",
      "valueUri": "urn:oid:2.16.840.1.113883.4.642.2.452"
    }
  ],
  "url": "http://hl7.org/fhir/vs/missing-tooth-reason",
  "version": "0.4.0",
  "name": "Missing Tooth Reason Codes",
  "publisher": "Financial Management",
  "contact": [
    {
      "telecom": [
        {
          "system": "url",
          "value": "http://hl7.org/fhir"
        }
      ]
    }
  ],
  "description": "This value set includes sample Missing Tooth Reason codes.",
  "copyright": "This is an example set",
  "status": "draft",
  "experimental": true,
  "define": {
    "extension": [
      {
        "url": "http://hl7.org/fhir/StructureDefinition/valueset-oid",
        "valueUri": "urn:oid:null"
      }
    ],
    "system": "http://hl7.org/fhir/missingtoothreason",
    "caseSensitive": true,
    "concept": [
      {
        "code": "E"
      },
      {
        "code": "C"
      },
      {
        "code": "U"
      },
      {
        "code": "O"
      }
    ]
  }
}