{"define":{"caseSensitive":true,"concept":[{"code":"read","definition":"Read the current state of the resource","display":"read"},{"code":"vread","definition":"Read the state of a specific version of the resource","display":"vread"},{"code":"update","definition":"Update an existing resource by its id (or create it if it is new)","display":"update"},{"code":"delete","definition":"Delete a resource","display":"delete"},{"abstract":false,"code":"history","concept":[{"code":"history-instance","definition":"Retrieve the update history for a particular resource","display":"history-instance"},{"code":"history-type","definition":"Retrieve the update history for a all resources of a particular type","display":"history-type"},{"code":"history-system","definition":"Retrieve the update history for all resources on a system","display":"history-system"}],"definition":"Retrieve the update history for a particular resource, type of resource, or the entire system","display":"history"},{"code":"create","definition":"Create a new resource with a server assigned id","display":"create"},{"abstract":false,"code":"search","concept":[{"code":"search-type","definition":"Search all resources of the specified type based on some filter criteria","display":"search-type"},{"code":"search-system","definition":"Search all resources based on some filter criteria","display":"search-system"}],"definition":"Search a resource type or all resources based on some filter criteria","display":"search"},{"code":"validate","definition":"Check that the content would be acceptable as an update","display":"validate"},{"code":"conformance","definition":"Get a conformance statement for the system","display":"conformance"},{"code":"transaction","definition":"Update, create or delete a set of resources as a single transaction","display":"transaction"},{"code":"operation","definition":"Perform an operation as defined by an OperationDefinition","display":"operation"}],"system":"http://hl7.org/fhir/restful-interaction"},"description":"The set of interactions defined by the RESTful part of the FHIR specification","id":"valueset-restful-interaction","name":"FHIR Restful Interactions","publisher":"FHIR Project","resourceType":"ValueSet","status":"draft","text":{"div":"<div>\n      <p>This value set contains 16 concepts</p>\n      <h2>FHIR Restful Interactions</h2>\n      <p>The set of interactions defined by the RESTful part of the FHIR specification</p>\n      <p>This value set defines its own terms in the system http://hl7.org/fhir/restful-interaction</p>\n      <table class=\"codes\">\n        <tr>\n          <td>\n            <b>Lvl</b>\n          </td>\n          <td>\n            <b>Code</b>\n          </td>\n          <td>\n            <b>Display</b>\n          </td>\n          <td>\n            <b>Definition</b>\n          </td>\n        </tr>\n        <tr>\n          <td>1</td>\n          <td>read\n            <a name=\"read\"> </a>\n          </td>\n          <td>read</td>\n          <td>Read the current state of the resource</td>\n        </tr>\n        <tr>\n          <td>1</td>\n          <td>vread\n            <a name=\"vread\"> </a>\n          </td>\n          <td>vread</td>\n          <td>Read the state of a specific version of the resource</td>\n        </tr>\n        <tr>\n          <td>1</td>\n          <td>update\n            <a name=\"update\"> </a>\n          </td>\n          <td>update</td>\n          <td>Update an existing resource by its id (or create it if it is new)</td>\n        </tr>\n        <tr>\n          <td>1</td>\n          <td>delete\n            <a name=\"delete\"> </a>\n          </td>\n          <td>delete</td>\n          <td>Delete a resource</td>\n        </tr>\n        <tr>\n          <td>1</td>\n          <td>history\n            <a name=\"history\"> </a>\n          </td>\n          <td>history</td>\n          <td>Retrieve the update history for a particular resource, type of resource, or the entire system</td>\n        </tr>\n        <tr>\n          <td>2</td>\n          <td>&nbsp;&nbsp;history-instance\n            <a name=\"history-instance\"> </a>\n          </td>\n          <td>history-instance</td>\n          <td>Retrieve the update history for a particular resource</td>\n        </tr>\n        <tr>\n          <td>2</td>\n          <td>&nbsp;&nbsp;history-type\n            <a name=\"history-type\"> </a>\n          </td>\n          <td>history-type</td>\n          <td>Retrieve the update history for a all resources of a particular type</td>\n        </tr>\n        <tr>\n          <td>2</td>\n          <td>&nbsp;&nbsp;history-system\n            <a name=\"history-system\"> </a>\n          </td>\n          <td>history-system</td>\n          <td>Retrieve the update history for all resources on a system</td>\n        </tr>\n        <tr>\n          <td>1</td>\n          <td>create\n            <a name=\"create\"> </a>\n          </td>\n          <td>create</td>\n          <td>Create a new resource with a server assigned id</td>\n        </tr>\n        <tr>\n          <td>1</td>\n          <td>search\n            <a name=\"search\"> </a>\n          </td>\n          <td>search</td>\n          <td>Search a resource type or all resources based on some filter criteria</td>\n        </tr>\n        <tr>\n          <td>2</td>\n          <td>&nbsp;&nbsp;search-type\n            <a name=\"search-type\"> </a>\n          </td>\n          <td>search-type</td>\n          <td>Search all resources of the specified type based on some filter criteria</td>\n        </tr>\n        <tr>\n          <td>2</td>\n          <td>&nbsp;&nbsp;search-system\n            <a name=\"search-system\"> </a>\n          </td>\n          <td>search-system</td>\n          <td>Search all resources based on some filter criteria</td>\n        </tr>\n        <tr>\n          <td>1</td>\n          <td>validate\n            <a name=\"validate\"> </a>\n          </td>\n          <td>validate</td>\n          <td>Check that the content would be acceptable as an update</td>\n        </tr>\n        <tr>\n          <td>1</td>\n          <td>conformance\n            <a name=\"conformance\"> </a>\n          </td>\n          <td>conformance</td>\n          <td>Get a conformance statement for the system</td>\n        </tr>\n        <tr>\n          <td>1</td>\n          <td>transaction\n            <a name=\"transaction\"> </a>\n          </td>\n          <td>transaction</td>\n          <td>Update, create or delete a set of resources as a single transaction</td>\n        </tr>\n        <tr>\n          <td>1</td>\n          <td>operation\n            <a name=\"operation\"> </a>\n          </td>\n          <td>operation</td>\n          <td>Perform an operation as defined by an OperationDefinition</td>\n        </tr>\n      </table>\n    </div>","status":"generated"},"url":"http://hl7.org/fhir/vs/restful-interaction"}