{
  "resourceType": "ValueSet",
  "id": "valueset-goal-category",
  "meta": {
    "lastUpdated": "2015-03-23T23:56:59.139+00:00",
    "profile": [
      "http://hl7.org/fhir/StructureDefinition/valueset-shareable-definition"
    ]
  },
  "text": {
    "status": "generated",
    "div": "<div><p>This value set does not contain a fixed number of concepts</p><h2>GoalCategory</h2><p>goal category - a specific code indicating the type of goal. This value set includes all concepts from SNOMED CT</p><p><b>Copyright Statement:</b> This value set includes content from SNOMED CT, which is copyright &copy; 2002+ International Health Terminology Standards Development Organisation (IHTSDO), and distributed by agreement between IHTSDO and HL7. Implementer use of SNOMED CT is not covered by this agreement</p><p>This value set includes codes defined in other code systems, using the following rules:</p><ul><li>Include all codes defined in http://snomed.info/sct</li></ul></div>"
  },
  "extension": [
    {
      "url": "http://hl7.org/fhir/StructureDefinition/valueset-oid",
      "valueUri": "urn:oid:2.16.840.1.113883.4.642.2.1584"
    }
  ],
  "url": "http://hl7.org/fhir/vs/goal-category",
  "version": "0.4.0",
  "name": "GoalCategory",
  "publisher": "HL7 International - CQI WG",
  "contact": [
    {
      "telecom": [
        {
          "system": "url",
          "value": "http://www.hl7.org/Special/committees/cqi/"
        }
      ]
    }
  ],
  "description": "goal category - a specific code indicating the type of goal. This value set includes all concepts from SNOMED CT",
  "copyright": "This value set includes content from SNOMED CT, which is copyright © 2002+ International Health Terminology Standards Development Organisation (IHTSDO), and distributed by agreement between IHTSDO and HL7. Implementer use of SNOMED CT is not covered by this agreement",
  "status": "draft",
  "experimental": true,
  "compose": {
    "include": [
      {
        "system": "http://snomed.info/sct"
      }
    ]
  }
}