{
  "resourceType": "ValueSet",
  "id": "valueset-manifestation-c-cda-codes",
  "meta": {
    "lastUpdated": "2015-03-23T23:56:59.139+00:00",
    "profile": [
      "http://hl7.org/fhir/StructureDefinition/valueset-shareable-definition"
    ]
  },
  "text": {
    "status": "generated",
    "div": "<div>\n      A value set of SNOMED-CT codes limited to terms descending from the Clinical Findings (404684003) or Situation with Explicit Context (243796009) hierarchies. \n     <hr/><p>This value set does not contain a fixed number of concepts</p><h2>C-CDA Problems Value Set</h2><p>This value set includes all SNOMED CT Clinical Findings or Situation with Explicit Context hierarchies.</p><p><b>Copyright Statement:</b> This value set includes content from SNOMED CT, which is copyright &copy; 2002+ International Health Terminology Standards Development Organisation (IHTSDO), and distributed by agreement between IHTSDO and HL7. Implementer use of SNOMED CT is not covered by this agreement</p><p>This value set includes codes defined in other code systems, using the following rules:</p><ul><li>Include codes from http://snomed.info/sct where concept  is-a  404684003Include codes from http://snomed.info/sct where concept  is-a  243796009</li></ul></div>"
  },
  "extension": [
    {
      "url": "http://hl7.org/fhir/StructureDefinition/valueset-oid",
      "valueUri": "urn:oid:2.16.840.1.113883.4.642.2.1576"
    }
  ],
  "url": "http://hl7.org/fhir/vs/manifestation-c-cda-codes",
  "version": "0.4.0",
  "name": "C-CDA Problems Value Set",
  "publisher": "DAF Project team",
  "contact": [
    {
      "telecom": [
        {
          "system": "url",
          "value": "http://hl7.org/fhir"
        }
      ]
    }
  ],
  "description": "This value set includes all SNOMED CT Clinical Findings or Situation with Explicit Context hierarchies.",
  "copyright": "This value set includes content from SNOMED CT, which is copyright © 2002+ International Health Terminology Standards Development Organisation (IHTSDO), and distributed by agreement between IHTSDO and HL7. Implementer use of SNOMED CT is not covered by this agreement",
  "status": "draft",
  "experimental": true,
  "compose": {
    "include": [
      {
        "system": "http://snomed.info/sct",
        "filter": [
          {
            "property": "concept",
            "op": "is-a",
            "value": "404684003"
          },
          {
            "property": "concept",
            "op": "is-a",
            "value": "243796009"
          }
        ]
      }
    ]
  }
}