{
  "resourceType": "ValueSet",
  "id": "valueset-daf-problem",
  "meta": {
    "lastUpdated": "2015-03-23T23:56:59.139+00:00",
    "profile": [
      "http://hl7.org/fhir/StructureDefinition/valueset-shareable-definition"
    ]
  },
  "text": {
    "status": "generated",
    "div": "<div><p>This value set does not contain a fixed number of concepts</p><h2>Problem Value Set</h2><p>This describes the problem. Diagnosis/Problem List is broadly defined as a series of brief statements that catalog a patient's medical, nursing, dental, social, preventative and psychiatric events and issues that are relevant to that patient's healthcare (e.g., signs, symptoms, and defined conditions)</p><p><b>Copyright Statement:</b> This value set includes content from SNOMED CT, which is copyright &copy; 2002+ International Health Terminology Standards Development Organisation (IHTSDO), and distributed by agreement between IHTSDO and HL7. Implementer use of SNOMED CT is not covered by this agreement</p><p>This value set includes codes defined in other code systems, using the following rules:</p><ul><li>Include codes from http://snomed.info/sct where concept  is-a  404684003</li><li>Include codes from http://snomed.info/sct where concept  is-a  243796009</li></ul></div>"
  },
  "extension": [
    {
      "url": "http://hl7.org/fhir/StructureDefinition/valueset-oid",
      "valueUri": "urn:oid:2.16.840.1.113883.3.88.12.3221.7.4"
    },
    {
      "url": "http://hl7.org/fhir/StructureDefinition/valueset-oid",
      "valueUri": "urn:oid:2.16.840.1.113883.4.642.2.567"
    }
  ],
  "url": "http://hl7.org/fhir/vs/daf-problem",
  "version": "0.4.0",
  "name": "Problem Value Set",
  "publisher": "PHIN VADS",
  "contact": [
    {
      "telecom": [
        {
          "system": "url",
          "value": "http://phinvads.cdc.gov/vads/ViewValueSet.action?oid=2.16.840.1.113883.3.88.12.3221.7.4"
        }
      ]
    }
  ],
  "description": "This describes the problem. Diagnosis/Problem List is broadly defined as a series of brief statements that catalog a patient's medical, nursing, dental, social, preventative and psychiatric events and issues that are relevant to that patient's healthcare (e.g., signs, symptoms, and defined conditions)",
  "copyright": "This value set includes content from SNOMED CT, which is copyright © 2002+ International Health Terminology Standards Development Organisation (IHTSDO), and distributed by agreement between IHTSDO and HL7. Implementer use of SNOMED CT is not covered by this agreement",
  "status": "active",
  "experimental": true,
  "compose": {
    "include": [
      {
        "system": "http://snomed.info/sct",
        "filter": [
          {
            "property": "concept",
            "op": "is-a",
            "value": "404684003"
          }
        ]
      },
      {
        "system": "http://snomed.info/sct",
        "filter": [
          {
            "property": "concept",
            "op": "is-a",
            "value": "243796009"
          }
        ]
      }
    ]
  }
}