{
  "resourceType": "ValueSet",
  "id": "valueset-device-action",
  "meta": {
    "lastUpdated": "2015-03-23T23:56:59.139+00:00",
    "profile": [
      "http://hl7.org/fhir/StructureDefinition/valueset-shareable-definition"
    ]
  },
  "text": {
    "status": "generated",
    "div": "<div><p>This value set contains 3 concepts</p><h2>Procedure Device Action Codes</h2><p>Example value set for Procedure Device Action code (what happened to a device during a procedure</p><p>This value set defines its own terms in the system http://hl7.org/fhir/device-action</p><table class=\"codes\"><tr><td><b>Code</b></td><td><b>Display</b></td><td><b>Definition</b></td></tr><tr><td>implanted<a name=\"implanted\"> </a></td><td>Implanted</td><td>The device was implanted in the patient during the procedure</td></tr><tr><td>explanted<a name=\"explanted\"> </a></td><td>Explanted</td><td>The device was explanted from the patient during the procedure</td></tr><tr><td>manipulated<a name=\"manipulated\"> </a></td><td>Manipulated</td><td>The device remains in that patient, but it's location, settings, or functionality was changed</td></tr></table></div>"
  },
  "extension": [
    {
      "url": "http://hl7.org/fhir/StructureDefinition/valueset-oid",
      "valueUri": "urn:oid:2.16.840.1.113883.4.642.2.1866"
    }
  ],
  "url": "http://hl7.org/fhir/vs/device-action",
  "version": "0.4.0",
  "name": "Procedure Device Action Codes",
  "publisher": "FHIR Project team",
  "contact": [
    {
      "telecom": [
        {
          "system": "url",
          "value": "http://hl7.org/fhir"
        }
      ]
    }
  ],
  "description": "Example value set for Procedure Device Action code (what happened to a device during a procedure",
  "status": "draft",
  "experimental": true,
  "define": {
    "extension": [
      {
        "url": "http://hl7.org/fhir/StructureDefinition/valueset-oid",
        "valueUri": "urn:oid:null"
      }
    ],
    "system": "http://hl7.org/fhir/device-action",
    "caseSensitive": true,
    "concept": [
      {
        "code": "implanted",
        "display": "Implanted",
        "definition": "The device was implanted in the patient during the procedure"
      },
      {
        "code": "explanted",
        "display": "Explanted",
        "definition": "The device was explanted from the patient during the procedure"
      },
      {
        "code": "manipulated",
        "display": "Manipulated",
        "definition": "The device remains in that patient, but it's location, settings, or functionality was changed"
      }
    ]
  }
}