{
  "resourceType": "ValueSet",
  "id": "valueset-investigation-sets",
  "meta": {
    "lastUpdated": "2015-03-23T23:56:59.139+00:00",
    "profile": [
      "http://hl7.org/fhir/StructureDefinition/valueset-shareable-definition"
    ]
  },
  "text": {
    "status": "generated",
    "div": "<div>\n      <p>This value set includes all SNOMED CT codes relating to the qualifier &quot;Known&quot; (concepts with an is-a relationship with 36692007)</p>\n    </div>"
  },
  "extension": [
    {
      "url": "http://hl7.org/fhir/StructureDefinition/valueset-oid",
      "valueUri": "urn:oid:2.16.840.1.113883.4.642.2.541"
    }
  ],
  "url": "http://hl7.org/fhir/vs/investigation-sets",
  "version": "0.4.0",
  "name": "Condition/Diagnosis Certainty",
  "publisher": "FHIR Project team",
  "contact": [
    {
      "telecom": [
        {
          "system": "url",
          "value": "http://hl7.org/fhir"
        }
      ]
    }
  ],
  "description": "Example value set for Condition/Problem/Diagnosis certainty",
  "copyright": "This value set includes content from SNOMED CT, which is copyright © 2002+ International Health Terminology Standards Development Organisation (IHTSDO), and distributed by agreement between IHTSDO and HL7. Implementer use of SNOMED CT is not covered by this agreement",
  "status": "draft",
  "experimental": true,
  "compose": {
    "include": [
      {
        "system": "http://snomed.info/sct",
        "concept": [
          {
            "code": "271336007",
            "display": "Examination / signs"
          },
          {
            "code": "160237006",
            "display": "History/symptoms"
          }
        ]
      }
    ]
  }
}