{
  "resourceType": "ValueSet",
  "id": "valueset-usps-state",
  "meta": {
    "lastUpdated": "2015-03-23T23:56:59.139+00:00",
    "profile": [
      "http://hl7.org/fhir/StructureDefinition/valueset-shareable-definition"
    ]
  },
  "text": {
    "status": "generated",
    "div": "<div><p>This value set contains 60 concepts</p><h2>USPS Two Letter Alphabetic Codes</h2><p>This value set defines two letter USPS alphabetic codes.</p><p><b>Copyright Statement:</b> On July 1, 1963, the Post Office Department implemented the five-digit ZIP Code, which was placed after the state name in the last line of an address. To provide room for the ZIP Code, the Department issued two-letter abbreviations for all states and territories. Publication 59, Abbreviations for Use with ZIP Code, issued by the Department in October 1963.   Currently there is no copyright restrictions on this value set</p><p>This value set includes codes defined in other code systems, using the following rules:</p><ul><li>Include these codes as defined in https://www.usps.com/<table><tr><td><b>Code</b></td><td><b>Display</b></td></tr><tr><td>AK</td><td>Alaska</td><td/></tr><tr><td>AL</td><td>Alabama</td><td/></tr><tr><td>AR</td><td>Arkansas</td><td/></tr><tr><td>AS</td><td>American Samoa</td><td/></tr><tr><td>AZ</td><td>Arizona</td><td/></tr><tr><td>CA</td><td>California</td><td/></tr><tr><td>CO</td><td>Colorado</td><td/></tr><tr><td>CT</td><td>Connecticut</td><td/></tr><tr><td>DC</td><td>District of Columbia</td><td/></tr><tr><td>DE</td><td>Delaware</td><td/></tr><tr><td>FL</td><td>Florida</td><td/></tr><tr><td>FM</td><td>Federated States of Micronesia</td><td/></tr><tr><td>GA</td><td>Georgia</td><td/></tr><tr><td>GU</td><td>Guam</td><td/></tr><tr><td>HI</td><td>Hawaii</td><td/></tr><tr><td>IA</td><td>Iowa</td><td/></tr><tr><td>ID</td><td>Idaho</td><td/></tr><tr><td>IL</td><td>Illinois</td><td/></tr><tr><td>IN</td><td>Indiana</td><td/></tr><tr><td>KS</td><td>Kansas</td><td/></tr><tr><td>KY</td><td>Kentucky</td><td/></tr><tr><td>LA</td><td>Louisiana</td><td/></tr><tr><td>MA</td><td>Massachusetts</td><td/></tr><tr><td>MD</td><td>Maryland</td><td/></tr><tr><td>ME</td><td>Maine</td><td/></tr><tr><td>MH</td><td>Marshall Islands</td><td/></tr><tr><td>MI</td><td>Michigan</td><td/></tr><tr><td>MN</td><td>Minnesota</td><td/></tr><tr><td>MO</td><td>Missouri</td><td/></tr><tr><td>MP</td><td>Northern Mariana Islands</td><td/></tr><tr><td>MS</td><td>Mississippi</td><td/></tr><tr><td>MT</td><td>Montana</td><td/></tr><tr><td>NC</td><td>North Carolina</td><td/></tr><tr><td>ND</td><td>North Dakota</td><td/></tr><tr><td>NE</td><td>Nebraska</td><td/></tr><tr><td>NH</td><td>New Hampshire</td><td/></tr><tr><td>NJ</td><td>New Jersey</td><td/></tr><tr><td>NM</td><td>New Mexico</td><td/></tr><tr><td>NV</td><td>Nevada</td><td/></tr><tr><td>NY</td><td>New York</td><td/></tr><tr><td>OH</td><td>Ohio</td><td/></tr><tr><td>OK</td><td>Oklahoma</td><td/></tr><tr><td>OR</td><td>Oregon</td><td/></tr><tr><td>PA</td><td>Pennsylvania</td><td/></tr><tr><td>PR</td><td>Puerto Rico</td><td/></tr><tr><td>PW</td><td>Palau</td><td/></tr><tr><td>RI</td><td>Rhode Island</td><td/></tr><tr><td>SC</td><td>South Carolina</td><td/></tr><tr><td>SD</td><td>South Dakota</td><td/></tr><tr><td>TN</td><td>Tennessee</td><td/></tr><tr><td>TX</td><td>Texas</td><td/></tr><tr><td>UM</td><td>U.S. Minor Outlying Islands</td><td/></tr><tr><td>UT</td><td>Utah</td><td/></tr><tr><td>VA</td><td>Virginia</td><td/></tr><tr><td>VI</td><td>Virgin Islands of the U.S.</td><td/></tr><tr><td>VT</td><td>Vermont</td><td/></tr><tr><td>WA</td><td>Washington</td><td/></tr><tr><td>WI</td><td>Wisconsin</td><td/></tr><tr><td>WV</td><td>West Virginia</td><td/></tr><tr><td>WY</td><td>Wyoming</td><td/></tr></table></li></ul></div>"
  },
  "extension": [
    {
      "url": "http://hl7.org/fhir/StructureDefinition/valueset-oid",
      "valueUri": "urn:oid:2.16.840.1.113883.4.642.2.517"
    }
  ],
  "url": "http://hl7.org/fhir/vs/usps-state",
  "version": "0.4.0",
  "name": "USPS Two Letter Alphabetic Codes",
  "publisher": "HL7 International - Orders and Observations WG",
  "contact": [
    {
      "telecom": [
        {
          "system": "url",
          "value": "http://hl7.org/fhir"
        }
      ]
    }
  ],
  "description": "This value set defines two letter USPS alphabetic codes.",
  "copyright": "On July 1, 1963, the Post Office Department implemented the five-digit ZIP Code, which was placed after the state name in the last line of an address. To provide room for the ZIP Code, the Department issued two-letter abbreviations for all states and territories. Publication 59, Abbreviations for Use with ZIP Code, issued by the Department in October 1963.   Currently there is no copyright restrictions on this value set",
  "status": "draft",
  "experimental": true,
  "compose": {
    "include": [
      {
        "system": "https://www.usps.com/",
        "concept": [
          {
            "code": "AK",
            "display": "Alaska"
          },
          {
            "code": "AL",
            "display": "Alabama"
          },
          {
            "code": "AR",
            "display": "Arkansas"
          },
          {
            "code": "AS",
            "display": "American Samoa"
          },
          {
            "code": "AZ",
            "display": "Arizona"
          },
          {
            "code": "CA",
            "display": "California"
          },
          {
            "code": "CO",
            "display": "Colorado"
          },
          {
            "code": "CT",
            "display": "Connecticut"
          },
          {
            "code": "DC",
            "display": "District of Columbia"
          },
          {
            "code": "DE",
            "display": "Delaware"
          },
          {
            "code": "FL",
            "display": "Florida"
          },
          {
            "code": "FM",
            "display": "Federated States of Micronesia"
          },
          {
            "code": "GA",
            "display": "Georgia"
          },
          {
            "code": "GU",
            "display": "Guam"
          },
          {
            "code": "HI",
            "display": "Hawaii"
          },
          {
            "code": "IA",
            "display": "Iowa"
          },
          {
            "code": "ID",
            "display": "Idaho"
          },
          {
            "code": "IL",
            "display": "Illinois"
          },
          {
            "code": "IN",
            "display": "Indiana"
          },
          {
            "code": "KS",
            "display": "Kansas"
          },
          {
            "code": "KY",
            "display": "Kentucky"
          },
          {
            "code": "LA",
            "display": "Louisiana"
          },
          {
            "code": "MA",
            "display": "Massachusetts"
          },
          {
            "code": "MD",
            "display": "Maryland"
          },
          {
            "code": "ME",
            "display": "Maine"
          },
          {
            "code": "MH",
            "display": "Marshall Islands"
          },
          {
            "code": "MI",
            "display": "Michigan"
          },
          {
            "code": "MN",
            "display": "Minnesota"
          },
          {
            "code": "MO",
            "display": "Missouri"
          },
          {
            "code": "MP",
            "display": "Northern Mariana Islands"
          },
          {
            "code": "MS",
            "display": "Mississippi"
          },
          {
            "code": "MT",
            "display": "Montana"
          },
          {
            "code": "NC",
            "display": "North Carolina"
          },
          {
            "code": "ND",
            "display": "North Dakota"
          },
          {
            "code": "NE",
            "display": "Nebraska"
          },
          {
            "code": "NH",
            "display": "New Hampshire"
          },
          {
            "code": "NJ",
            "display": "New Jersey"
          },
          {
            "code": "NM",
            "display": "New Mexico"
          },
          {
            "code": "NV",
            "display": "Nevada"
          },
          {
            "code": "NY",
            "display": "New York"
          },
          {
            "code": "OH",
            "display": "Ohio"
          },
          {
            "code": "OK",
            "display": "Oklahoma"
          },
          {
            "code": "OR",
            "display": "Oregon"
          },
          {
            "code": "PA",
            "display": "Pennsylvania"
          },
          {
            "code": "PR",
            "display": "Puerto Rico"
          },
          {
            "code": "PW",
            "display": "Palau"
          },
          {
            "code": "RI",
            "display": "Rhode Island"
          },
          {
            "code": "SC",
            "display": "South Carolina"
          },
          {
            "code": "SD",
            "display": "South Dakota"
          },
          {
            "code": "TN",
            "display": "Tennessee"
          },
          {
            "code": "TX",
            "display": "Texas"
          },
          {
            "code": "UM",
            "display": "U.S. Minor Outlying Islands"
          },
          {
            "code": "UT",
            "display": "Utah"
          },
          {
            "code": "VA",
            "display": "Virginia"
          },
          {
            "code": "VI",
            "display": "Virgin Islands of the U.S."
          },
          {
            "code": "VT",
            "display": "Vermont"
          },
          {
            "code": "WA",
            "display": "Washington"
          },
          {
            "code": "WI",
            "display": "Wisconsin"
          },
          {
            "code": "WV",
            "display": "West Virginia"
          },
          {
            "code": "WY",
            "display": "Wyoming"
          }
        ]
      }
    ]
  }
}