{
  "resourceType": "ValueSet",
  "id": "valueset-c80-doc-classcodes",
  "meta": {
    "lastUpdated": "2015-03-23T23:56:59.139+00:00",
    "profile": [
      "http://hl7.org/fhir/StructureDefinition/valueset-shareable-definition",
      "http://hl7.org/fhir/StructureDefinition/valueset-shareable-definition"
    ]
  },
  "text": {
    "status": "generated",
    "div": "<div><p>This value set contains 41 concepts</p><h2>Document Class Value Set</h2><p>This is the code specifying the high-level kind of document (e.g., Prescription, Discharge Summary, Report, etc.). The Document Class value set is reproduced from HITSP C80 Table 2-144 Document Class Value Set Definition. Note: Class code for documents comes from LOINC, and is based upon one of the following:The type of service described by the document. It is described at a very high level in Section 7.3 of the LOINC Manual. The type study performed. It was determined by identifying modalities for study reports. The section of the chart where the document is placed. It was determined from the SETs created for Claims Attachment requests.</p><p><b>Copyright Statement:</b> This content from LOINC&reg; is copyright &copy; 1995 Regenstrief Institute, Inc. and the LOINC Committee, and available at no cost under the license at http://loinc.org/terms-of-use</p><p>This value set includes codes defined in other code systems, using the following rules:</p><ul><li>Include these codes as defined in http://loinc.org<table><tr><td><b>Code</b></td><td><b>Display</b></td></tr><tr><td>11369-6</td><td>History of Immunization</td><td/></tr><tr><td>11485-0</td><td>Anesthesia records</td><td/></tr><tr><td>11486-8</td><td>Chemotherapy records</td><td/></tr><tr><td>11488-4</td><td>Consult Note</td><td/></tr><tr><td>11506-3</td><td>Provider-unspecified progress note</td><td/></tr><tr><td>11543-6</td><td>Nursery records</td><td/></tr><tr><td>15508-5</td><td>Labor and delivery records</td><td/></tr><tr><td>18726-0</td><td>Radiology studies (set)</td><td/></tr><tr><td>18761-7</td><td>Provider-unspecified transfer summary</td><td/></tr><tr><td>18842-5</td><td>Discharge summary</td><td/></tr><tr><td>26436-6</td><td>Laboratory Studies (set)</td><td/></tr><tr><td>26441-6</td><td>Cardiology studies (set)</td><td/></tr><tr><td>26442-4</td><td>Obstetrical studies (set)</td><td/></tr><tr><td>27895-2</td><td>Gastroenterology endoscopy studies (set)</td><td/></tr><tr><td>27896-0</td><td>Pulmonary studies (set)</td><td/></tr><tr><td>27897-8</td><td>Neuromuscular electrophysiology studies (set)</td><td/></tr><tr><td>27898-6</td><td>Pathology studies (set)</td><td/></tr><tr><td>28570-0</td><td>Provider-unspecified procedure note</td><td/></tr><tr><td>28619-5</td><td>Ophthalmology/optometry studies (set)</td><td/></tr><tr><td>28634-4</td><td>Miscellaneous studies (set)</td><td/></tr><tr><td>29749-9</td><td>Dialysis records</td><td/></tr><tr><td>29750-7</td><td>Neonatal intensive care records</td><td/></tr><tr><td>29751-5</td><td>Critical care records</td><td/></tr><tr><td>29752-3</td><td>Perioperative records</td><td/></tr><tr><td>34109-9</td><td>Evaluation and management note</td><td/></tr><tr><td>34117-2</td><td>Provider-unspecified, History and physical note</td><td/></tr><tr><td>34121-4</td><td>Interventional procedure note</td><td/></tr><tr><td>34122-2</td><td>Pathology procedure note</td><td/></tr><tr><td>34133-9</td><td>Summarization of episode note</td><td/></tr><tr><td>34140-4</td><td>Transfer of care referral note</td><td/></tr><tr><td>34748-4</td><td>Telephone encounter note</td><td/></tr><tr><td>34775-7</td><td>General surgery Pre-operative evaluation and management note</td><td/></tr><tr><td>47039-3</td><td>Inpatient Admission history and physical note</td><td/></tr><tr><td>47042-7</td><td>Counseling note</td><td/></tr><tr><td>47045-0</td><td>Study report Document</td><td/></tr><tr><td>47046-8</td><td>Summary of death</td><td/></tr><tr><td>47049-2</td><td>Non-patient Communication</td><td/></tr><tr><td>57017-6</td><td>Privacy Policy Organization Document</td><td/></tr><tr><td>57016-8</td><td>Privacy Policy Acknowledgment Document</td><td/></tr><tr><td>56445-0</td><td>Medication Summary Document</td><td/></tr><tr><td>53576-5</td><td>Personal health monitoring report Document</td><td/></tr></table></li></ul></div>"
  },
  "extension": [
    {
      "url": "http://hl7.org/fhir/StructureDefinition/valueset-oid",
      "valueUri": "urn:oid:2.16.840.1.113883.3.88.12.80.46"
    },
    {
      "url": "http://hl7.org/fhir/StructureDefinition/valueset-oid",
      "valueUri": "urn:oid:2.16.840.1.113883.4.642.2.1767"
    }
  ],
  "url": "http://hl7.org/fhir/vs/c80-doc-classcodes",
  "version": "20091109",
  "name": "Document Class Value Set",
  "publisher": "USHIK",
  "description": "This is the code specifying the high-level kind of document (e.g., Prescription, Discharge Summary, Report, etc.). The Document Class value set is reproduced from HITSP C80 Table 2-144 Document Class Value Set Definition. Note: Class code for documents comes from LOINC, and is based upon one of the following:The type of service described by the document. It is described at a very high level in Section 7.3 of the LOINC Manual. The type study performed. It was determined by identifying modalities for study reports. The section of the chart where the document is placed. It was determined from the SETs created for Claims Attachment requests.",
  "copyright": "This content from LOINC® is copyright © 1995 Regenstrief Institute, Inc. and the LOINC Committee, and available at no cost under the license at http://loinc.org/terms-of-use",
  "status": "active",
  "experimental": false,
  "compose": {
    "include": [
      {
        "system": "http://loinc.org",
        "concept": [
          {
            "code": "11369-6",
            "display": "History of Immunization"
          },
          {
            "code": "11485-0",
            "display": "Anesthesia records"
          },
          {
            "code": "11486-8",
            "display": "Chemotherapy records"
          },
          {
            "code": "11488-4",
            "display": "Consult Note"
          },
          {
            "code": "11506-3",
            "display": "Provider-unspecified progress note"
          },
          {
            "code": "11543-6",
            "display": "Nursery records"
          },
          {
            "code": "15508-5",
            "display": "Labor and delivery records"
          },
          {
            "code": "18726-0",
            "display": "Radiology studies (set)"
          },
          {
            "code": "18761-7",
            "display": "Provider-unspecified transfer summary"
          },
          {
            "code": "18842-5",
            "display": "Discharge summary"
          },
          {
            "code": "26436-6",
            "display": "Laboratory Studies (set)"
          },
          {
            "code": "26441-6",
            "display": "Cardiology studies (set)"
          },
          {
            "code": "26442-4",
            "display": "Obstetrical studies (set)"
          },
          {
            "code": "27895-2",
            "display": "Gastroenterology endoscopy studies (set)"
          },
          {
            "code": "27896-0",
            "display": "Pulmonary studies (set)"
          },
          {
            "code": "27897-8",
            "display": "Neuromuscular electrophysiology studies (set)"
          },
          {
            "code": "27898-6",
            "display": "Pathology studies (set)"
          },
          {
            "code": "28570-0",
            "display": "Provider-unspecified procedure note"
          },
          {
            "code": "28619-5",
            "display": "Ophthalmology/optometry studies (set)"
          },
          {
            "code": "28634-4",
            "display": "Miscellaneous studies (set)"
          },
          {
            "code": "29749-9",
            "display": "Dialysis records"
          },
          {
            "code": "29750-7",
            "display": "Neonatal intensive care records"
          },
          {
            "code": "29751-5",
            "display": "Critical care records"
          },
          {
            "code": "29752-3",
            "display": "Perioperative records"
          },
          {
            "code": "34109-9",
            "display": "Evaluation and management note"
          },
          {
            "code": "34117-2",
            "display": "Provider-unspecified, History and physical note"
          },
          {
            "code": "34121-4",
            "display": "Interventional procedure note"
          },
          {
            "code": "34122-2",
            "display": "Pathology procedure note"
          },
          {
            "code": "34133-9",
            "display": "Summarization of episode note"
          },
          {
            "code": "34140-4",
            "display": "Transfer of care referral note"
          },
          {
            "code": "34748-4",
            "display": "Telephone encounter note"
          },
          {
            "code": "34775-7",
            "display": "General surgery Pre-operative evaluation and management note"
          },
          {
            "code": "47039-3",
            "display": "Inpatient Admission history and physical note"
          },
          {
            "code": "47042-7",
            "display": "Counseling note"
          },
          {
            "code": "47045-0",
            "display": "Study report Document"
          },
          {
            "code": "47046-8",
            "display": "Summary of death"
          },
          {
            "code": "47049-2",
            "display": "Non-patient Communication"
          },
          {
            "code": "57017-6",
            "display": "Privacy Policy Organization Document"
          },
          {
            "code": "57016-8",
            "display": "Privacy Policy Acknowledgment Document"
          },
          {
            "code": "56445-0",
            "display": "Medication Summary Document"
          },
          {
            "code": "53576-5",
            "display": "Personal health monitoring report Document"
          }
        ]
      }
    ]
  }
}