{
  "resourceType": "ValueSet",
  "id": "valueset-observation-values",
  "meta": {
    "lastUpdated": "2015-03-23T23:56:59.139+00:00",
    "profile": [
      "http://hl7.org/fhir/StructureDefinition/valueset-shareable-definition"
    ]
  },
  "text": {
    "status": "generated",
    "div": "<div><p>This value set does not contain a fixed number of concepts</p><h2>SNOMED CT Codes</h2><p>Codes identifying atomic results of observations when value is type codeableConcept. This value set includes all the children of SNOMED CT Concepts from SCTIDs 404684003 Clinical finding (finding), 410607006 Organism (organism),362981000 Qualifier value (qualifier value), 105590001 Substance (substance), and 123037004 Body structure (body structure).  It is provided as a suggestive example</p><p><b>Copyright Statement:</b> This value set includes content from SNOMED CT, which is copyright &copy; 2002+ International Health Terminology Standards Development Organisation (IHTSDO), and distributed by agreement between IHTSDO and HL7. Implementer use of SNOMED CT is not covered by this agreement</p><p>This value set includes codes defined in other code systems, using the following rules:</p><ul><li>Include codes from http://snomed.info/sct where concept  is-a  404684003Include codes from http://snomed.info/sct where concept  is-a  410607006Include codes from http://snomed.info/sct where concept  is-a  362981000Include codes from http://snomed.info/sct where concept  is-a  105590001Include codes from http://snomed.info/sct where concept  is-a  123037004 </li></ul></div>"
  },
  "extension": [
    {
      "url": "http://hl7.org/fhir/StructureDefinition/valueset-oid",
      "valueUri": "urn:oid:2.16.840.1.113883.4.642.2.1800"
    }
  ],
  "url": "http://hl7.org/fhir/vs/observation-values",
  "version": "0.4.0",
  "name": "SNOMED CT Codes",
  "publisher": "HL7 International - Orders and Observations WG",
  "contact": [
    {
      "telecom": [
        {
          "system": "url",
          "value": "http://hl7.org/fhir"
        }
      ]
    }
  ],
  "description": "Codes identifying atomic results of observations when value is type codeableConcept. This value set includes all the children of SNOMED CT Concepts from SCTIDs 404684003 Clinical finding (finding), 410607006 Organism (organism),362981000 Qualifier value (qualifier value), 105590001 Substance (substance), and 123037004 Body structure (body structure).  It is provided as a suggestive example",
  "copyright": "This value set includes content from SNOMED CT, which is copyright © 2002+ International Health Terminology Standards Development Organisation (IHTSDO), and distributed by agreement between IHTSDO and HL7. Implementer use of SNOMED CT is not covered by this agreement",
  "status": "draft",
  "experimental": true,
  "compose": {
    "include": [
      {
        "system": "http://snomed.info/sct",
        "filter": [
          {
            "property": "concept",
            "op": "is-a",
            "value": "404684003"
          },
          {
            "property": "concept",
            "op": "is-a",
            "value": "410607006"
          },
          {
            "property": "concept",
            "op": "is-a",
            "value": "362981000"
          },
          {
            "property": "concept",
            "op": "is-a",
            "value": "105590001"
          },
          {
            "property": "concept",
            "op": "is-a",
            "value": "123037004 "
          }
        ]
      }
    ]
  }
}