{
  "resourceType": "ValueSet",
  "id": "valueset-contract-subtype",
  "meta": {
    "lastUpdated": "2015-03-23T23:56:59.139+00:00",
    "profile": [
      "http://hl7.org/fhir/StructureDefinition/valueset-shareable-definition"
    ]
  },
  "text": {
    "status": "generated",
    "div": "<div>\n      This value set includes sample Contract Subtype codes.\n    <hr/><p>This value set contains 2 concepts</p><h2>Contract Subtype Codes</h2><p>This value set includes sample Contract Subtype codes.</p><p><b>Copyright Statement:</b> This is an example set</p><p>This value set defines its own terms in the system http://hl7.org/fhir/contractsubtypecodes</p><table class=\"codes\"><tr><td><b>Code</b></td><td><b>Definition</b></td></tr><tr><td>disclosure-CA<a name=\"disclosure-CA\"> </a></td><td/></tr><tr><td>disclosure-US<a name=\"disclosure-US\"> </a></td><td/></tr></table></div>"
  },
  "extension": [
    {
      "url": "http://hl7.org/fhir/StructureDefinition/valueset-oid",
      "valueUri": "urn:oid:2.16.840.1.113883.4.642.2.441"
    }
  ],
  "url": "http://hl7.org/fhir/vs/contract-subtype",
  "version": "0.4.0",
  "name": "Contract Subtype Codes",
  "publisher": "Financial Management",
  "contact": [
    {
      "telecom": [
        {
          "system": "url",
          "value": "http://hl7.org/fhir"
        }
      ]
    }
  ],
  "description": "This value set includes sample Contract Subtype codes.",
  "copyright": "This is an example set",
  "status": "draft",
  "experimental": true,
  "define": {
    "extension": [
      {
        "url": "http://hl7.org/fhir/StructureDefinition/valueset-oid",
        "valueUri": "urn:oid:null"
      }
    ],
    "system": "http://hl7.org/fhir/contractsubtypecodes",
    "caseSensitive": true,
    "concept": [
      {
        "code": "disclosure-CA"
      },
      {
        "code": "disclosure-US"
      }
    ]
  }
}