{
  "resourceType": "ValueSet",
  "id": "valueset-vaccination-protocol-dose-status",
  "meta": {
    "lastUpdated": "2015-03-23T23:56:59.139+00:00",
    "profile": [
      "http://hl7.org/fhir/StructureDefinition/valueset-shareable-definition"
    ]
  },
  "text": {
    "status": "generated",
    "div": "<div><p>This value set contains 2 concepts</p><h2>Vaccination Protocol Dose Status codes</h2><p>The value set to instantiate this attribute should be drawn from a terminologically robust code system that consists of or          contains concepts to support the medication process, in particular the process and reasons for dispensing. This value set is provided as a suggestive example</p><p>This value set defines its own terms in the system http://hl7.org/fhir/vaccination-protocol-dose-status</p><table class=\"codes\"><tr><td><b>Code</b></td><td><b>Display</b></td><td><b>Definition</b></td></tr><tr><td>count<a name=\"count\"> </a></td><td>Counts</td><td/></tr><tr><td>nocount<a name=\"nocount\"> </a></td><td>Does not Count</td><td/></tr></table></div>"
  },
  "extension": [
    {
      "url": "http://hl7.org/fhir/StructureDefinition/valueset-oid",
      "valueUri": "urn:oid:2.16.840.1.113883.4.642.2.82"
    }
  ],
  "url": "http://hl7.org/fhir/vs/vaccination-protocol-dose-status",
  "version": "0.4.0",
  "name": "Vaccination Protocol Dose Status codes",
  "publisher": "FHIR Project team",
  "contact": [
    {
      "telecom": [
        {
          "system": "url",
          "value": "http://hl7.org/fhir"
        }
      ]
    }
  ],
  "description": "The value set to instantiate this attribute should be drawn from a terminologically robust code system that consists of or          contains concepts to support the medication process, in particular the process and reasons for dispensing. This value set is provided as a suggestive example",
  "status": "draft",
  "experimental": true,
  "define": {
    "extension": [
      {
        "url": "http://hl7.org/fhir/StructureDefinition/valueset-oid",
        "valueUri": "urn:oid:null"
      }
    ],
    "system": "http://hl7.org/fhir/vaccination-protocol-dose-status",
    "caseSensitive": true,
    "concept": [
      {
        "code": "count",
        "display": "Counts"
      },
      {
        "code": "nocount",
        "display": "Does not Count"
      }
    ]
  }
}