{
  "resourceType": "ValueSet",
  "id": "valueset-units",
  "meta": {
    "lastUpdated": "2015-03-23T23:56:59.139+00:00",
    "profile": [
      "http://hl7.org/fhir/StructureDefinition/valueset-shareable-definition"
    ]
  },
  "text": {
    "status": "generated",
    "div": "<div>\n      This value set includes all UCUM codes\n    <hr/><p>This value set does not contain a fixed number of concepts</p><h2>UCUM Codes</h2><p>UCUM Codes for units of measure. This value set includes all UCUM codes</p><p><b>Copyright Statement:</b> The UCUM codes, UCUM table (regardless of format), and UCUM Specification are copyright &copy; 1999-2009, Regenstrief Institute, Inc. and the Unified Codes for Units of Measures (UCUM) Organization. All rights reserved.</p><p>This value set includes codes defined in other code systems, using the following rules:</p><ul><li>Include all codes defined in http://unitsofmeasure.org</li></ul></div>"
  },
  "extension": [
    {
      "url": "http://hl7.org/fhir/StructureDefinition/valueset-oid",
      "valueUri": "urn:oid:2.16.840.1.113883.4.642.2.523"
    }
  ],
  "url": "http://hl7.org/fhir/vs/units",
  "version": "0.4.0",
  "name": "UCUM Codes",
  "publisher": "FHIR Project team",
  "contact": [
    {
      "telecom": [
        {
          "system": "url",
          "value": "http://hl7.org/fhir"
        }
      ]
    }
  ],
  "description": "UCUM Codes for units of measure. This value set includes all UCUM codes",
  "copyright": "The UCUM codes, UCUM table (regardless of format), and UCUM Specification are copyright © 1999-2009, Regenstrief Institute, Inc. and the Unified Codes for Units of Measures (UCUM) Organization. All rights reserved.",
  "status": "draft",
  "experimental": true,
  "compose": {
    "include": [
      {
        "system": "http://unitsofmeasure.org"
      }
    ]
  }
}