{
  "resourceType": "ValueSet",
  "id": "valueset-message-reason-encounter",
  "meta": {
    "lastUpdated": "2015-03-23T23:56:59.139+00:00",
    "profile": [
      "http://hl7.org/fhir/StructureDefinition/valueset-shareable-definition"
    ]
  },
  "text": {
    "status": "generated",
    "div": "<div><p>This value set contains 6 concepts</p><h2>Example Message Reason Codes</h2><p>Example Message Reasons. These are the set of codes that might be used an updating an encounter using admin-update</p><p>This value set defines its own terms in the system http://hl7.org/fhir/message-reasons-encounter</p><table class=\"codes\"><tr><td><b>Code</b></td><td><b>Display</b></td><td><b>Definition</b></td></tr><tr><td>admit<a name=\"admit\"> </a></td><td>Admit</td><td>The patient has been admitted</td></tr><tr><td>discharge<a name=\"discharge\"> </a></td><td>Discharge</td><td>The patient has been discharged</td></tr><tr><td>absent<a name=\"absent\"> </a></td><td>Absent</td><td>The patient has temporarily left the institution</td></tr><tr><td>return<a name=\"return\"> </a></td><td>Returned</td><td>The patient has returned from a temporary absence</td></tr><tr><td>moved<a name=\"moved\"> </a></td><td>Moved</td><td>The patient has been moved to a new location</td></tr><tr><td>edit<a name=\"edit\"> </a></td><td>Edit</td><td>Encounter details have been updated (e.g. to correct a coding error)</td></tr></table></div>"
  },
  "extension": [
    {
      "url": "http://hl7.org/fhir/StructureDefinition/valueset-oid",
      "valueUri": "urn:oid:2.16.840.1.113883.4.642.2.112"
    }
  ],
  "url": "http://hl7.org/fhir/vs/message-reason-encounter",
  "version": "0.4.0",
  "name": "Example Message Reason Codes",
  "publisher": "FHIR Project",
  "contact": [
    {
      "telecom": [
        {
          "system": "url",
          "value": "http://hl7.org/fhir"
        }
      ]
    }
  ],
  "description": "Example Message Reasons. These are the set of codes that might be used an updating an encounter using admin-update",
  "status": "draft",
  "experimental": true,
  "define": {
    "extension": [
      {
        "url": "http://hl7.org/fhir/StructureDefinition/valueset-oid",
        "valueUri": "urn:oid:null"
      }
    ],
    "system": "http://hl7.org/fhir/message-reasons-encounter",
    "caseSensitive": true,
    "concept": [
      {
        "code": "admit",
        "display": "Admit",
        "definition": "The patient has been admitted"
      },
      {
        "code": "discharge",
        "display": "Discharge",
        "definition": "The patient has been discharged"
      },
      {
        "code": "absent",
        "display": "Absent",
        "definition": "The patient has temporarily left the institution"
      },
      {
        "code": "return",
        "display": "Returned",
        "definition": "The patient has returned from a temporary absence"
      },
      {
        "code": "moved",
        "display": "Moved",
        "definition": "The patient has been moved to a new location"
      },
      {
        "code": "edit",
        "display": "Edit",
        "definition": "Encounter details have been updated (e.g. to correct a coding error)"
      }
    ]
  }
}