{
  "resourceType": "ValueSet",
  "id": "valueset-modifiers",
  "meta": {
    "lastUpdated": "2015-03-23T23:56:59.139+00:00",
    "profile": [
      "http://hl7.org/fhir/StructureDefinition/valueset-shareable-definition"
    ]
  },
  "text": {
    "status": "generated",
    "div": "<div>\n      This value set includes sample Modifier type codes.\n    <hr/><p>This value set contains 5 concepts</p><h2>Modifier type Codes</h2><p>This value set includes sample Modifier type codes.</p><p><b>Copyright Statement:</b> This is an example set</p><p>This value set defines its own terms in the system http://hl7.org/fhir/modifiers</p><table class=\"codes\"><tr><td><b>Code</b></td><td><b>Definition</b></td></tr><tr><td>A<a name=\"A\"> </a></td><td/></tr><tr><td>B<a name=\"B\"> </a></td><td/></tr><tr><td>C<a name=\"C\"> </a></td><td/></tr><tr><td>E<a name=\"E\"> </a></td><td/></tr><tr><td>X<a name=\"X\"> </a></td><td/></tr></table></div>"
  },
  "extension": [
    {
      "url": "http://hl7.org/fhir/StructureDefinition/valueset-oid",
      "valueUri": "urn:oid:2.16.840.1.113883.4.642.2.453"
    }
  ],
  "url": "http://hl7.org/fhir/vs/modifiers",
  "version": "0.4.0",
  "name": "Modifier type Codes",
  "publisher": "Financial Management",
  "contact": [
    {
      "telecom": [
        {
          "system": "url",
          "value": "http://hl7.org/fhir"
        }
      ]
    }
  ],
  "description": "This value set includes sample Modifier type codes.",
  "copyright": "This is an example set",
  "status": "draft",
  "experimental": true,
  "define": {
    "extension": [
      {
        "url": "http://hl7.org/fhir/StructureDefinition/valueset-oid",
        "valueUri": "urn:oid:null"
      }
    ],
    "system": "http://hl7.org/fhir/modifiers",
    "caseSensitive": true,
    "concept": [
      {
        "code": "A"
      },
      {
        "code": "B"
      },
      {
        "code": "C"
      },
      {
        "code": "E"
      },
      {
        "code": "X"
      }
    ]
  }
}