{
  "resourceType": "ValueSet",
  "id": "valueset-encounter-priority",
  "meta": {
    "lastUpdated": "2015-03-23T23:56:59.139+00:00",
    "profile": [
      "http://hl7.org/fhir/StructureDefinition/valueset-shareable-definition"
    ]
  },
  "text": {
    "status": "generated",
    "div": "<div><p>This value set contains 5 concepts</p><h2>Encounter Priority</h2><p>This is an example value set defined by the FHIR project, that could be used in Emergency to indicate the encounter priority as determined by triage.</p><p>This value set defines its own terms in the system http://hl7.org/fhir/encounter-priority</p><table class=\"codes\"><tr><td><b>Code</b></td><td><b>Display</b></td><td><b>Definition</b></td></tr><tr><td>imm<a name=\"imm\"> </a></td><td>Immediate</td><td>Within seconds</td></tr><tr><td>emg<a name=\"emg\"> </a></td><td>Emergency</td><td>Within 10 minutes</td></tr><tr><td>urg<a name=\"urg\"> </a></td><td>Urgent</td><td>Within 30 minutes</td></tr><tr><td>s-urg<a name=\"s-urg\"> </a></td><td>Semi-urgent</td><td>Within 60 minutes</td></tr><tr><td>no-urg<a name=\"no-urg\"> </a></td><td>Non-urgent</td><td>Within 120 minutes</td></tr></table></div>"
  },
  "extension": [
    {
      "url": "http://hl7.org/fhir/StructureDefinition/valueset-oid",
      "valueUri": "urn:oid:2.16.840.1.113883.4.642.2.187"
    }
  ],
  "url": "http://hl7.org/fhir/vs/encounter-priority",
  "version": "0.4.0",
  "name": "Encounter Priority",
  "publisher": "FHIR Project team",
  "contact": [
    {
      "telecom": [
        {
          "system": "url",
          "value": "http://hl7.org/fhir"
        }
      ]
    }
  ],
  "description": "This is an example value set defined by the FHIR project, that could be used in Emergency to indicate the encounter priority as determined by triage.",
  "status": "draft",
  "experimental": true,
  "define": {
    "extension": [
      {
        "url": "http://hl7.org/fhir/StructureDefinition/valueset-oid",
        "valueUri": "urn:oid:null"
      }
    ],
    "system": "http://hl7.org/fhir/encounter-priority",
    "caseSensitive": true,
    "concept": [
      {
        "code": "imm",
        "display": "Immediate",
        "definition": "Within seconds"
      },
      {
        "code": "emg",
        "display": "Emergency",
        "definition": "Within 10 minutes"
      },
      {
        "code": "urg",
        "display": "Urgent",
        "definition": "Within 30 minutes"
      },
      {
        "code": "s-urg",
        "display": "Semi-urgent",
        "definition": "Within 60 minutes"
      },
      {
        "code": "no-urg",
        "display": "Non-urgent",
        "definition": "Within 120 minutes"
      }
    ]
  }
}