{
  "resourceType": "ValueSet",
  "id": "valueset-condition-category",
  "meta": {
    "lastUpdated": "2015-03-23T23:56:59.139+00:00",
    "profile": [
      "http://hl7.org/fhir/StructureDefinition/valueset-shareable-definition"
    ]
  },
  "text": {
    "status": "generated",
    "div": "<div><p>This value set contains 4 concepts</p><h2>Condition/Problem/Diagnosis Codes</h2><p>Example value set for Condition (Problem/Diagnosis) Categories</p><p>This value set defines its own terms in the system http://hl7.org/fhir/condition-category</p><table class=\"codes\"><tr><td><b>Code</b></td><td><b>Display</b></td><td><b>Definition</b></td></tr><tr><td>complaint<a name=\"complaint\"> </a></td><td>Complaint</td><td>The patient considers the condition an issue to be addressed</td></tr><tr><td>symptom<a name=\"symptom\"> </a></td><td>Symptom</td><td>A symptom of a condition (as might be mentioned in a review of systems)</td></tr><tr><td>finding<a name=\"finding\"> </a></td><td>Finding</td><td>An observation made by a healthcare provider</td></tr><tr><td>diagnosis<a name=\"diagnosis\"> </a></td><td>Diagnosis</td><td>This is a judgment made by a healthcare provider that the patient has a particular disease or condition</td></tr></table></div>"
  },
  "extension": [
    {
      "url": "http://hl7.org/fhir/StructureDefinition/valueset-oid",
      "valueUri": "urn:oid:2.16.840.1.113883.4.642.2.224"
    }
  ],
  "url": "http://hl7.org/fhir/vs/condition-category",
  "version": "0.4.0",
  "name": "Condition/Problem/Diagnosis Codes",
  "publisher": "FHIR Project team",
  "contact": [
    {
      "telecom": [
        {
          "system": "url",
          "value": "http://hl7.org/fhir"
        }
      ]
    }
  ],
  "description": "Example value set for Condition (Problem/Diagnosis) Categories",
  "status": "draft",
  "experimental": true,
  "define": {
    "extension": [
      {
        "url": "http://hl7.org/fhir/StructureDefinition/valueset-oid",
        "valueUri": "urn:oid:null"
      }
    ],
    "system": "http://hl7.org/fhir/condition-category",
    "caseSensitive": true,
    "concept": [
      {
        "code": "complaint",
        "display": "Complaint",
        "definition": "The patient considers the condition an issue to be addressed"
      },
      {
        "code": "symptom",
        "display": "Symptom",
        "definition": "A symptom of a condition (as might be mentioned in a review of systems)"
      },
      {
        "code": "finding",
        "display": "Finding",
        "definition": "An observation made by a healthcare provider"
      },
      {
        "code": "diagnosis",
        "display": "Diagnosis",
        "definition": "This is a judgment made by a healthcare provider that the patient has a particular disease or condition"
      }
    ]
  }
}