{
  "resourceType": "ValueSet",
  "id": "valueset-consistency-type",
  "meta": {
    "lastUpdated": "2015-03-23T23:56:59.139+00:00",
    "profile": [
      "http://hl7.org/fhir/StructureDefinition/valueset-shareable-definition"
    ]
  },
  "text": {
    "status": "generated",
    "div": "<div><p>This value set does not contain a fixed number of concepts</p><h2>Fluid Consistency Type Codes</h2><p>FluidConsistencyType :  Codes used to represent the consistency of fluids and liquids provided to the patient. This value set includes all the children of  SNOMED CT Concepts from SCTID(US Extension): 435681000124103  Dietary liquid consistency diet (regime/therapy) and is provided as a suggestive example</p><p><b>Copyright Statement:</b> This value set includes content from SNOMED CT, which is copyright &copy; 2002+ International Health Terminology Standards Development Organisation (IHTSDO), and distributed by agreement between IHTSDO and HL7. Implementer use of SNOMED CT is not covered by this agreement</p><p>This value set includes codes defined in other code systems, using the following rules:</p><ul><li>Include codes from http://snomed.info/sct where concept  is-a  435681000124103</li></ul></div>"
  },
  "extension": [
    {
      "url": "http://hl7.org/fhir/StructureDefinition/valueset-oid",
      "valueUri": "urn:oid:2.16.840.1.113883.4.642.2.421"
    }
  ],
  "url": "http://hl7.org/fhir/vs/consistency-type",
  "version": "0.4.0",
  "name": "Fluid Consistency Type Codes",
  "publisher": "FHIR NutritionOrder team",
  "contact": [
    {
      "telecom": [
        {
          "system": "url",
          "value": "http://hl7.org/fhir"
        }
      ]
    }
  ],
  "description": "FluidConsistencyType :  Codes used to represent the consistency of fluids and liquids provided to the patient. This value set includes all the children of  SNOMED CT Concepts from SCTID(US Extension): 435681000124103  Dietary liquid consistency diet (regime/therapy) and is provided as a suggestive example",
  "copyright": "This value set includes content from SNOMED CT, which is copyright © 2002+ International Health Terminology Standards Development Organisation (IHTSDO), and distributed by agreement between IHTSDO and HL7. Implementer use of SNOMED CT is not covered by this agreement",
  "status": "draft",
  "experimental": true,
  "compose": {
    "include": [
      {
        "system": "http://snomed.info/sct",
        "filter": [
          {
            "property": "concept",
            "op": "is-a",
            "value": "435681000124103"
          }
        ]
      }
    ]
  }
}