{
  "resourceType": "ValueSet",
  "id": "valueset-dataelement-sdcobjectclassproperty",
  "meta": {
    "lastUpdated": "2015-03-23T23:56:59.139+00:00",
    "profile": [
      "http://hl7.org/fhir/StructureDefinition/valueset-shareable-definition"
    ]
  },
  "text": {
    "status": "generated",
    "div": "<div><p>This value set does not contain a fixed number of concepts</p><h2>DataElement SDC Object Class</h2><p>The allowed codes for identifying the ISO 11179 ObjectClass Property for a particular data element if intended for registration/use within the U.S. Structured Data Capture (SDC) project.</p><p><b>Copyright Statement:</b> This value set includes content from LOINC&reg;, which is copyright &copy; 1995 Regenstrief Institute, Inc. and the LOINC Committee, and available at no cost under the license at http://loinc.org/terms-of-use. This value set includes content from SNOMED CT, which is copyright &copy; 2002+ International Health Terminology Standards Development Organisation (IHTSDO), and distributed by agreement between IHTSDO and HL7. Implementer use of SNOMED CT is not covered by this agreement</p><p>This value set includes codes defined in other code systems, using the following rules:</p><ul><li>Include all codes defined in http://snomed.info/sct</li><li>Include all codes defined in http://loinc.org</li><li>Include all codes defined in http://www.nlm.nih.gov/research/umls/rxnorm</li></ul></div>"
  },
  "extension": [
    {
      "url": "http://hl7.org/fhir/StructureDefinition/valueset-oid",
      "valueUri": "urn:oid:2.16.840.1.113883.4.642.2.397"
    }
  ],
  "url": "http://hl7.org/fhir/vs/dataelement-sdcobjectclassproperty",
  "version": "0.4.0",
  "name": "DataElement SDC Object Class",
  "publisher": "Office of the National Coordinator for Health IT",
  "contact": [
    {
      "telecom": [
        {
          "system": "url",
          "value": "http://healthit.gov"
        }
      ]
    }
  ],
  "description": "The allowed codes for identifying the ISO 11179 ObjectClass Property for a particular data element if intended for registration/use within the U.S. Structured Data Capture (SDC) project.",
  "copyright": "This value set includes content from LOINC®, which is copyright © 1995 Regenstrief Institute, Inc. and the LOINC Committee, and available at no cost under the license at http://loinc.org/terms-of-use. This value set includes content from SNOMED CT, which is copyright © 2002+ International Health Terminology Standards Development Organisation (IHTSDO), and distributed by agreement between IHTSDO and HL7. Implementer use of SNOMED CT is not covered by this agreement",
  "status": "draft",
  "experimental": true,
  "compose": {
    "include": [
      {
        "system": "http://snomed.info/sct"
      },
      {
        "system": "http://loinc.org"
      },
      {
        "system": "http://www.nlm.nih.gov/research/umls/rxnorm"
      }
    ]
  }
}