{
  "resourceType": "ValueSet",
  "id": "valueset-entformula-additive",
  "meta": {
    "lastUpdated": "2015-03-23T23:56:59.139+00:00",
    "profile": [
      "http://hl7.org/fhir/StructureDefinition/valueset-shareable-definition"
    ]
  },
  "text": {
    "status": "generated",
    "div": "<div><p>This value set contains 5 concepts</p><h2>Enteral Formula Additive Type Code</h2><p>EnteralFormulaAdditiveType :  Codes for the type of modular component such as protein, carbohydrate or fiber to be provided in addition to or mixed with the base formula. This value set is provided as a suggestive example</p><p>This value set includes codes defined in other code systems, using the following rules:</p><ul><li>Include these codes as defined in http://hl7.org/fhir/vs/entformula-additive<table><tr><td><b>Code</b></td><td><b>Display</b></td></tr><tr><td>lipid</td><td>Modular lipid enteral formula componen</td><td/></tr><tr><td>protein</td><td>Modular protein enteral formula component</td><td/></tr><tr><td>carbohydrate</td><td>Modular carbohydrate enteral formula component</td><td/></tr><tr><td>fiber</td><td>Modular fiber enteral formula component</td><td/></tr><tr><td>water</td><td>Added water</td><td/></tr></table></li></ul></div>"
  },
  "extension": [
    {
      "url": "http://hl7.org/fhir/StructureDefinition/valueset-oid",
      "valueUri": "urn:oid:2.16.840.1.113883.4.642.2.424"
    }
  ],
  "url": "http://hl7.org/fhir/vs/entformula-additive",
  "version": "0.4.0",
  "name": "Enteral Formula Additive Type Code",
  "publisher": "FHIR NutritionOrder team",
  "contact": [
    {
      "telecom": [
        {
          "system": "url",
          "value": "http://hl7.org/fhir"
        }
      ]
    }
  ],
  "description": "EnteralFormulaAdditiveType :  Codes for the type of modular component such as protein, carbohydrate or fiber to be provided in addition to or mixed with the base formula. This value set is provided as a suggestive example",
  "status": "draft",
  "experimental": true,
  "compose": {
    "include": [
      {
        "system": "http://hl7.org/fhir/vs/entformula-additive",
        "concept": [
          {
            "code": "lipid",
            "display": "Modular lipid enteral formula componen"
          },
          {
            "code": "protein",
            "display": "Modular protein enteral formula component"
          },
          {
            "code": "carbohydrate",
            "display": "Modular carbohydrate enteral formula component"
          },
          {
            "code": "fiber",
            "display": "Modular fiber enteral formula component"
          },
          {
            "code": "water",
            "display": "Added water"
          }
        ]
      }
    ]
  }
}