{
  "resourceType": "ValueSet",
  "id": "valueset-immunization-recommendation-date-criterion",
  "meta": {
    "lastUpdated": "2015-03-23T23:56:59.139+00:00",
    "profile": [
      "http://hl7.org/fhir/StructureDefinition/valueset-shareable-definition"
    ]
  },
  "text": {
    "status": "generated",
    "div": "<div><p>This value set contains 3 concepts</p><h2>Immunization Recommendation Date Criterion Codes</h2><p>The value set to instantiate this attribute should be drawn from a terminologically robust code system that consists of or          contains concepts to support the medication process, in particular the process and reasons for dispensing. This value set is provided as a suggestive example</p><p>This value set defines its own terms in the system http://hl7.org/fhir/immunization-recommendation-date-criterion</p><table class=\"codes\"><tr><td><b>Code</b></td><td><b>Display</b></td><td><b>Definition</b></td></tr><tr><td>due<a name=\"due\"> </a></td><td>due</td><td>Date the next dose is considered due</td></tr><tr><td>overdue<a name=\"overdue\"> </a></td><td>overdue</td><td>Date the next dose is considered overdue</td></tr><tr><td>latest<a name=\"latest\"> </a></td><td>latest</td><td>The latest date the next dose is to be given</td></tr></table></div>"
  },
  "extension": [
    {
      "url": "http://hl7.org/fhir/StructureDefinition/valueset-oid",
      "valueUri": "urn:oid:2.16.840.1.113883.4.642.2.356"
    }
  ],
  "url": "http://hl7.org/fhir/vs/immunization-recommendation-date-criterion",
  "version": "0.4.0",
  "name": "Immunization Recommendation Date Criterion Codes",
  "publisher": "FHIR Project team",
  "contact": [
    {
      "telecom": [
        {
          "system": "url",
          "value": "http://hl7.org/fhir"
        }
      ]
    }
  ],
  "description": "The value set to instantiate this attribute should be drawn from a terminologically robust code system that consists of or          contains concepts to support the medication process, in particular the process and reasons for dispensing. This value set is provided as a suggestive example",
  "status": "draft",
  "experimental": true,
  "define": {
    "extension": [
      {
        "url": "http://hl7.org/fhir/StructureDefinition/valueset-oid",
        "valueUri": "urn:oid:null"
      }
    ],
    "system": "http://hl7.org/fhir/immunization-recommendation-date-criterion",
    "caseSensitive": true,
    "concept": [
      {
        "code": "due",
        "display": "due",
        "definition": "Date the next dose is considered due"
      },
      {
        "code": "overdue",
        "display": "overdue",
        "definition": "Date the next dose is considered overdue"
      },
      {
        "code": "latest",
        "display": "latest",
        "definition": "The latest date the next dose is to be given"
      }
    ]
  }
}