{
  "resourceType": "ValueSet",
  "id": "valueset-procedure-category",
  "meta": {
    "lastUpdated": "2015-03-23T23:56:59.139+00:00",
    "profile": [
      "http://hl7.org/fhir/StructureDefinition/valueset-shareable-definition"
    ]
  },
  "text": {
    "status": "generated",
    "div": "<div><p>This value set contains 6 concepts</p><h2>Procedure Category Codes (SNOMED CT)</h2><p>Procedure Category code: A selection of relevant SNOMED CT codes</p><p><b>Copyright Statement:</b> This value set includes content from SNOMED CT, which is copyright &copy; 2002+ International Health Terminology Standards Development Organisation (IHTSDO), and distributed by agreement between IHTSDO and HL7. Implementer use of SNOMED CT is not covered by this agreement</p><p>This value set includes codes defined in other code systems, using the following rules:</p><ul><li>Include these codes as defined in http://snomed.info/sct<table><tr><td><b>Code</b></td><td><b>Display</b></td></tr><tr><td>24642003</td><td/><td/></tr><tr><td>409063005</td><td/><td/></tr><tr><td>409073007</td><td/><td/></tr><tr><td>387713003</td><td/><td/></tr><tr><td>103693007</td><td/><td/></tr><tr><td>46947000</td><td/><td/></tr></table></li></ul></div>"
  },
  "extension": [
    {
      "url": "http://hl7.org/fhir/StructureDefinition/valueset-oid",
      "valueUri": "urn:oid:2.16.840.1.113883.4.642.2.1894"
    }
  ],
  "url": "http://hl7.org/fhir/vs/procedure-category",
  "version": "0.4.0",
  "name": "Procedure Category Codes (SNOMED CT)",
  "publisher": "FHIR Project team",
  "contact": [
    {
      "telecom": [
        {
          "system": "url",
          "value": "http://hl7.org/fhir"
        }
      ]
    }
  ],
  "description": "Procedure Category code: A selection of relevant SNOMED CT codes",
  "copyright": "This value set includes content from SNOMED CT, which is copyright © 2002+ International Health Terminology Standards Development Organisation (IHTSDO), and distributed by agreement between IHTSDO and HL7. Implementer use of SNOMED CT is not covered by this agreement",
  "status": "draft",
  "experimental": true,
  "compose": {
    "include": [
      {
        "system": "http://snomed.info/sct",
        "concept": [
          {
            "code": "24642003"
          },
          {
            "code": "409063005"
          },
          {
            "code": "409073007"
          },
          {
            "code": "387713003"
          },
          {
            "code": "103693007"
          },
          {
            "code": "46947000"
          }
        ]
      }
    ]
  }
}