{
  "resourceType": "ValueSet",
  "id": "valueset-referencerange-meaning",
  "meta": {
    "lastUpdated": "2015-03-23T23:56:59.139+00:00",
    "profile": [
      "http://hl7.org/fhir/StructureDefinition/valueset-shareable-definition"
    ]
  },
  "text": {
    "status": "generated",
    "div": "<div><p>This value set contains 16 concepts</p><h2>Observation Reference Range Meaning Codes</h2><p>This value set defines a set of codes that can be used to indicate the meaning/use of a reference range</p><p><b>Copyright Statement:</b> This value set includes content from SNOMED CT, which is copyright &copy; 2002+ International Health Terminology Standards Development Organisation (IHTSDO), and distributed by agreement between IHTSDO and HL7. Implementer use of SNOMED CT is not covered by this agreement</p><p>This value set defines its own terms in the system http://hl7.org/fhir/referencerange-meaning</p><table class=\"codes\"><tr><td><b>Lvl</b></td><td><b>Code</b></td><td><b>Display</b></td><td><b>Definition</b></td></tr><tr><td>1</td><td>type<a name=\"type\"> </a></td><td/><td>General types of reference range</td></tr><tr><td>2</td><td>&nbsp;&nbsp;normal<a name=\"normal\"> </a></td><td>Normal Range</td><td>Based on 95th percentile for the relevant control population</td></tr><tr><td>2</td><td>&nbsp;&nbsp;recommended<a name=\"recommended\"> </a></td><td>Recommended Range</td><td>The range that is recommended by a relevant professional body</td></tr><tr><td>2</td><td>&nbsp;&nbsp;treatment<a name=\"treatment\"> </a></td><td>Treatment Range</td><td>The range at which treatment would/should be considered</td></tr><tr><td>2</td><td>&nbsp;&nbsp;therapeutic<a name=\"therapeutic\"> </a></td><td>Therapeutic Desired Level</td><td>The optimal range for best therapeutic outcomes</td></tr><tr><td>3</td><td>&nbsp;&nbsp;&nbsp;&nbsp;pre<a name=\"pre\"> </a></td><td>Pre Therapeutic Desired Level</td><td>The optimal range for best therapeutic outcomes for a specimen taken immediately before administration</td></tr><tr><td>3</td><td>&nbsp;&nbsp;&nbsp;&nbsp;post<a name=\"post\"> </a></td><td>Post Therapeutic Desired Level</td><td>The optimal range for best therapeutic outcomes for a specimen taken immediately after administration</td></tr><tr><td>1</td><td>endocrine<a name=\"endocrine\"> </a></td><td/><td>Endocrine related states that change the expected value</td></tr><tr><td>2</td><td>&nbsp;&nbsp;pre-puberty<a name=\"pre-puberty\"> </a></td><td>Pre-Puberty</td><td>An expected range in an individual prior to puberty</td></tr><tr><td>2</td><td>&nbsp;&nbsp;follicular<a name=\"follicular\"> </a></td><td>Follicular Stage</td><td>An expected range in an individual during the follicular stage of the cycle</td></tr><tr><td>2</td><td>&nbsp;&nbsp;midcycle<a name=\"midcycle\"> </a></td><td>MidCycle</td><td>An expected range in an individual during the follicular stage of the cycle</td></tr><tr><td>2</td><td>&nbsp;&nbsp;luteal<a name=\"luteal\"> </a></td><td>Luteal</td><td>An expected range in an individual during the luteal stage of the cycle</td></tr><tr><td>2</td><td>&nbsp;&nbsp;postmeopausal<a name=\"postmeopausal\"> </a></td><td>Post-Menopause</td><td>An expected range in an individual post-menopause</td></tr></table><p>In addition, this value set includes codes defined in other code systems, using the following rules:</p><ul><li>Import all the codes that are part of <a href=\"v3/Race/index.html\">http://hl7.org/fhir/v3/vs/Race</a></li><li>Include these codes as defined in http://snomed.info/sct<table><tr><td><b>Code</b></td><td><b>Display</b></td></tr><tr><td>248153007</td><td>Male</td><td/></tr><tr><td>248152002</td><td>Female</td><td/></tr><tr><td>77386006</td><td>Pregnant</td><td/></tr></table></li></ul></div>"
  },
  "extension": [
    {
      "url": "http://hl7.org/fhir/StructureDefinition/valueset-oid",
      "valueUri": "urn:oid:2.16.840.1.113883.4.642.2.119"
    }
  ],
  "url": "http://hl7.org/fhir/vs/referencerange-meaning",
  "version": "0.4.0",
  "name": "Observation Reference Range Meaning Codes",
  "publisher": "FHIR Project team",
  "contact": [
    {
      "telecom": [
        {
          "system": "url",
          "value": "http://hl7.org/fhir"
        }
      ]
    }
  ],
  "description": "This value set defines a set of codes that can be used to indicate the meaning/use of a reference range",
  "copyright": "This value set includes content from SNOMED CT, which is copyright © 2002+ International Health Terminology Standards Development Organisation (IHTSDO), and distributed by agreement between IHTSDO and HL7. Implementer use of SNOMED CT is not covered by this agreement",
  "status": "draft",
  "experimental": true,
  "define": {
    "extension": [
      {
        "url": "http://hl7.org/fhir/StructureDefinition/valueset-oid",
        "valueUri": "urn:oid:null"
      }
    ],
    "system": "http://hl7.org/fhir/referencerange-meaning",
    "caseSensitive": true,
    "concept": [
      {
        "code": "type",
        "abstract": true,
        "definition": "General types of reference range",
        "concept": [
          {
            "code": "normal",
            "display": "Normal Range",
            "definition": "Based on 95th percentile for the relevant control population"
          },
          {
            "code": "recommended",
            "display": "Recommended Range",
            "definition": "The range that is recommended by a relevant professional body"
          },
          {
            "code": "treatment",
            "display": "Treatment Range",
            "definition": "The range at which treatment would/should be considered"
          },
          {
            "code": "therapeutic",
            "display": "Therapeutic Desired Level",
            "definition": "The optimal range for best therapeutic outcomes",
            "concept": [
              {
                "code": "pre",
                "display": "Pre Therapeutic Desired Level",
                "definition": "The optimal range for best therapeutic outcomes for a specimen taken immediately before administration"
              },
              {
                "code": "post",
                "display": "Post Therapeutic Desired Level",
                "definition": "The optimal range for best therapeutic outcomes for a specimen taken immediately after administration"
              }
            ]
          }
        ]
      },
      {
        "code": "endocrine",
        "abstract": true,
        "definition": "Endocrine related states that change the expected value",
        "concept": [
          {
            "code": "pre-puberty",
            "display": "Pre-Puberty",
            "definition": "An expected range in an individual prior to puberty"
          },
          {
            "code": "follicular",
            "display": "Follicular Stage",
            "definition": "An expected range in an individual during the follicular stage of the cycle"
          },
          {
            "code": "midcycle",
            "display": "MidCycle",
            "definition": "An expected range in an individual during the follicular stage of the cycle"
          },
          {
            "code": "luteal",
            "display": "Luteal",
            "definition": "An expected range in an individual during the luteal stage of the cycle"
          },
          {
            "code": "postmeopausal",
            "display": "Post-Menopause",
            "definition": "An expected range in an individual post-menopause"
          }
        ]
      }
    ]
  },
  "compose": {
    "import": [
      "http://hl7.org/fhir/v3/vs/Race"
    ],
    "include": [
      {
        "system": "http://snomed.info/sct",
        "concept": [
          {
            "code": "248153007"
          },
          {
            "code": "248152002"
          },
          {
            "code": "77386006"
          }
        ]
      }
    ]
  }
}