{
  "resourceType": "ValueSet",
  "id": "valueset-adjudication",
  "meta": {
    "lastUpdated": "2015-03-23T23:56:59.139+00:00",
    "profile": [
      "http://hl7.org/fhir/StructureDefinition/valueset-shareable-definition"
    ]
  },
  "text": {
    "status": "generated",
    "div": "<div>\n      This value set includes a smattering of adjudication codes.\n    <hr/><p>This value set contains 7 concepts</p><h2>Adjudication Codes</h2><p>This value set includes a adjudication of Adjudication codes</p><p><b>Copyright Statement:</b> This is an example set</p><p>This value set defines its own terms in the system http://hl7.org/fhir/adjudication</p><table class=\"codes\"><tr><td><b>Code</b></td><td><b>Definition</b></td></tr><tr><td>total<a name=\"total\"> </a></td><td/></tr><tr><td>copay<a name=\"copay\"> </a></td><td/></tr><tr><td>eligible<a name=\"eligible\"> </a></td><td/></tr><tr><td>deductable<a name=\"deductable\"> </a></td><td/></tr><tr><td>eligpercent<a name=\"eligpercent\"> </a></td><td/></tr><tr><td>tax<a name=\"tax\"> </a></td><td/></tr><tr><td>benefit<a name=\"benefit\"> </a></td><td/></tr></table></div>"
  },
  "extension": [
    {
      "url": "http://hl7.org/fhir/StructureDefinition/valueset-oid",
      "valueUri": "urn:oid:2.16.840.1.113883.4.642.2.468"
    }
  ],
  "url": "http://hl7.org/fhir/vs/adjudication",
  "version": "0.4.0",
  "name": "Adjudication Codes",
  "publisher": "FHIR Project team",
  "contact": [
    {
      "telecom": [
        {
          "system": "url",
          "value": "http://hl7.org/fhir"
        }
      ]
    }
  ],
  "description": "This value set includes a adjudication of Adjudication codes",
  "copyright": "This is an example set",
  "status": "draft",
  "experimental": true,
  "define": {
    "extension": [
      {
        "url": "http://hl7.org/fhir/StructureDefinition/valueset-oid",
        "valueUri": "urn:oid:null"
      }
    ],
    "system": "http://hl7.org/fhir/adjudication",
    "caseSensitive": true,
    "concept": [
      {
        "code": "total"
      },
      {
        "code": "copay"
      },
      {
        "code": "eligible"
      },
      {
        "code": "deductable"
      },
      {
        "code": "eligpercent"
      },
      {
        "code": "tax"
      },
      {
        "code": "benefit"
      }
    ]
  }
}