{
  "resourceType": "ValueSet",
  "id": "valueset-vaccination-protocol-dose-status-reason",
  "meta": {
    "lastUpdated": "2015-03-23T23:56:59.139+00:00",
    "profile": [
      "http://hl7.org/fhir/StructureDefinition/valueset-shareable-definition"
    ]
  },
  "text": {
    "status": "generated",
    "div": "<div><p>This value set contains 5 concepts</p><h2>Vaccination Protocol Dose Status Reason codes</h2><p>The value set to instantiate this attribute should be drawn from a terminologically robust code system that consists of or          contains concepts to support the medication process, in particular the process and reasons for dispensing. This value set is provided as a suggestive example</p><p>This value set defines its own terms in the system http://hl7.org/fhir/vaccination-protocol-dose-status-reason</p><table class=\"codes\"><tr><td><b>Code</b></td><td><b>Display</b></td><td><b>Definition</b></td></tr><tr><td>advstorage<a name=\"advstorage\"> </a></td><td>Adverse storgage condition</td><td/></tr><tr><td>coldchbrk<a name=\"coldchbrk\"> </a></td><td>Cold chain break</td><td/></tr><tr><td>explot<a name=\"explot\"> </a></td><td>Expired lot</td><td/></tr><tr><td>outsidesched<a name=\"outsidesched\"> </a></td><td>Administered outside recommended schedule</td><td/></tr><tr><td>prodrecall<a name=\"prodrecall\"> </a></td><td>Product recall</td><td/></tr></table></div>"
  },
  "extension": [
    {
      "url": "http://hl7.org/fhir/StructureDefinition/valueset-oid",
      "valueUri": "urn:oid:2.16.840.1.113883.4.642.2.83"
    }
  ],
  "url": "http://hl7.org/fhir/vs/vaccination-protocol-dose-status-reason",
  "version": "0.4.0",
  "name": "Vaccination Protocol Dose Status Reason codes",
  "publisher": "FHIR Project team",
  "contact": [
    {
      "telecom": [
        {
          "system": "url",
          "value": "http://hl7.org/fhir"
        }
      ]
    }
  ],
  "description": "The value set to instantiate this attribute should be drawn from a terminologically robust code system that consists of or          contains concepts to support the medication process, in particular the process and reasons for dispensing. This value set is provided as a suggestive example",
  "status": "draft",
  "experimental": true,
  "define": {
    "extension": [
      {
        "url": "http://hl7.org/fhir/StructureDefinition/valueset-oid",
        "valueUri": "urn:oid:null"
      }
    ],
    "system": "http://hl7.org/fhir/vaccination-protocol-dose-status-reason",
    "caseSensitive": true,
    "concept": [
      {
        "code": "advstorage",
        "display": "Adverse storgage condition"
      },
      {
        "code": "coldchbrk",
        "display": "Cold chain break"
      },
      {
        "code": "explot",
        "display": "Expired lot"
      },
      {
        "code": "outsidesched",
        "display": "Administered outside recommended schedule"
      },
      {
        "code": "prodrecall",
        "display": "Product recall"
      }
    ]
  }
}