{"compose":{"include":[{"system":"http://www.ama-assn.org/go/cpt"}]},"copyright":"CPT copyright 2014 American Medical Association. All rights reserved.","date":"2015-03-12","description":"A value set that includes all CPT codes","id":"cpt-all","name":"All CPT codes","publisher":"HL7 FHIR project","resourceType":"ValueSet","status":"active","text":{"div":"<div>\n      <p>This value set does not contain a fixed number of concepts</p>\n      <h2>All CPT codes</h2>\n      <p>A value set that includes all CPT codes</p>\n      <p>\n        <b>Copyright Statement:</b> CPT copyright 2014 American Medical Association. All rights reserved.\n      </p>\n      <p>This value set includes codes defined in other code systems, using the following rules:</p>\n      <ul>\n        <li>Include all codes defined in http://www.ama-assn.org/go/cpt</li>\n      </ul>\n    </div>","status":"generated"},"url":"http://hl7.org/fhir/ValueSet/cpt-all"}