{
  "resourceType": "ValueSet",
  "id": "valueset-c80-practice-codes",
  "meta": {
    "lastUpdated": "2015-03-23T23:56:59.139+00:00",
    "profile": [
      "http://hl7.org/fhir/StructureDefinition/valueset-shareable-definition",
      "http://hl7.org/fhir/StructureDefinition/valueset-shareable-definition"
    ]
  },
  "text": {
    "status": "generated",
    "div": "<div><p>This value set contains 117 concepts</p><h2>Practice Setting Code Value Set</h2><p>This is the code representing the clinical specialty of the clinician or provider who     interacted with, treated, or provided a service to/for the patient. The value set used for clinical specialty     has been limited by HITSP to the value set reproduced from HITSP C80 Table 2-149 Clinical Specialty Value Set Definition.</p><p><b>Copyright Statement:</b> This value set includes content from SNOMED CT, which is copyright &copy; 2002+ International    Health Terminology Standards Development Organisation (IHTSDO), and distributed by agreement    between IHTSDO and HL7. Implementer use of SNOMED CT is not covered by this agreement</p><p>This value set includes codes defined in other code systems, using the following rules:</p><ul><li>Include these codes as defined in http://snomed.info/sct<table><tr><td><b>Code</b></td><td><b>Display</b></td></tr><tr><td>408467006</td><td>Adult mental illness</td><td/></tr><tr><td>394577000</td><td>Anesthetics</td><td/></tr><tr><td>394578005</td><td>Audiological medicine</td><td/></tr><tr><td>421661004</td><td>Blood banking and transfusion medicine</td><td/></tr><tr><td>408462000</td><td>Burns care</td><td/></tr><tr><td>394579002</td><td>Cardiology</td><td/></tr><tr><td>394804000</td><td>Clinical cytogenetics and molecular genetics</td><td/></tr><tr><td>394580004</td><td>Clinical genetics</td><td/></tr><tr><td>394803006</td><td>Clinical hematology</td><td/></tr><tr><td>408480009</td><td>Clinical immunology</td><td/></tr><tr><td>408454008</td><td>Clinical microbiology</td><td/></tr><tr><td>394809005</td><td>Clinical neuro-physiology</td><td/></tr><tr><td>394592004</td><td>Clinical oncology</td><td/></tr><tr><td>394600006</td><td>Clinical pharmacology</td><td/></tr><tr><td>394601005</td><td>Clinical physiology</td><td/></tr><tr><td>394581000</td><td>Community medicine</td><td/></tr><tr><td>408478003</td><td>Critical care medicine</td><td/></tr><tr><td>394812008</td><td>Dental medicine specialties</td><td/></tr><tr><td>408444009</td><td>Dental-General dental practice</td><td/></tr><tr><td>394582007</td><td>Dermatology</td><td/></tr><tr><td>408475000</td><td>Diabetic medicine</td><td/></tr><tr><td>410005002</td><td>Dive medicine</td><td/></tr><tr><td>394583002</td><td>Endocrinology</td><td/></tr><tr><td>419772000</td><td>Family practice</td><td/></tr><tr><td>394584008</td><td>Gastroenterology</td><td/></tr><tr><td>408443003</td><td>General medical practice</td><td/></tr><tr><td>394802001</td><td>General medicine</td><td/></tr><tr><td>394915009</td><td>General pathology</td><td/></tr><tr><td>394814009</td><td>General practice</td><td/></tr><tr><td>394808002</td><td>Genito-urinary medicine</td><td/></tr><tr><td>394811001</td><td>Geriatric medicine</td><td/></tr><tr><td>408446006</td><td>Gynecological oncology</td><td/></tr><tr><td>394586005</td><td>Gynecology</td><td/></tr><tr><td>394916005</td><td>Hematopathology</td><td/></tr><tr><td>408472002</td><td>Hepatology</td><td/></tr><tr><td>394597005</td><td>Histopathology</td><td/></tr><tr><td>394598000</td><td>Immunopathology</td><td/></tr><tr><td>394807007</td><td>Infectious diseases</td><td/></tr><tr><td>419192003</td><td>Internal medicine</td><td/></tr><tr><td>408468001</td><td>Learning disability</td><td/></tr><tr><td>394593009</td><td>Medical oncology</td><td/></tr><tr><td>394813003</td><td>Medical ophthalmology</td><td/></tr><tr><td>410001006</td><td>Military medicine</td><td/></tr><tr><td>394589003</td><td>Nephrology</td><td/></tr><tr><td>394591006</td><td>Neurology</td><td/></tr><tr><td>394599008</td><td>Neuropathology</td><td/></tr><tr><td>394649004</td><td>Nuclear medicine</td><td/></tr><tr><td>408470005</td><td>Obstetrics</td><td/></tr><tr><td>394585009</td><td>Obstetrics and gynecology</td><td/></tr><tr><td>394821009</td><td>Occupational medicine</td><td/></tr><tr><td>422191005</td><td>Ophthalmic surgery</td><td/></tr><tr><td>394594003</td><td>Ophthalmology</td><td/></tr><tr><td>416304004</td><td>Osteopathic manipulative medicine</td><td/></tr><tr><td>418960008</td><td>Otolaryngology</td><td/></tr><tr><td>394882004</td><td>Pain management</td><td/></tr><tr><td>394806003</td><td>Palliative medicine</td><td/></tr><tr><td>394588006</td><td>Pediatric (Child and adolescent) psychiatry</td><td/></tr><tr><td>408459003</td><td>Pediatric cardiology</td><td/></tr><tr><td>394607009</td><td>Pediatric dentistry</td><td/></tr><tr><td>419610006</td><td>Pediatric endocrinology</td><td/></tr><tr><td>418058008</td><td>Pediatric gastroenterology</td><td/></tr><tr><td>420208008</td><td>Pediatric genetics</td><td/></tr><tr><td>418652005</td><td>Pediatric hematology</td><td/></tr><tr><td>418535003</td><td>Pediatric immunology</td><td/></tr><tr><td>418862001</td><td>Pediatric infectious diseases</td><td/></tr><tr><td>419365004</td><td>Pediatric nephrology</td><td/></tr><tr><td>418002000</td><td>Pediatric oncology</td><td/></tr><tr><td>419983000</td><td>Pediatric ophthalmology</td><td/></tr><tr><td>419170002</td><td>Pediatric pulmonology</td><td/></tr><tr><td>419472004</td><td>Pediatric rheumatology</td><td/></tr><tr><td>394539006</td><td>Pediatric surgery</td><td/></tr><tr><td>420112009</td><td>Pediatric surgery-bone marrow transplantation</td><td/></tr><tr><td>409968004</td><td>Preventive medicine</td><td/></tr><tr><td>394587001</td><td>Psychiatry</td><td/></tr><tr><td>394913002</td><td>Psychotherapy</td><td/></tr><tr><td>408440000</td><td>Public health medicine</td><td/></tr><tr><td>418112009</td><td>Pulmonary medicine</td><td/></tr><tr><td>419815003</td><td>Radiation oncology</td><td/></tr><tr><td>394914008</td><td>Radiology</td><td/></tr><tr><td>408455009</td><td>Radiology-Interventional radiology  </td><td/></tr><tr><td>394602003</td><td>Rehabilitation</td><td/></tr><tr><td>408447002</td><td>Respite care</td><td/></tr><tr><td>394810000</td><td>Rheumatology</td><td/></tr><tr><td>408450004</td><td>Sleep studies</td><td/></tr><tr><td>408476004</td><td>Surgery-Bone and marrow transplantation</td><td/></tr><tr><td>408469009</td><td>Surgery-Breast surgery</td><td/></tr><tr><td>408466002</td><td>Surgery-Cardiac surgery</td><td/></tr><tr><td>408471009</td><td>Surgery-Cardiothoracic transplantation</td><td/></tr><tr><td>408464004</td><td>Surgery-Colorectal surgery</td><td/></tr><tr><td>408441001</td><td>Surgery-Dental-Endodontics</td><td/></tr><tr><td>408465003</td><td>Surgery-Dental-Oral and maxillofacial surgery</td><td/></tr><tr><td>394605001</td><td>Surgery-Dental-Oral surgery</td><td/></tr><tr><td>394608004</td><td>Surgery-Dental-Orthodontics</td><td/></tr><tr><td>408461007</td><td>Surgery-Dental-Periodontal surgery</td><td/></tr><tr><td>408460008</td><td>Surgery-Dental-Prosthetic dentistry (Prosthodontics)</td><td/></tr><tr><td>408460008</td><td>Surgery-Dental-surgical-Prosthodontics</td><td/></tr><tr><td>394606000</td><td>Surgery-Dentistry-Restorative dentistry</td><td/></tr><tr><td>408449004</td><td>Surgery-Dentistry--surgical</td><td/></tr><tr><td>394608004</td><td>Surgery-Dentistry-surgical-Orthodontics</td><td/></tr><tr><td>418018006</td><td>Surgery-Dermatologic surgery</td><td/></tr><tr><td>394604002</td><td>Surgery-Ear, nose and throat surgery</td><td/></tr><tr><td>394609007</td><td>Surgery-general</td><td/></tr><tr><td>408474001</td><td>Surgery-Hepatobiliary and pancreatic surgery</td><td/></tr><tr><td>394610002</td><td>Surgery-Neurosurgery</td><td/></tr><tr><td>394611003</td><td>Surgery-Plastic surgery</td><td/></tr><tr><td>408477008</td><td>Surgery-Transplantation surgery</td><td/></tr><tr><td>394801008</td><td>Surgery-Trauma and orthopedics</td><td/></tr><tr><td>408463005</td><td>Surgery-Vascular</td><td/></tr><tr><td>419321007</td><td>Surgical oncology</td><td/></tr><tr><td>394576009</td><td>Surgical-Accident &amp; emergency</td><td/></tr><tr><td>394590007</td><td>Thoracic medicine</td><td/></tr><tr><td>409967009</td><td>Toxicology </td><td/></tr><tr><td>408448007</td><td>Tropical medicine</td><td/></tr><tr><td>419043006</td><td>Urological oncology</td><td/></tr><tr><td>394612005</td><td>Urology</td><td/></tr><tr><td>394733009</td><td>Medical specialty--OTHER--NOT LISTED</td><td/></tr><tr><td>394732004</td><td>Surgical specialty--OTHER-NOT LISTED</td><td/></tr></table></li></ul></div>"
  },
  "extension": [
    {
      "url": "http://hl7.org/fhir/StructureDefinition/valueset-oid",
      "valueUri": "urn:oid:2.16.840.1.113883.3.88.12.80.72"
    },
    {
      "url": "http://hl7.org/fhir/StructureDefinition/valueset-oid",
      "valueUri": "urn:oid:2.16.840.1.113883.4.642.2.1769"
    }
  ],
  "url": "http://hl7.org/fhir/vs/c80-practice-codes",
  "version": "20091109",
  "name": "Practice Setting Code Value Set",
  "publisher": "HITSP",
  "description": "This is the code representing the clinical specialty of the clinician or provider who     interacted with, treated, or provided a service to/for the patient. The value set used for clinical specialty     has been limited by HITSP to the value set reproduced from HITSP C80 Table 2-149 Clinical Specialty Value Set Definition.",
  "copyright": "This value set includes content from SNOMED CT, which is copyright © 2002+ International    Health Terminology Standards Development Organisation (IHTSDO), and distributed by agreement    between IHTSDO and HL7. Implementer use of SNOMED CT is not covered by this agreement",
  "status": "active",
  "experimental": false,
  "compose": {
    "include": [
      {
        "system": "http://snomed.info/sct",
        "concept": [
          {
            "code": "408467006",
            "display": "Adult mental illness"
          },
          {
            "code": "394577000",
            "display": "Anesthetics"
          },
          {
            "code": "394578005",
            "display": "Audiological medicine"
          },
          {
            "code": "421661004",
            "display": "Blood banking and transfusion medicine"
          },
          {
            "code": "408462000",
            "display": "Burns care"
          },
          {
            "code": "394579002",
            "display": "Cardiology"
          },
          {
            "code": "394804000",
            "display": "Clinical cytogenetics and molecular genetics"
          },
          {
            "code": "394580004",
            "display": "Clinical genetics"
          },
          {
            "code": "394803006",
            "display": "Clinical hematology"
          },
          {
            "code": "408480009",
            "display": "Clinical immunology"
          },
          {
            "code": "408454008",
            "display": "Clinical microbiology"
          },
          {
            "code": "394809005",
            "display": "Clinical neuro-physiology"
          },
          {
            "code": "394592004",
            "display": "Clinical oncology"
          },
          {
            "code": "394600006",
            "display": "Clinical pharmacology"
          },
          {
            "code": "394601005",
            "display": "Clinical physiology"
          },
          {
            "code": "394581000",
            "display": "Community medicine"
          },
          {
            "code": "408478003",
            "display": "Critical care medicine"
          },
          {
            "code": "394812008",
            "display": "Dental medicine specialties"
          },
          {
            "code": "408444009",
            "display": "Dental-General dental practice"
          },
          {
            "code": "394582007",
            "display": "Dermatology"
          },
          {
            "code": "408475000",
            "display": "Diabetic medicine"
          },
          {
            "code": "410005002",
            "display": "Dive medicine"
          },
          {
            "code": "394583002",
            "display": "Endocrinology"
          },
          {
            "code": "419772000",
            "display": "Family practice"
          },
          {
            "code": "394584008",
            "display": "Gastroenterology"
          },
          {
            "code": "408443003",
            "display": "General medical practice"
          },
          {
            "code": "394802001",
            "display": "General medicine"
          },
          {
            "code": "394915009",
            "display": "General pathology"
          },
          {
            "code": "394814009",
            "display": "General practice"
          },
          {
            "code": "394808002",
            "display": "Genito-urinary medicine"
          },
          {
            "code": "394811001",
            "display": "Geriatric medicine"
          },
          {
            "code": "408446006",
            "display": "Gynecological oncology"
          },
          {
            "code": "394586005",
            "display": "Gynecology"
          },
          {
            "code": "394916005",
            "display": "Hematopathology"
          },
          {
            "code": "408472002",
            "display": "Hepatology"
          },
          {
            "code": "394597005",
            "display": "Histopathology"
          },
          {
            "code": "394598000",
            "display": "Immunopathology"
          },
          {
            "code": "394807007",
            "display": "Infectious diseases"
          },
          {
            "code": "419192003",
            "display": "Internal medicine"
          },
          {
            "code": "408468001",
            "display": "Learning disability"
          },
          {
            "code": "394593009",
            "display": "Medical oncology"
          },
          {
            "code": "394813003",
            "display": "Medical ophthalmology"
          },
          {
            "code": "410001006",
            "display": "Military medicine"
          },
          {
            "code": "394589003",
            "display": "Nephrology"
          },
          {
            "code": "394591006",
            "display": "Neurology"
          },
          {
            "code": "394599008",
            "display": "Neuropathology"
          },
          {
            "code": "394649004",
            "display": "Nuclear medicine"
          },
          {
            "code": "408470005",
            "display": "Obstetrics"
          },
          {
            "code": "394585009",
            "display": "Obstetrics and gynecology"
          },
          {
            "code": "394821009",
            "display": "Occupational medicine"
          },
          {
            "code": "422191005",
            "display": "Ophthalmic surgery"
          },
          {
            "code": "394594003",
            "display": "Ophthalmology"
          },
          {
            "code": "416304004",
            "display": "Osteopathic manipulative medicine"
          },
          {
            "code": "418960008",
            "display": "Otolaryngology"
          },
          {
            "code": "394882004",
            "display": "Pain management"
          },
          {
            "code": "394806003",
            "display": "Palliative medicine"
          },
          {
            "code": "394588006",
            "display": "Pediatric (Child and adolescent) psychiatry"
          },
          {
            "code": "408459003",
            "display": "Pediatric cardiology"
          },
          {
            "code": "394607009",
            "display": "Pediatric dentistry"
          },
          {
            "code": "419610006",
            "display": "Pediatric endocrinology"
          },
          {
            "code": "418058008",
            "display": "Pediatric gastroenterology"
          },
          {
            "code": "420208008",
            "display": "Pediatric genetics"
          },
          {
            "code": "418652005",
            "display": "Pediatric hematology"
          },
          {
            "code": "418535003",
            "display": "Pediatric immunology"
          },
          {
            "code": "418862001",
            "display": "Pediatric infectious diseases"
          },
          {
            "code": "419365004",
            "display": "Pediatric nephrology"
          },
          {
            "code": "418002000",
            "display": "Pediatric oncology"
          },
          {
            "code": "419983000",
            "display": "Pediatric ophthalmology"
          },
          {
            "code": "419170002",
            "display": "Pediatric pulmonology"
          },
          {
            "code": "419472004",
            "display": "Pediatric rheumatology"
          },
          {
            "code": "394539006",
            "display": "Pediatric surgery"
          },
          {
            "code": "420112009",
            "display": "Pediatric surgery-bone marrow transplantation"
          },
          {
            "code": "409968004",
            "display": "Preventive medicine"
          },
          {
            "code": "394587001",
            "display": "Psychiatry"
          },
          {
            "code": "394913002",
            "display": "Psychotherapy"
          },
          {
            "code": "408440000",
            "display": "Public health medicine"
          },
          {
            "code": "418112009",
            "display": "Pulmonary medicine"
          },
          {
            "code": "419815003",
            "display": "Radiation oncology"
          },
          {
            "code": "394914008",
            "display": "Radiology"
          },
          {
            "code": "408455009",
            "display": "Radiology-Interventional radiology  "
          },
          {
            "code": "394602003",
            "display": "Rehabilitation"
          },
          {
            "code": "408447002",
            "display": "Respite care"
          },
          {
            "code": "394810000",
            "display": "Rheumatology"
          },
          {
            "code": "408450004",
            "display": "Sleep studies"
          },
          {
            "code": "408476004",
            "display": "Surgery-Bone and marrow transplantation"
          },
          {
            "code": "408469009",
            "display": "Surgery-Breast surgery"
          },
          {
            "code": "408466002",
            "display": "Surgery-Cardiac surgery"
          },
          {
            "code": "408471009",
            "display": "Surgery-Cardiothoracic transplantation"
          },
          {
            "code": "408464004",
            "display": "Surgery-Colorectal surgery"
          },
          {
            "code": "408441001",
            "display": "Surgery-Dental-Endodontics"
          },
          {
            "code": "408465003",
            "display": "Surgery-Dental-Oral and maxillofacial surgery"
          },
          {
            "code": "394605001",
            "display": "Surgery-Dental-Oral surgery"
          },
          {
            "code": "394608004",
            "display": "Surgery-Dental-Orthodontics"
          },
          {
            "code": "408461007",
            "display": "Surgery-Dental-Periodontal surgery"
          },
          {
            "code": "408460008",
            "display": "Surgery-Dental-Prosthetic dentistry (Prosthodontics)"
          },
          {
            "code": "408460008",
            "display": "Surgery-Dental-surgical-Prosthodontics"
          },
          {
            "code": "394606000",
            "display": "Surgery-Dentistry-Restorative dentistry"
          },
          {
            "code": "408449004",
            "display": "Surgery-Dentistry--surgical"
          },
          {
            "code": "394608004",
            "display": "Surgery-Dentistry-surgical-Orthodontics"
          },
          {
            "code": "418018006",
            "display": "Surgery-Dermatologic surgery"
          },
          {
            "code": "394604002",
            "display": "Surgery-Ear, nose and throat surgery"
          },
          {
            "code": "394609007",
            "display": "Surgery-general"
          },
          {
            "code": "408474001",
            "display": "Surgery-Hepatobiliary and pancreatic surgery"
          },
          {
            "code": "394610002",
            "display": "Surgery-Neurosurgery"
          },
          {
            "code": "394611003",
            "display": "Surgery-Plastic surgery"
          },
          {
            "code": "408477008",
            "display": "Surgery-Transplantation surgery"
          },
          {
            "code": "394801008",
            "display": "Surgery-Trauma and orthopedics"
          },
          {
            "code": "408463005",
            "display": "Surgery-Vascular"
          },
          {
            "code": "419321007",
            "display": "Surgical oncology"
          },
          {
            "code": "394576009",
            "display": "Surgical-Accident & emergency"
          },
          {
            "code": "394590007",
            "display": "Thoracic medicine"
          },
          {
            "code": "409967009",
            "display": "Toxicology "
          },
          {
            "code": "408448007",
            "display": "Tropical medicine"
          },
          {
            "code": "419043006",
            "display": "Urological oncology"
          },
          {
            "code": "394612005",
            "display": "Urology"
          },
          {
            "code": "394733009",
            "display": "Medical specialty--OTHER--NOT LISTED"
          },
          {
            "code": "394732004",
            "display": "Surgical specialty--OTHER-NOT LISTED"
          }
        ]
      }
    ]
  }
}