{
  "resourceType": "ValueSet",
  "id": "valueset-payment-type",
  "meta": {
    "lastUpdated": "2015-03-23T23:56:59.139+00:00",
    "profile": [
      "http://hl7.org/fhir/StructureDefinition/valueset-shareable-definition"
    ]
  },
  "text": {
    "status": "generated",
    "div": "<div>\n      This value set includes sample Payment Type codes.\n    <hr/><p>This value set contains 3 concepts</p><h2>Payment Type Codes</h2><p>This value set includes sample Contract Type codes.</p><p><b>Copyright Statement:</b> This is an example set</p><p>This value set defines its own terms in the system http://hl7.org/fhir/contracttypecodes</p><table class=\"codes\"><tr><td><b>Code</b></td><td><b>Definition</b></td></tr><tr><td>payment<a name=\"payment\"> </a></td><td/></tr><tr><td>adjustment<a name=\"adjustment\"> </a></td><td/></tr><tr><td>advance<a name=\"advance\"> </a></td><td/></tr></table></div>"
  },
  "extension": [
    {
      "url": "http://hl7.org/fhir/StructureDefinition/valueset-oid",
      "valueUri": "urn:oid:2.16.840.1.113883.4.642.2.527"
    }
  ],
  "url": "http://hl7.org/fhir/vs/payment-type",
  "version": "0.4.0",
  "name": "Payment Type Codes",
  "publisher": "Financial Management",
  "contact": [
    {
      "telecom": [
        {
          "system": "url",
          "value": "http://hl7.org/fhir"
        }
      ]
    }
  ],
  "description": "This value set includes sample Contract Type codes.",
  "copyright": "This is an example set",
  "status": "draft",
  "experimental": true,
  "define": {
    "extension": [
      {
        "url": "http://hl7.org/fhir/StructureDefinition/valueset-oid",
        "valueUri": "urn:oid:null"
      }
    ],
    "system": "http://hl7.org/fhir/contracttypecodes",
    "caseSensitive": true,
    "concept": [
      {
        "code": "payment"
      },
      {
        "code": "adjustment"
      },
      {
        "code": "advance"
      }
    ]
  }
}