{
  "resourceType": "ValueSet",
  "id": "valueset-encounter-special-courtesy",
  "meta": {
    "lastUpdated": "2015-03-23T23:56:59.139+00:00",
    "profile": [
      "http://hl7.org/fhir/StructureDefinition/valueset-shareable-definition"
    ]
  },
  "text": {
    "status": "generated",
    "div": "<div><p>This value set contains 6 concepts</p><h2>SpecialCourtesy</h2><p>This value set defines a set of codes that can be used to indicate special courtesies provided to the patient.</p><p>This value set includes codes defined in other code systems, using the following rules:</p><ul><li>Include these codes as defined in <a href=\"v3/EncounterSpecialCourtesy/index.html\">http://hl7.org/fhir/v3/EncounterSpecialCourtesy</a><table><tr><td><b>Code</b></td><td><b>Display</b></td></tr><tr><td>EXT</td><td>extended courtesy</td><td>extended courtesy</td></tr><tr><td>NRM</td><td>normal courtesy</td><td>normal courtesy</td></tr><tr><td>PRF</td><td>professional courtesy</td><td>professional courtesy</td></tr><tr><td>STF</td><td>staff</td><td>Courtesies extended to the staff of the entity providing service.</td></tr><tr><td>VIP</td><td>very important person</td><td>very important person</td></tr></table></li><li>Include these codes as defined in <a href=\"v3/NullFlavor/index.html\">http://hl7.org/fhir/v3/NullFlavor</a><table><tr><td><b>Code</b></td><td><b>Display</b></td></tr><tr><td>UNK</td><td>unknown</td><td>Description:A proper value is applicable, but not known.<br/>\n                        \n                           Usage Notes: This means the actual value is not known.  If the only thing that is unknown is how to properly express the value in the necessary constraints (value set, datatype, etc.), then the OTH or UNC flavor should be used.  No properties should be included for a datatype with this property unless:<br/>\n                        \n                           Those properties themselves directly translate to a semantic of &quot;unknown&quot;.  (E.g. a local code sent as a translation that conveys 'unknown')\n                           Those properties further qualify the nature of what is unknown.  (E.g. specifying a use code of &quot;H&quot; and a URL prefix of &quot;tel:&quot; to convey that it is the home phone number that is unknown.)</td></tr></table></li></ul></div>"
  },
  "extension": [
    {
      "url": "http://hl7.org/fhir/StructureDefinition/valueset-oid",
      "valueUri": "urn:oid:2.16.840.1.113883.4.642.2.184"
    }
  ],
  "url": "http://hl7.org/fhir/vs/encounter-special-courtesy",
  "version": "0.4.0",
  "name": "SpecialCourtesy",
  "publisher": "FHIR Project team",
  "contact": [
    {
      "telecom": [
        {
          "system": "url",
          "value": "http://hl7.org/fhir"
        }
      ]
    }
  ],
  "description": "This value set defines a set of codes that can be used to indicate special courtesies provided to the patient.",
  "status": "draft",
  "experimental": true,
  "compose": {
    "include": [
      {
        "system": "http://hl7.org/fhir/v3/EncounterSpecialCourtesy",
        "concept": [
          {
            "code": "EXT"
          },
          {
            "code": "NRM"
          },
          {
            "code": "PRF"
          },
          {
            "code": "STF"
          },
          {
            "code": "VIP"
          }
        ]
      },
      {
        "system": "http://hl7.org/fhir/v3/NullFlavor",
        "concept": [
          {
            "code": "UNK"
          }
        ]
      }
    ]
  }
}