{
  "resourceType": "ValueSet",
  "id": "valueset-supply-status",
  "meta": {
    "lastUpdated": "2015-03-23T23:56:59.139+00:00",
    "profile": [
      "http://hl7.org/fhir/StructureDefinition/valueset-shareable-definition"
    ]
  },
  "text": {
    "status": "generated",
    "div": "<div><p>This value set contains 5 concepts</p><h2>SupplyStatus</h2><p>Status of the supply</p><p>This value set defines its own terms in the system http://hl7.org/fhir/valueset-supply-status</p><table class=\"codes\"><tr><td><b>Code</b></td><td><b>Display</b></td><td><b>Definition</b></td></tr><tr><td>requested<a name=\"requested\"> </a></td><td>Requested</td><td>Supply has been requested, but not dispensed.</td></tr><tr><td>dispensed<a name=\"dispensed\"> </a></td><td>Dispensed</td><td>Supply is part of a pharmacy order and has been dispensed.</td></tr><tr><td>received<a name=\"received\"> </a></td><td>Received</td><td>Supply has been received by the requestor.</td></tr><tr><td>failed<a name=\"failed\"> </a></td><td>Failed</td><td>The supply will not be completed because the supplier was unable or unwilling to supply the item.</td></tr><tr><td>cancelled<a name=\"cancelled\"> </a></td><td>Cancelled</td><td>The orderer of the supply cancelled the request.</td></tr></table></div>"
  },
  "extension": [
    {
      "url": "http://hl7.org/fhir/StructureDefinition/valueset-oid",
      "valueUri": "urn:oid:2.16.840.1.113883.4.642.2.260"
    }
  ],
  "url": "http://hl7.org/fhir/vs/valueset-supply-status",
  "version": "0.4.0",
  "name": "SupplyStatus",
  "publisher": "HL7 (FHIR Project)",
  "contact": [
    {
      "telecom": [
        {
          "system": "url",
          "value": "http://hl7.org/fhir"
        },
        {
          "system": "email",
          "value": "fhir@lists.hl7.org"
        }
      ]
    }
  ],
  "description": "Status of the supply",
  "status": "draft",
  "experimental": false,
  "date": "2015-03-23T23:56:59+00:00",
  "define": {
    "extension": [
      {
        "url": "http://hl7.org/fhir/StructureDefinition/valueset-oid",
        "valueUri": "urn:oid:2.16.840.1.113883.4.642.1.260"
      }
    ],
    "system": "http://hl7.org/fhir/valueset-supply-status",
    "caseSensitive": true,
    "concept": [
      {
        "code": "requested",
        "display": "Requested",
        "definition": "Supply has been requested, but not dispensed."
      },
      {
        "code": "dispensed",
        "display": "Dispensed",
        "definition": "Supply is part of a pharmacy order and has been dispensed."
      },
      {
        "code": "received",
        "display": "Received",
        "definition": "Supply has been received by the requestor."
      },
      {
        "code": "failed",
        "display": "Failed",
        "definition": "The supply will not be completed because the supplier was unable or unwilling to supply the item."
      },
      {
        "code": "cancelled",
        "display": "Cancelled",
        "definition": "The orderer of the supply cancelled the request."
      }
    ]
  }
}