{
  "resourceType": "ValueSet",
  "id": "valueset-icd-10",
  "meta": {
    "lastUpdated": "2015-03-23T23:56:59.139+00:00",
    "profile": [
      "http://hl7.org/fhir/StructureDefinition/valueset-shareable-definition"
    ]
  },
  "text": {
    "status": "generated",
    "div": "<div>\n      This value set includes sample ICD 10 codes.\n    <hr/><p>This value set contains 6 concepts</p><h2>ICD-10 Codes</h2><p>This value set includes sample ICD-10 codes.</p><p><b>Copyright Statement:</b> This is an example set</p><p>This value set defines its own terms in the system http://hl7.org/fhir/icd-10</p><table class=\"codes\"><tr><td><b>Code</b></td><td><b>Definition</b></td></tr><tr><td>123456<a name=\"123456\"> </a></td><td/></tr><tr><td>987654<a name=\"987654\"> </a></td><td/></tr><tr><td>123987<a name=\"123987\"> </a></td><td/></tr><tr><td>112233<a name=\"112233\"> </a></td><td/></tr><tr><td>997755<a name=\"997755\"> </a></td><td/></tr><tr><td>321789<a name=\"321789\"> </a></td><td/></tr></table></div>"
  },
  "extension": [
    {
      "url": "http://hl7.org/fhir/StructureDefinition/valueset-oid",
      "valueUri": "urn:oid:2.16.840.1.113883.4.642.2.450"
    }
  ],
  "url": "http://hl7.org/fhir/vs/icd-10",
  "version": "0.4.0",
  "name": "ICD-10 Codes",
  "publisher": "Financial Management",
  "contact": [
    {
      "telecom": [
        {
          "system": "url",
          "value": "http://hl7.org/fhir"
        }
      ]
    }
  ],
  "description": "This value set includes sample ICD-10 codes.",
  "copyright": "This is an example set",
  "status": "draft",
  "experimental": true,
  "define": {
    "extension": [
      {
        "url": "http://hl7.org/fhir/StructureDefinition/valueset-oid",
        "valueUri": "urn:oid:null"
      }
    ],
    "system": "http://hl7.org/fhir/icd-10",
    "caseSensitive": true,
    "concept": [
      {
        "code": "123456"
      },
      {
        "code": "987654"
      },
      {
        "code": "123987"
      },
      {
        "code": "112233"
      },
      {
        "code": "997755"
      },
      {
        "code": "321789"
      }
    ]
  }
}