{
  "resourceType": "ValueSet",
  "id": "valueset-practitioner-specialty",
  "meta": {
    "lastUpdated": "2015-03-23T23:56:59.139+00:00",
    "profile": [
      "http://hl7.org/fhir/StructureDefinition/valueset-shareable-definition"
    ]
  },
  "text": {
    "status": "generated",
    "div": "<div><p>This value set contains 5 concepts</p><h2>PractitionerSpecialty</h2><p>This example value set defines a set of codes that can be used to indicate the specialty of a Practitioner</p><p>This value set defines its own terms in the system http://hl7.org/fhir/practitioner-specialty</p><table class=\"codes\"><tr><td><b>Code</b></td><td><b>Display</b></td><td><b>Definition</b></td></tr><tr><td>cardio<a name=\"cardio\"> </a></td><td>Cardiologist</td><td/></tr><tr><td>dent<a name=\"dent\"> </a></td><td>Dentist</td><td/></tr><tr><td>dietary<a name=\"dietary\"> </a></td><td>Dietary consultant</td><td/></tr><tr><td>midw<a name=\"midw\"> </a></td><td>Midwife</td><td/></tr><tr><td>sysarch<a name=\"sysarch\"> </a></td><td>Systems architect</td><td/></tr></table></div>"
  },
  "extension": [
    {
      "url": "http://hl7.org/fhir/StructureDefinition/valueset-oid",
      "valueUri": "urn:oid:2.16.840.1.113883.4.642.2.155"
    }
  ],
  "url": "http://hl7.org/fhir/vs/practitioner-specialty",
  "version": "0.4.0",
  "name": "PractitionerSpecialty",
  "publisher": "FHIR Project team",
  "contact": [
    {
      "telecom": [
        {
          "system": "url",
          "value": "http://hl7.org/fhir"
        }
      ]
    }
  ],
  "description": "This example value set defines a set of codes that can be used to indicate the specialty of a Practitioner",
  "status": "draft",
  "experimental": true,
  "define": {
    "extension": [
      {
        "url": "http://hl7.org/fhir/StructureDefinition/valueset-oid",
        "valueUri": "urn:oid:null"
      }
    ],
    "system": "http://hl7.org/fhir/practitioner-specialty",
    "caseSensitive": true,
    "concept": [
      {
        "code": "cardio",
        "display": "Cardiologist"
      },
      {
        "code": "dent",
        "display": "Dentist"
      },
      {
        "code": "dietary",
        "display": "Dietary consultant"
      },
      {
        "code": "midw",
        "display": "Midwife"
      },
      {
        "code": "sysarch",
        "display": "Systems architect"
      }
    ]
  }
}